[2025-11-08T06:34:37.079+0000] {processor.py:157} INFO - Started process (PID=163) to work on /opt/airflow/dags/dbt_dag.py
[2025-11-08T06:34:37.080+0000] {processor.py:829} INFO - Processing file /opt/airflow/dags/dbt_dag.py for tasks to queue
[2025-11-08T06:34:37.083+0000] {logging_mixin.py:151} INFO - [2025-11-08T06:34:37.082+0000] {dagbag.py:539} INFO - Filling up the DagBag from /opt/airflow/dags/dbt_dag.py
[2025-11-08T06:34:37.151+0000] {processor.py:839} INFO - DAG(s) dict_keys(['dbt_transform']) retrieved from /opt/airflow/dags/dbt_dag.py
[2025-11-08T06:34:37.234+0000] {logging_mixin.py:151} INFO - [2025-11-08T06:34:37.234+0000] {dag.py:2915} INFO - Sync 1 DAGs
[2025-11-08T06:34:37.287+0000] {logging_mixin.py:151} INFO - [2025-11-08T06:34:37.287+0000] {dag.py:3696} INFO - Setting next_dagrun for dbt_transform to 2025-11-08T06:34:35.128224+00:00, run_after=2025-11-08T06:39:35.128224+00:00
[2025-11-08T06:34:37.320+0000] {processor.py:179} INFO - Processing /opt/airflow/dags/dbt_dag.py took 0.260 seconds
[2025-11-08T06:35:07.505+0000] {processor.py:157} INFO - Started process (PID=195) to work on /opt/airflow/dags/dbt_dag.py
[2025-11-08T06:35:07.507+0000] {processor.py:829} INFO - Processing file /opt/airflow/dags/dbt_dag.py for tasks to queue
[2025-11-08T06:35:07.514+0000] {logging_mixin.py:151} INFO - [2025-11-08T06:35:07.513+0000] {dagbag.py:539} INFO - Filling up the DagBag from /opt/airflow/dags/dbt_dag.py
[2025-11-08T06:35:07.581+0000] {processor.py:839} INFO - DAG(s) dict_keys(['dbt_transform']) retrieved from /opt/airflow/dags/dbt_dag.py
[2025-11-08T06:35:07.668+0000] {logging_mixin.py:151} INFO - [2025-11-08T06:35:07.668+0000] {dag.py:2915} INFO - Sync 1 DAGs
[2025-11-08T06:35:07.713+0000] {logging_mixin.py:151} INFO - [2025-11-08T06:35:07.713+0000] {dag.py:3696} INFO - Setting next_dagrun for dbt_transform to 2025-11-08T06:34:35.128224+00:00, run_after=2025-11-08T06:39:35.128224+00:00
[2025-11-08T06:35:07.740+0000] {processor.py:179} INFO - Processing /opt/airflow/dags/dbt_dag.py took 0.247 seconds
[2025-11-08T06:35:38.034+0000] {processor.py:157} INFO - Started process (PID=200) to work on /opt/airflow/dags/dbt_dag.py
[2025-11-08T06:35:38.035+0000] {processor.py:829} INFO - Processing file /opt/airflow/dags/dbt_dag.py for tasks to queue
[2025-11-08T06:35:38.036+0000] {logging_mixin.py:151} INFO - [2025-11-08T06:35:38.036+0000] {dagbag.py:539} INFO - Filling up the DagBag from /opt/airflow/dags/dbt_dag.py
[2025-11-08T06:35:38.068+0000] {processor.py:839} INFO - DAG(s) dict_keys(['dbt_transform']) retrieved from /opt/airflow/dags/dbt_dag.py
[2025-11-08T06:35:38.100+0000] {logging_mixin.py:151} INFO - [2025-11-08T06:35:38.100+0000] {dag.py:2915} INFO - Sync 1 DAGs
[2025-11-08T06:35:38.125+0000] {logging_mixin.py:151} INFO - [2025-11-08T06:35:38.125+0000] {dag.py:3696} INFO - Setting next_dagrun for dbt_transform to 2025-11-08T06:34:35.128224+00:00, run_after=2025-11-08T06:39:35.128224+00:00
[2025-11-08T06:35:38.752+0000] {processor.py:179} INFO - Processing /opt/airflow/dags/dbt_dag.py took 0.723 seconds
[2025-11-08T06:36:09.072+0000] {processor.py:157} INFO - Started process (PID=205) to work on /opt/airflow/dags/dbt_dag.py
[2025-11-08T06:36:09.072+0000] {processor.py:829} INFO - Processing file /opt/airflow/dags/dbt_dag.py for tasks to queue
[2025-11-08T06:36:09.073+0000] {logging_mixin.py:151} INFO - [2025-11-08T06:36:09.073+0000] {dagbag.py:539} INFO - Filling up the DagBag from /opt/airflow/dags/dbt_dag.py
[2025-11-08T06:36:09.096+0000] {processor.py:839} INFO - DAG(s) dict_keys(['dbt_transform']) retrieved from /opt/airflow/dags/dbt_dag.py
[2025-11-08T06:36:09.126+0000] {logging_mixin.py:151} INFO - [2025-11-08T06:36:09.126+0000] {dag.py:2915} INFO - Sync 1 DAGs
[2025-11-08T06:36:09.304+0000] {logging_mixin.py:151} INFO - [2025-11-08T06:36:09.304+0000] {dag.py:3696} INFO - Setting next_dagrun for dbt_transform to 2025-11-08T06:34:35.128224+00:00, run_after=2025-11-08T06:39:35.128224+00:00
[2025-11-08T06:36:09.323+0000] {processor.py:179} INFO - Processing /opt/airflow/dags/dbt_dag.py took 0.254 seconds
[2025-11-08T06:36:39.505+0000] {processor.py:157} INFO - Started process (PID=210) to work on /opt/airflow/dags/dbt_dag.py
[2025-11-08T06:36:39.506+0000] {processor.py:829} INFO - Processing file /opt/airflow/dags/dbt_dag.py for tasks to queue
[2025-11-08T06:36:39.507+0000] {logging_mixin.py:151} INFO - [2025-11-08T06:36:39.506+0000] {dagbag.py:539} INFO - Filling up the DagBag from /opt/airflow/dags/dbt_dag.py
[2025-11-08T06:36:39.522+0000] {processor.py:839} INFO - DAG(s) dict_keys(['dbt_transform']) retrieved from /opt/airflow/dags/dbt_dag.py
[2025-11-08T06:36:39.548+0000] {logging_mixin.py:151} INFO - [2025-11-08T06:36:39.548+0000] {dag.py:2915} INFO - Sync 1 DAGs
[2025-11-08T06:36:39.690+0000] {logging_mixin.py:151} INFO - [2025-11-08T06:36:39.690+0000] {dag.py:3696} INFO - Setting next_dagrun for dbt_transform to 2025-11-08T06:34:35.128224+00:00, run_after=2025-11-08T06:39:35.128224+00:00
[2025-11-08T06:36:39.710+0000] {processor.py:179} INFO - Processing /opt/airflow/dags/dbt_dag.py took 0.208 seconds
[2025-11-08T06:37:09.825+0000] {processor.py:157} INFO - Started process (PID=240) to work on /opt/airflow/dags/dbt_dag.py
[2025-11-08T06:37:09.826+0000] {processor.py:829} INFO - Processing file /opt/airflow/dags/dbt_dag.py for tasks to queue
[2025-11-08T06:37:09.827+0000] {logging_mixin.py:151} INFO - [2025-11-08T06:37:09.826+0000] {dagbag.py:539} INFO - Filling up the DagBag from /opt/airflow/dags/dbt_dag.py
[2025-11-08T06:37:09.850+0000] {processor.py:839} INFO - DAG(s) dict_keys(['dbt_transform']) retrieved from /opt/airflow/dags/dbt_dag.py
[2025-11-08T06:37:10.004+0000] {logging_mixin.py:151} INFO - [2025-11-08T06:37:10.004+0000] {dag.py:2915} INFO - Sync 1 DAGs
[2025-11-08T06:37:10.019+0000] {logging_mixin.py:151} INFO - [2025-11-08T06:37:10.018+0000] {dag.py:3696} INFO - Setting next_dagrun for dbt_transform to 2025-11-08T06:34:35.128224+00:00, run_after=2025-11-08T06:39:35.128224+00:00
[2025-11-08T06:37:10.041+0000] {processor.py:179} INFO - Processing /opt/airflow/dags/dbt_dag.py took 0.218 seconds
[2025-11-08T06:37:40.181+0000] {processor.py:157} INFO - Started process (PID=245) to work on /opt/airflow/dags/dbt_dag.py
[2025-11-08T06:37:40.182+0000] {processor.py:829} INFO - Processing file /opt/airflow/dags/dbt_dag.py for tasks to queue
[2025-11-08T06:37:40.183+0000] {logging_mixin.py:151} INFO - [2025-11-08T06:37:40.183+0000] {dagbag.py:539} INFO - Filling up the DagBag from /opt/airflow/dags/dbt_dag.py
[2025-11-08T06:37:40.387+0000] {processor.py:839} INFO - DAG(s) dict_keys(['dbt_transform']) retrieved from /opt/airflow/dags/dbt_dag.py
[2025-11-08T06:37:40.409+0000] {logging_mixin.py:151} INFO - [2025-11-08T06:37:40.409+0000] {dag.py:2915} INFO - Sync 1 DAGs
[2025-11-08T06:37:40.424+0000] {logging_mixin.py:151} INFO - [2025-11-08T06:37:40.423+0000] {dag.py:3696} INFO - Setting next_dagrun for dbt_transform to 2025-11-08T06:34:35.128224+00:00, run_after=2025-11-08T06:39:35.128224+00:00
[2025-11-08T06:37:40.453+0000] {processor.py:179} INFO - Processing /opt/airflow/dags/dbt_dag.py took 0.274 seconds
[2025-11-08T06:38:10.669+0000] {processor.py:157} INFO - Started process (PID=250) to work on /opt/airflow/dags/dbt_dag.py
[2025-11-08T06:38:10.670+0000] {processor.py:829} INFO - Processing file /opt/airflow/dags/dbt_dag.py for tasks to queue
[2025-11-08T06:38:10.671+0000] {logging_mixin.py:151} INFO - [2025-11-08T06:38:10.670+0000] {dagbag.py:539} INFO - Filling up the DagBag from /opt/airflow/dags/dbt_dag.py
[2025-11-08T06:38:10.686+0000] {processor.py:839} INFO - DAG(s) dict_keys(['dbt_transform']) retrieved from /opt/airflow/dags/dbt_dag.py
[2025-11-08T06:38:10.719+0000] {logging_mixin.py:151} INFO - [2025-11-08T06:38:10.719+0000] {dag.py:2915} INFO - Sync 1 DAGs
[2025-11-08T06:38:10.737+0000] {logging_mixin.py:151} INFO - [2025-11-08T06:38:10.737+0000] {dag.py:3696} INFO - Setting next_dagrun for dbt_transform to 2025-11-08T06:34:35.128224+00:00, run_after=2025-11-08T06:39:35.128224+00:00
[2025-11-08T06:38:10.757+0000] {processor.py:179} INFO - Processing /opt/airflow/dags/dbt_dag.py took 0.091 seconds
[2025-11-08T06:38:41.016+0000] {processor.py:157} INFO - Started process (PID=255) to work on /opt/airflow/dags/dbt_dag.py
[2025-11-08T06:38:41.017+0000] {processor.py:829} INFO - Processing file /opt/airflow/dags/dbt_dag.py for tasks to queue
[2025-11-08T06:38:41.018+0000] {logging_mixin.py:151} INFO - [2025-11-08T06:38:41.018+0000] {dagbag.py:539} INFO - Filling up the DagBag from /opt/airflow/dags/dbt_dag.py
[2025-11-08T06:38:41.039+0000] {processor.py:839} INFO - DAG(s) dict_keys(['dbt_transform']) retrieved from /opt/airflow/dags/dbt_dag.py
[2025-11-08T06:38:41.072+0000] {logging_mixin.py:151} INFO - [2025-11-08T06:38:41.072+0000] {dag.py:2915} INFO - Sync 1 DAGs
[2025-11-08T06:38:41.094+0000] {logging_mixin.py:151} INFO - [2025-11-08T06:38:41.093+0000] {dag.py:3696} INFO - Setting next_dagrun for dbt_transform to 2025-11-08T06:34:35.128224+00:00, run_after=2025-11-08T06:39:35.128224+00:00
[2025-11-08T06:38:41.120+0000] {processor.py:179} INFO - Processing /opt/airflow/dags/dbt_dag.py took 0.107 seconds
[2025-11-08T06:39:11.283+0000] {processor.py:157} INFO - Started process (PID=260) to work on /opt/airflow/dags/dbt_dag.py
[2025-11-08T06:39:11.284+0000] {processor.py:829} INFO - Processing file /opt/airflow/dags/dbt_dag.py for tasks to queue
[2025-11-08T06:39:11.285+0000] {logging_mixin.py:151} INFO - [2025-11-08T06:39:11.284+0000] {dagbag.py:539} INFO - Filling up the DagBag from /opt/airflow/dags/dbt_dag.py
[2025-11-08T06:39:11.302+0000] {processor.py:839} INFO - DAG(s) dict_keys(['dbt_transform']) retrieved from /opt/airflow/dags/dbt_dag.py
[2025-11-08T06:39:11.329+0000] {logging_mixin.py:151} INFO - [2025-11-08T06:39:11.329+0000] {dag.py:2915} INFO - Sync 1 DAGs
[2025-11-08T06:39:11.347+0000] {logging_mixin.py:151} INFO - [2025-11-08T06:39:11.347+0000] {dag.py:3696} INFO - Setting next_dagrun for dbt_transform to 2025-11-08T06:34:35.128224+00:00, run_after=2025-11-08T06:39:35.128224+00:00
[2025-11-08T06:39:11.366+0000] {processor.py:179} INFO - Processing /opt/airflow/dags/dbt_dag.py took 0.087 seconds
[2025-11-08T06:39:41.740+0000] {processor.py:157} INFO - Started process (PID=277) to work on /opt/airflow/dags/dbt_dag.py
[2025-11-08T06:39:41.742+0000] {processor.py:829} INFO - Processing file /opt/airflow/dags/dbt_dag.py for tasks to queue
[2025-11-08T06:39:41.748+0000] {logging_mixin.py:151} INFO - [2025-11-08T06:39:41.745+0000] {dagbag.py:539} INFO - Filling up the DagBag from /opt/airflow/dags/dbt_dag.py
[2025-11-08T06:39:41.825+0000] {processor.py:839} INFO - DAG(s) dict_keys(['dbt_transform']) retrieved from /opt/airflow/dags/dbt_dag.py
[2025-11-08T06:39:42.015+0000] {logging_mixin.py:151} INFO - [2025-11-08T06:39:42.014+0000] {dag.py:2915} INFO - Sync 1 DAGs
[2025-11-08T06:39:42.074+0000] {logging_mixin.py:151} INFO - [2025-11-08T06:39:42.073+0000] {dag.py:3696} INFO - Setting next_dagrun for dbt_transform to 2025-11-08T06:39:35.128224+00:00, run_after=2025-11-08T06:44:35.128224+00:00
[2025-11-08T06:39:42.114+0000] {processor.py:179} INFO - Processing /opt/airflow/dags/dbt_dag.py took 0.411 seconds
[2025-11-08T06:40:12.378+0000] {processor.py:157} INFO - Started process (PID=295) to work on /opt/airflow/dags/dbt_dag.py
[2025-11-08T06:40:12.379+0000] {processor.py:829} INFO - Processing file /opt/airflow/dags/dbt_dag.py for tasks to queue
[2025-11-08T06:40:12.379+0000] {logging_mixin.py:151} INFO - [2025-11-08T06:40:12.379+0000] {dagbag.py:539} INFO - Filling up the DagBag from /opt/airflow/dags/dbt_dag.py
[2025-11-08T06:40:12.396+0000] {processor.py:839} INFO - DAG(s) dict_keys(['dbt_transform']) retrieved from /opt/airflow/dags/dbt_dag.py
[2025-11-08T06:40:12.419+0000] {logging_mixin.py:151} INFO - [2025-11-08T06:40:12.418+0000] {dag.py:2915} INFO - Sync 1 DAGs
[2025-11-08T06:40:12.435+0000] {logging_mixin.py:151} INFO - [2025-11-08T06:40:12.435+0000] {dag.py:3696} INFO - Setting next_dagrun for dbt_transform to 2025-11-08T06:39:35.128224+00:00, run_after=2025-11-08T06:44:35.128224+00:00
[2025-11-08T06:40:12.454+0000] {processor.py:179} INFO - Processing /opt/airflow/dags/dbt_dag.py took 0.080 seconds
[2025-11-08T06:40:42.731+0000] {processor.py:157} INFO - Started process (PID=300) to work on /opt/airflow/dags/dbt_dag.py
[2025-11-08T06:40:42.732+0000] {processor.py:829} INFO - Processing file /opt/airflow/dags/dbt_dag.py for tasks to queue
[2025-11-08T06:40:42.733+0000] {logging_mixin.py:151} INFO - [2025-11-08T06:40:42.733+0000] {dagbag.py:539} INFO - Filling up the DagBag from /opt/airflow/dags/dbt_dag.py
[2025-11-08T06:40:42.756+0000] {processor.py:839} INFO - DAG(s) dict_keys(['dbt_transform']) retrieved from /opt/airflow/dags/dbt_dag.py
[2025-11-08T06:40:42.789+0000] {logging_mixin.py:151} INFO - [2025-11-08T06:40:42.789+0000] {dag.py:2915} INFO - Sync 1 DAGs
[2025-11-08T06:40:42.815+0000] {logging_mixin.py:151} INFO - [2025-11-08T06:40:42.814+0000] {dag.py:3696} INFO - Setting next_dagrun for dbt_transform to 2025-11-08T06:39:35.128224+00:00, run_after=2025-11-08T06:44:35.128224+00:00
[2025-11-08T06:40:42.835+0000] {processor.py:179} INFO - Processing /opt/airflow/dags/dbt_dag.py took 0.108 seconds
[2025-11-08T06:41:13.034+0000] {processor.py:157} INFO - Started process (PID=305) to work on /opt/airflow/dags/dbt_dag.py
[2025-11-08T06:41:13.034+0000] {processor.py:829} INFO - Processing file /opt/airflow/dags/dbt_dag.py for tasks to queue
[2025-11-08T06:41:13.035+0000] {logging_mixin.py:151} INFO - [2025-11-08T06:41:13.035+0000] {dagbag.py:539} INFO - Filling up the DagBag from /opt/airflow/dags/dbt_dag.py
[2025-11-08T06:41:13.052+0000] {processor.py:839} INFO - DAG(s) dict_keys(['dbt_transform']) retrieved from /opt/airflow/dags/dbt_dag.py
[2025-11-08T06:41:13.077+0000] {logging_mixin.py:151} INFO - [2025-11-08T06:41:13.077+0000] {dag.py:2915} INFO - Sync 1 DAGs
[2025-11-08T06:41:13.094+0000] {logging_mixin.py:151} INFO - [2025-11-08T06:41:13.094+0000] {dag.py:3696} INFO - Setting next_dagrun for dbt_transform to 2025-11-08T06:39:35.128224+00:00, run_after=2025-11-08T06:44:35.128224+00:00
[2025-11-08T06:41:13.117+0000] {processor.py:179} INFO - Processing /opt/airflow/dags/dbt_dag.py took 0.086 seconds
[2025-11-08T06:41:43.346+0000] {processor.py:157} INFO - Started process (PID=310) to work on /opt/airflow/dags/dbt_dag.py
[2025-11-08T06:41:43.346+0000] {processor.py:829} INFO - Processing file /opt/airflow/dags/dbt_dag.py for tasks to queue
[2025-11-08T06:41:43.347+0000] {logging_mixin.py:151} INFO - [2025-11-08T06:41:43.347+0000] {dagbag.py:539} INFO - Filling up the DagBag from /opt/airflow/dags/dbt_dag.py
[2025-11-08T06:41:43.363+0000] {processor.py:839} INFO - DAG(s) dict_keys(['dbt_transform']) retrieved from /opt/airflow/dags/dbt_dag.py
[2025-11-08T06:41:43.387+0000] {logging_mixin.py:151} INFO - [2025-11-08T06:41:43.387+0000] {dag.py:2915} INFO - Sync 1 DAGs
[2025-11-08T06:41:43.405+0000] {logging_mixin.py:151} INFO - [2025-11-08T06:41:43.404+0000] {dag.py:3696} INFO - Setting next_dagrun for dbt_transform to 2025-11-08T06:39:35.128224+00:00, run_after=2025-11-08T06:44:35.128224+00:00
[2025-11-08T06:41:43.424+0000] {processor.py:179} INFO - Processing /opt/airflow/dags/dbt_dag.py took 0.081 seconds
[2025-11-08T06:42:13.634+0000] {processor.py:157} INFO - Started process (PID=315) to work on /opt/airflow/dags/dbt_dag.py
[2025-11-08T06:42:13.635+0000] {processor.py:829} INFO - Processing file /opt/airflow/dags/dbt_dag.py for tasks to queue
[2025-11-08T06:42:13.636+0000] {logging_mixin.py:151} INFO - [2025-11-08T06:42:13.636+0000] {dagbag.py:539} INFO - Filling up the DagBag from /opt/airflow/dags/dbt_dag.py
[2025-11-08T06:42:13.652+0000] {processor.py:839} INFO - DAG(s) dict_keys(['dbt_transform']) retrieved from /opt/airflow/dags/dbt_dag.py
[2025-11-08T06:42:13.679+0000] {logging_mixin.py:151} INFO - [2025-11-08T06:42:13.678+0000] {dag.py:2915} INFO - Sync 1 DAGs
[2025-11-08T06:42:13.697+0000] {logging_mixin.py:151} INFO - [2025-11-08T06:42:13.696+0000] {dag.py:3696} INFO - Setting next_dagrun for dbt_transform to 2025-11-08T06:39:35.128224+00:00, run_after=2025-11-08T06:44:35.128224+00:00
[2025-11-08T06:42:13.717+0000] {processor.py:179} INFO - Processing /opt/airflow/dags/dbt_dag.py took 0.086 seconds
[2025-11-08T06:42:43.975+0000] {processor.py:157} INFO - Started process (PID=320) to work on /opt/airflow/dags/dbt_dag.py
[2025-11-08T06:42:43.976+0000] {processor.py:829} INFO - Processing file /opt/airflow/dags/dbt_dag.py for tasks to queue
[2025-11-08T06:42:43.977+0000] {logging_mixin.py:151} INFO - [2025-11-08T06:42:43.977+0000] {dagbag.py:539} INFO - Filling up the DagBag from /opt/airflow/dags/dbt_dag.py
[2025-11-08T06:42:43.998+0000] {processor.py:839} INFO - DAG(s) dict_keys(['dbt_transform']) retrieved from /opt/airflow/dags/dbt_dag.py
[2025-11-08T06:42:44.022+0000] {logging_mixin.py:151} INFO - [2025-11-08T06:42:44.021+0000] {dag.py:2915} INFO - Sync 1 DAGs
[2025-11-08T06:42:44.039+0000] {logging_mixin.py:151} INFO - [2025-11-08T06:42:44.038+0000] {dag.py:3696} INFO - Setting next_dagrun for dbt_transform to 2025-11-08T06:39:35.128224+00:00, run_after=2025-11-08T06:44:35.128224+00:00
[2025-11-08T06:42:44.057+0000] {processor.py:179} INFO - Processing /opt/airflow/dags/dbt_dag.py took 0.086 seconds
[2025-11-08T06:43:14.262+0000] {processor.py:157} INFO - Started process (PID=325) to work on /opt/airflow/dags/dbt_dag.py
[2025-11-08T06:43:14.263+0000] {processor.py:829} INFO - Processing file /opt/airflow/dags/dbt_dag.py for tasks to queue
[2025-11-08T06:43:14.263+0000] {logging_mixin.py:151} INFO - [2025-11-08T06:43:14.263+0000] {dagbag.py:539} INFO - Filling up the DagBag from /opt/airflow/dags/dbt_dag.py
[2025-11-08T06:43:14.282+0000] {processor.py:839} INFO - DAG(s) dict_keys(['dbt_transform']) retrieved from /opt/airflow/dags/dbt_dag.py
[2025-11-08T06:43:14.316+0000] {logging_mixin.py:151} INFO - [2025-11-08T06:43:14.315+0000] {dag.py:2915} INFO - Sync 1 DAGs
[2025-11-08T06:43:14.341+0000] {logging_mixin.py:151} INFO - [2025-11-08T06:43:14.340+0000] {dag.py:3696} INFO - Setting next_dagrun for dbt_transform to 2025-11-08T06:39:35.128224+00:00, run_after=2025-11-08T06:44:35.128224+00:00
[2025-11-08T06:43:14.368+0000] {processor.py:179} INFO - Processing /opt/airflow/dags/dbt_dag.py took 0.109 seconds
[2025-11-08T06:43:44.658+0000] {processor.py:157} INFO - Started process (PID=330) to work on /opt/airflow/dags/dbt_dag.py
[2025-11-08T06:43:44.658+0000] {processor.py:829} INFO - Processing file /opt/airflow/dags/dbt_dag.py for tasks to queue
[2025-11-08T06:43:44.659+0000] {logging_mixin.py:151} INFO - [2025-11-08T06:43:44.659+0000] {dagbag.py:539} INFO - Filling up the DagBag from /opt/airflow/dags/dbt_dag.py
[2025-11-08T06:43:44.675+0000] {processor.py:839} INFO - DAG(s) dict_keys(['dbt_transform']) retrieved from /opt/airflow/dags/dbt_dag.py
[2025-11-08T06:43:44.700+0000] {logging_mixin.py:151} INFO - [2025-11-08T06:43:44.700+0000] {dag.py:2915} INFO - Sync 1 DAGs
[2025-11-08T06:43:44.717+0000] {logging_mixin.py:151} INFO - [2025-11-08T06:43:44.717+0000] {dag.py:3696} INFO - Setting next_dagrun for dbt_transform to 2025-11-08T06:39:35.128224+00:00, run_after=2025-11-08T06:44:35.128224+00:00
[2025-11-08T06:43:44.737+0000] {processor.py:179} INFO - Processing /opt/airflow/dags/dbt_dag.py took 0.082 seconds
[2025-11-08T06:44:14.965+0000] {processor.py:157} INFO - Started process (PID=335) to work on /opt/airflow/dags/dbt_dag.py
[2025-11-08T06:44:14.968+0000] {processor.py:829} INFO - Processing file /opt/airflow/dags/dbt_dag.py for tasks to queue
[2025-11-08T06:44:14.970+0000] {logging_mixin.py:151} INFO - [2025-11-08T06:44:14.969+0000] {dagbag.py:539} INFO - Filling up the DagBag from /opt/airflow/dags/dbt_dag.py
[2025-11-08T06:44:15.002+0000] {processor.py:839} INFO - DAG(s) dict_keys(['dbt_transform']) retrieved from /opt/airflow/dags/dbt_dag.py
[2025-11-08T06:44:15.041+0000] {logging_mixin.py:151} INFO - [2025-11-08T06:44:15.040+0000] {dag.py:2915} INFO - Sync 1 DAGs
[2025-11-08T06:44:15.062+0000] {logging_mixin.py:151} INFO - [2025-11-08T06:44:15.061+0000] {dag.py:3696} INFO - Setting next_dagrun for dbt_transform to 2025-11-08T06:39:35.128224+00:00, run_after=2025-11-08T06:44:35.128224+00:00
[2025-11-08T06:44:15.080+0000] {processor.py:179} INFO - Processing /opt/airflow/dags/dbt_dag.py took 0.120 seconds
[2025-11-08T06:44:45.288+0000] {processor.py:157} INFO - Started process (PID=366) to work on /opt/airflow/dags/dbt_dag.py
[2025-11-08T06:44:45.289+0000] {processor.py:829} INFO - Processing file /opt/airflow/dags/dbt_dag.py for tasks to queue
[2025-11-08T06:44:45.290+0000] {logging_mixin.py:151} INFO - [2025-11-08T06:44:45.289+0000] {dagbag.py:539} INFO - Filling up the DagBag from /opt/airflow/dags/dbt_dag.py
[2025-11-08T06:44:45.311+0000] {processor.py:839} INFO - DAG(s) dict_keys(['dbt_transform']) retrieved from /opt/airflow/dags/dbt_dag.py
[2025-11-08T06:44:45.337+0000] {logging_mixin.py:151} INFO - [2025-11-08T06:44:45.337+0000] {dag.py:2915} INFO - Sync 1 DAGs
[2025-11-08T06:44:45.355+0000] {logging_mixin.py:151} INFO - [2025-11-08T06:44:45.355+0000] {dag.py:3696} INFO - Setting next_dagrun for dbt_transform to 2025-11-08T06:44:35.128224+00:00, run_after=2025-11-08T06:49:35.128224+00:00
[2025-11-08T06:44:45.377+0000] {processor.py:179} INFO - Processing /opt/airflow/dags/dbt_dag.py took 0.093 seconds
[2025-11-08T06:45:15.591+0000] {processor.py:157} INFO - Started process (PID=371) to work on /opt/airflow/dags/dbt_dag.py
[2025-11-08T06:45:15.592+0000] {processor.py:829} INFO - Processing file /opt/airflow/dags/dbt_dag.py for tasks to queue
[2025-11-08T06:45:15.593+0000] {logging_mixin.py:151} INFO - [2025-11-08T06:45:15.593+0000] {dagbag.py:539} INFO - Filling up the DagBag from /opt/airflow/dags/dbt_dag.py
[2025-11-08T06:45:15.612+0000] {processor.py:839} INFO - DAG(s) dict_keys(['dbt_transform']) retrieved from /opt/airflow/dags/dbt_dag.py
[2025-11-08T06:45:15.636+0000] {logging_mixin.py:151} INFO - [2025-11-08T06:45:15.636+0000] {dag.py:2915} INFO - Sync 1 DAGs
[2025-11-08T06:45:15.653+0000] {logging_mixin.py:151} INFO - [2025-11-08T06:45:15.653+0000] {dag.py:3696} INFO - Setting next_dagrun for dbt_transform to 2025-11-08T06:44:35.128224+00:00, run_after=2025-11-08T06:49:35.128224+00:00
[2025-11-08T06:45:15.672+0000] {processor.py:179} INFO - Processing /opt/airflow/dags/dbt_dag.py took 0.084 seconds
[2025-11-08T06:45:45.861+0000] {processor.py:157} INFO - Started process (PID=376) to work on /opt/airflow/dags/dbt_dag.py
[2025-11-08T06:45:45.861+0000] {processor.py:829} INFO - Processing file /opt/airflow/dags/dbt_dag.py for tasks to queue
[2025-11-08T06:45:45.862+0000] {logging_mixin.py:151} INFO - [2025-11-08T06:45:45.862+0000] {dagbag.py:539} INFO - Filling up the DagBag from /opt/airflow/dags/dbt_dag.py
[2025-11-08T06:45:45.880+0000] {processor.py:839} INFO - DAG(s) dict_keys(['dbt_transform']) retrieved from /opt/airflow/dags/dbt_dag.py
[2025-11-08T06:45:45.909+0000] {logging_mixin.py:151} INFO - [2025-11-08T06:45:45.909+0000] {dag.py:2915} INFO - Sync 1 DAGs
[2025-11-08T06:45:45.928+0000] {logging_mixin.py:151} INFO - [2025-11-08T06:45:45.928+0000] {dag.py:3696} INFO - Setting next_dagrun for dbt_transform to 2025-11-08T06:44:35.128224+00:00, run_after=2025-11-08T06:49:35.128224+00:00
[2025-11-08T06:45:45.948+0000] {processor.py:179} INFO - Processing /opt/airflow/dags/dbt_dag.py took 0.090 seconds
[2025-11-08T06:46:16.235+0000] {processor.py:157} INFO - Started process (PID=381) to work on /opt/airflow/dags/dbt_dag.py
[2025-11-08T06:46:16.236+0000] {processor.py:829} INFO - Processing file /opt/airflow/dags/dbt_dag.py for tasks to queue
[2025-11-08T06:46:16.237+0000] {logging_mixin.py:151} INFO - [2025-11-08T06:46:16.236+0000] {dagbag.py:539} INFO - Filling up the DagBag from /opt/airflow/dags/dbt_dag.py
[2025-11-08T06:46:16.258+0000] {processor.py:839} INFO - DAG(s) dict_keys(['dbt_transform']) retrieved from /opt/airflow/dags/dbt_dag.py
[2025-11-08T06:46:16.283+0000] {logging_mixin.py:151} INFO - [2025-11-08T06:46:16.283+0000] {dag.py:2915} INFO - Sync 1 DAGs
[2025-11-08T06:46:16.300+0000] {logging_mixin.py:151} INFO - [2025-11-08T06:46:16.300+0000] {dag.py:3696} INFO - Setting next_dagrun for dbt_transform to 2025-11-08T06:44:35.128224+00:00, run_after=2025-11-08T06:49:35.128224+00:00
[2025-11-08T06:46:16.320+0000] {processor.py:179} INFO - Processing /opt/airflow/dags/dbt_dag.py took 0.088 seconds
[2025-11-08T06:46:46.521+0000] {processor.py:157} INFO - Started process (PID=386) to work on /opt/airflow/dags/dbt_dag.py
[2025-11-08T06:46:46.522+0000] {processor.py:829} INFO - Processing file /opt/airflow/dags/dbt_dag.py for tasks to queue
[2025-11-08T06:46:46.523+0000] {logging_mixin.py:151} INFO - [2025-11-08T06:46:46.522+0000] {dagbag.py:539} INFO - Filling up the DagBag from /opt/airflow/dags/dbt_dag.py
[2025-11-08T06:46:46.541+0000] {processor.py:839} INFO - DAG(s) dict_keys(['dbt_transform']) retrieved from /opt/airflow/dags/dbt_dag.py
[2025-11-08T06:46:46.566+0000] {logging_mixin.py:151} INFO - [2025-11-08T06:46:46.566+0000] {dag.py:2915} INFO - Sync 1 DAGs
[2025-11-08T06:46:46.588+0000] {logging_mixin.py:151} INFO - [2025-11-08T06:46:46.588+0000] {dag.py:3696} INFO - Setting next_dagrun for dbt_transform to 2025-11-08T06:44:35.128224+00:00, run_after=2025-11-08T06:49:35.128224+00:00
[2025-11-08T06:46:46.608+0000] {processor.py:179} INFO - Processing /opt/airflow/dags/dbt_dag.py took 0.090 seconds
[2025-11-08T06:47:16.813+0000] {processor.py:157} INFO - Started process (PID=391) to work on /opt/airflow/dags/dbt_dag.py
[2025-11-08T06:47:16.814+0000] {processor.py:829} INFO - Processing file /opt/airflow/dags/dbt_dag.py for tasks to queue
[2025-11-08T06:47:16.816+0000] {logging_mixin.py:151} INFO - [2025-11-08T06:47:16.815+0000] {dagbag.py:539} INFO - Filling up the DagBag from /opt/airflow/dags/dbt_dag.py
[2025-11-08T06:47:16.844+0000] {processor.py:839} INFO - DAG(s) dict_keys(['dbt_transform']) retrieved from /opt/airflow/dags/dbt_dag.py
[2025-11-08T06:47:16.888+0000] {logging_mixin.py:151} INFO - [2025-11-08T06:47:16.887+0000] {dag.py:2915} INFO - Sync 1 DAGs
[2025-11-08T06:47:16.914+0000] {logging_mixin.py:151} INFO - [2025-11-08T06:47:16.914+0000] {dag.py:3696} INFO - Setting next_dagrun for dbt_transform to 2025-11-08T06:44:35.128224+00:00, run_after=2025-11-08T06:49:35.128224+00:00
[2025-11-08T06:47:16.969+0000] {processor.py:179} INFO - Processing /opt/airflow/dags/dbt_dag.py took 0.161 seconds
[2025-11-08T06:47:47.106+0000] {processor.py:157} INFO - Started process (PID=396) to work on /opt/airflow/dags/dbt_dag.py
[2025-11-08T06:47:47.107+0000] {processor.py:829} INFO - Processing file /opt/airflow/dags/dbt_dag.py for tasks to queue
[2025-11-08T06:47:47.108+0000] {logging_mixin.py:151} INFO - [2025-11-08T06:47:47.108+0000] {dagbag.py:539} INFO - Filling up the DagBag from /opt/airflow/dags/dbt_dag.py
[2025-11-08T06:47:47.127+0000] {processor.py:839} INFO - DAG(s) dict_keys(['dbt_transform']) retrieved from /opt/airflow/dags/dbt_dag.py
[2025-11-08T06:47:47.154+0000] {logging_mixin.py:151} INFO - [2025-11-08T06:47:47.154+0000] {dag.py:2915} INFO - Sync 1 DAGs
[2025-11-08T06:47:47.172+0000] {logging_mixin.py:151} INFO - [2025-11-08T06:47:47.171+0000] {dag.py:3696} INFO - Setting next_dagrun for dbt_transform to 2025-11-08T06:44:35.128224+00:00, run_after=2025-11-08T06:49:35.128224+00:00
[2025-11-08T06:47:47.192+0000] {processor.py:179} INFO - Processing /opt/airflow/dags/dbt_dag.py took 0.089 seconds
[2025-11-08T06:48:17.346+0000] {processor.py:157} INFO - Started process (PID=401) to work on /opt/airflow/dags/dbt_dag.py
[2025-11-08T06:48:17.347+0000] {processor.py:829} INFO - Processing file /opt/airflow/dags/dbt_dag.py for tasks to queue
[2025-11-08T06:48:17.348+0000] {logging_mixin.py:151} INFO - [2025-11-08T06:48:17.347+0000] {dagbag.py:539} INFO - Filling up the DagBag from /opt/airflow/dags/dbt_dag.py
[2025-11-08T06:48:17.384+0000] {processor.py:839} INFO - DAG(s) dict_keys(['dbt_transform']) retrieved from /opt/airflow/dags/dbt_dag.py
[2025-11-08T06:48:17.443+0000] {logging_mixin.py:151} INFO - [2025-11-08T06:48:17.442+0000] {dag.py:2915} INFO - Sync 1 DAGs
[2025-11-08T06:48:17.487+0000] {logging_mixin.py:151} INFO - [2025-11-08T06:48:17.486+0000] {dag.py:3696} INFO - Setting next_dagrun for dbt_transform to 2025-11-08T06:44:35.128224+00:00, run_after=2025-11-08T06:49:35.128224+00:00
[2025-11-08T06:48:17.515+0000] {processor.py:179} INFO - Processing /opt/airflow/dags/dbt_dag.py took 0.173 seconds
[2025-11-08T06:48:47.718+0000] {processor.py:157} INFO - Started process (PID=406) to work on /opt/airflow/dags/dbt_dag.py
[2025-11-08T06:48:47.719+0000] {processor.py:829} INFO - Processing file /opt/airflow/dags/dbt_dag.py for tasks to queue
[2025-11-08T06:48:47.720+0000] {logging_mixin.py:151} INFO - [2025-11-08T06:48:47.720+0000] {dagbag.py:539} INFO - Filling up the DagBag from /opt/airflow/dags/dbt_dag.py
[2025-11-08T06:48:47.738+0000] {processor.py:839} INFO - DAG(s) dict_keys(['dbt_transform']) retrieved from /opt/airflow/dags/dbt_dag.py
[2025-11-08T06:48:47.767+0000] {logging_mixin.py:151} INFO - [2025-11-08T06:48:47.767+0000] {dag.py:2915} INFO - Sync 1 DAGs
[2025-11-08T06:48:47.784+0000] {logging_mixin.py:151} INFO - [2025-11-08T06:48:47.783+0000] {dag.py:3696} INFO - Setting next_dagrun for dbt_transform to 2025-11-08T06:44:35.128224+00:00, run_after=2025-11-08T06:49:35.128224+00:00
[2025-11-08T06:48:47.802+0000] {processor.py:179} INFO - Processing /opt/airflow/dags/dbt_dag.py took 0.087 seconds
[2025-11-08T07:42:57.678+0000] {processor.py:157} INFO - Started process (PID=168) to work on /opt/airflow/dags/dbt_dag.py
[2025-11-08T07:42:57.697+0000] {processor.py:829} INFO - Processing file /opt/airflow/dags/dbt_dag.py for tasks to queue
[2025-11-08T07:42:57.703+0000] {logging_mixin.py:151} INFO - [2025-11-08T07:42:57.702+0000] {dagbag.py:539} INFO - Filling up the DagBag from /opt/airflow/dags/dbt_dag.py
[2025-11-08T07:42:58.075+0000] {processor.py:839} INFO - DAG(s) dict_keys(['dbt_transform']) retrieved from /opt/airflow/dags/dbt_dag.py
[2025-11-08T07:43:01.071+0000] {logging_mixin.py:151} INFO - [2025-11-08T07:43:01.071+0000] {manager.py:499} INFO - Created Permission View: %s
[2025-11-08T07:43:01.118+0000] {logging_mixin.py:151} INFO - [2025-11-08T07:43:01.118+0000] {manager.py:499} INFO - Created Permission View: %s
[2025-11-08T07:43:01.162+0000] {logging_mixin.py:151} INFO - [2025-11-08T07:43:01.161+0000] {manager.py:499} INFO - Created Permission View: %s
[2025-11-08T07:43:01.163+0000] {logging_mixin.py:151} INFO - [2025-11-08T07:43:01.163+0000] {security.py:708} INFO - Not syncing DAG-level permissions for DAG 'DAG:dbt_transform' as access control is unset.
[2025-11-08T07:43:01.167+0000] {logging_mixin.py:151} INFO - [2025-11-08T07:43:01.166+0000] {dag.py:2915} INFO - Sync 1 DAGs
[2025-11-08T07:43:01.224+0000] {logging_mixin.py:151} INFO - [2025-11-08T07:43:01.223+0000] {dag.py:2937} INFO - Creating ORM DAG for dbt_transform
[2025-11-08T07:43:01.262+0000] {logging_mixin.py:151} INFO - [2025-11-08T07:43:01.261+0000] {dag.py:3696} INFO - Setting next_dagrun for dbt_transform to 2025-11-08T07:38:01.260461+00:00, run_after=2025-11-08T07:43:01.260461+00:00
[2025-11-08T07:43:01.313+0000] {processor.py:179} INFO - Processing /opt/airflow/dags/dbt_dag.py took 3.776 seconds
[2025-11-08T07:43:31.699+0000] {processor.py:157} INFO - Started process (PID=173) to work on /opt/airflow/dags/dbt_dag.py
[2025-11-08T07:43:31.706+0000] {processor.py:829} INFO - Processing file /opt/airflow/dags/dbt_dag.py for tasks to queue
[2025-11-08T07:43:31.715+0000] {logging_mixin.py:151} INFO - [2025-11-08T07:43:31.710+0000] {dagbag.py:539} INFO - Filling up the DagBag from /opt/airflow/dags/dbt_dag.py
[2025-11-08T07:43:31.979+0000] {processor.py:839} INFO - DAG(s) dict_keys(['dbt_transform']) retrieved from /opt/airflow/dags/dbt_dag.py
[2025-11-08T07:43:34.479+0000] {logging_mixin.py:151} INFO - [2025-11-08T07:43:34.478+0000] {dag.py:2915} INFO - Sync 1 DAGs
[2025-11-08T07:43:34.546+0000] {logging_mixin.py:151} INFO - [2025-11-08T07:43:34.545+0000] {dag.py:3696} INFO - Setting next_dagrun for dbt_transform to 2025-11-08T07:38:34.544893+00:00, run_after=2025-11-08T07:43:34.544893+00:00
[2025-11-08T07:43:34.607+0000] {processor.py:179} INFO - Processing /opt/airflow/dags/dbt_dag.py took 2.994 seconds
[2025-11-08T07:44:04.880+0000] {processor.py:157} INFO - Started process (PID=178) to work on /opt/airflow/dags/dbt_dag.py
[2025-11-08T07:44:04.882+0000] {processor.py:829} INFO - Processing file /opt/airflow/dags/dbt_dag.py for tasks to queue
[2025-11-08T07:44:04.884+0000] {logging_mixin.py:151} INFO - [2025-11-08T07:44:04.884+0000] {dagbag.py:539} INFO - Filling up the DagBag from /opt/airflow/dags/dbt_dag.py
[2025-11-08T07:44:06.026+0000] {processor.py:839} INFO - DAG(s) dict_keys(['dbt_transform']) retrieved from /opt/airflow/dags/dbt_dag.py
[2025-11-08T07:44:06.087+0000] {logging_mixin.py:151} INFO - [2025-11-08T07:44:06.087+0000] {dag.py:2915} INFO - Sync 1 DAGs
[2025-11-08T07:44:06.131+0000] {logging_mixin.py:151} INFO - [2025-11-08T07:44:06.131+0000] {dag.py:3696} INFO - Setting next_dagrun for dbt_transform to 2025-11-08T07:39:06.130027+00:00, run_after=2025-11-08T07:44:06.130027+00:00
[2025-11-08T07:44:06.219+0000] {processor.py:179} INFO - Processing /opt/airflow/dags/dbt_dag.py took 1.348 seconds
[2025-11-08T07:44:36.743+0000] {processor.py:157} INFO - Started process (PID=183) to work on /opt/airflow/dags/dbt_dag.py
[2025-11-08T07:44:36.744+0000] {processor.py:829} INFO - Processing file /opt/airflow/dags/dbt_dag.py for tasks to queue
[2025-11-08T07:44:36.747+0000] {logging_mixin.py:151} INFO - [2025-11-08T07:44:36.746+0000] {dagbag.py:539} INFO - Filling up the DagBag from /opt/airflow/dags/dbt_dag.py
[2025-11-08T07:44:36.787+0000] {processor.py:839} INFO - DAG(s) dict_keys(['dbt_transform']) retrieved from /opt/airflow/dags/dbt_dag.py
[2025-11-08T07:44:36.880+0000] {logging_mixin.py:151} INFO - [2025-11-08T07:44:36.877+0000] {dag.py:2915} INFO - Sync 1 DAGs
[2025-11-08T07:44:36.934+0000] {logging_mixin.py:151} INFO - [2025-11-08T07:44:36.933+0000] {dag.py:3696} INFO - Setting next_dagrun for dbt_transform to 2025-11-08T07:39:36.932675+00:00, run_after=2025-11-08T07:44:36.932675+00:00
[2025-11-08T07:44:36.989+0000] {processor.py:179} INFO - Processing /opt/airflow/dags/dbt_dag.py took 0.253 seconds
[2025-11-08T07:45:07.353+0000] {processor.py:157} INFO - Started process (PID=188) to work on /opt/airflow/dags/dbt_dag.py
[2025-11-08T07:45:07.356+0000] {processor.py:829} INFO - Processing file /opt/airflow/dags/dbt_dag.py for tasks to queue
[2025-11-08T07:45:07.358+0000] {logging_mixin.py:151} INFO - [2025-11-08T07:45:07.357+0000] {dagbag.py:539} INFO - Filling up the DagBag from /opt/airflow/dags/dbt_dag.py
[2025-11-08T07:45:07.405+0000] {processor.py:839} INFO - DAG(s) dict_keys(['dbt_transform']) retrieved from /opt/airflow/dags/dbt_dag.py
[2025-11-08T07:45:07.488+0000] {logging_mixin.py:151} INFO - [2025-11-08T07:45:07.488+0000] {dag.py:2915} INFO - Sync 1 DAGs
[2025-11-08T07:45:07.537+0000] {logging_mixin.py:151} INFO - [2025-11-08T07:45:07.537+0000] {dag.py:3696} INFO - Setting next_dagrun for dbt_transform to 2025-11-08T07:40:07.536730+00:00, run_after=2025-11-08T07:45:07.536730+00:00
[2025-11-08T07:45:07.596+0000] {processor.py:179} INFO - Processing /opt/airflow/dags/dbt_dag.py took 0.264 seconds
[2025-11-08T07:45:38.027+0000] {processor.py:157} INFO - Started process (PID=193) to work on /opt/airflow/dags/dbt_dag.py
[2025-11-08T07:45:38.030+0000] {processor.py:829} INFO - Processing file /opt/airflow/dags/dbt_dag.py for tasks to queue
[2025-11-08T07:45:38.035+0000] {logging_mixin.py:151} INFO - [2025-11-08T07:45:38.033+0000] {dagbag.py:539} INFO - Filling up the DagBag from /opt/airflow/dags/dbt_dag.py
[2025-11-08T07:45:38.086+0000] {processor.py:839} INFO - DAG(s) dict_keys(['dbt_transform']) retrieved from /opt/airflow/dags/dbt_dag.py
[2025-11-08T07:45:38.170+0000] {logging_mixin.py:151} INFO - [2025-11-08T07:45:38.170+0000] {dag.py:2915} INFO - Sync 1 DAGs
[2025-11-08T07:45:38.229+0000] {logging_mixin.py:151} INFO - [2025-11-08T07:45:38.228+0000] {dag.py:3696} INFO - Setting next_dagrun for dbt_transform to 2025-11-08T07:40:38.227856+00:00, run_after=2025-11-08T07:45:38.227856+00:00
[2025-11-08T07:45:38.277+0000] {processor.py:179} INFO - Processing /opt/airflow/dags/dbt_dag.py took 0.262 seconds
[2025-11-08T07:46:08.645+0000] {processor.py:157} INFO - Started process (PID=198) to work on /opt/airflow/dags/dbt_dag.py
[2025-11-08T07:46:08.647+0000] {processor.py:829} INFO - Processing file /opt/airflow/dags/dbt_dag.py for tasks to queue
[2025-11-08T07:46:08.650+0000] {logging_mixin.py:151} INFO - [2025-11-08T07:46:08.649+0000] {dagbag.py:539} INFO - Filling up the DagBag from /opt/airflow/dags/dbt_dag.py
[2025-11-08T07:46:08.724+0000] {processor.py:839} INFO - DAG(s) dict_keys(['dbt_transform']) retrieved from /opt/airflow/dags/dbt_dag.py
[2025-11-08T07:46:08.806+0000] {logging_mixin.py:151} INFO - [2025-11-08T07:46:08.806+0000] {dag.py:2915} INFO - Sync 1 DAGs
[2025-11-08T07:46:08.845+0000] {logging_mixin.py:151} INFO - [2025-11-08T07:46:08.845+0000] {dag.py:3696} INFO - Setting next_dagrun for dbt_transform to 2025-11-08T07:41:08.845158+00:00, run_after=2025-11-08T07:46:08.845158+00:00
[2025-11-08T07:46:08.877+0000] {processor.py:179} INFO - Processing /opt/airflow/dags/dbt_dag.py took 0.240 seconds
[2025-11-08T07:46:39.262+0000] {processor.py:157} INFO - Started process (PID=203) to work on /opt/airflow/dags/dbt_dag.py
[2025-11-08T07:46:39.264+0000] {processor.py:829} INFO - Processing file /opt/airflow/dags/dbt_dag.py for tasks to queue
[2025-11-08T07:46:39.266+0000] {logging_mixin.py:151} INFO - [2025-11-08T07:46:39.265+0000] {dagbag.py:539} INFO - Filling up the DagBag from /opt/airflow/dags/dbt_dag.py
[2025-11-08T07:46:39.318+0000] {processor.py:839} INFO - DAG(s) dict_keys(['dbt_transform']) retrieved from /opt/airflow/dags/dbt_dag.py
[2025-11-08T07:46:39.399+0000] {logging_mixin.py:151} INFO - [2025-11-08T07:46:39.398+0000] {dag.py:2915} INFO - Sync 1 DAGs
[2025-11-08T07:46:39.453+0000] {logging_mixin.py:151} INFO - [2025-11-08T07:46:39.453+0000] {dag.py:3696} INFO - Setting next_dagrun for dbt_transform to 2025-11-08T07:41:39.452514+00:00, run_after=2025-11-08T07:46:39.452514+00:00
[2025-11-08T07:46:39.502+0000] {processor.py:179} INFO - Processing /opt/airflow/dags/dbt_dag.py took 0.250 seconds
[2025-11-08T07:47:09.895+0000] {processor.py:157} INFO - Started process (PID=208) to work on /opt/airflow/dags/dbt_dag.py
[2025-11-08T07:47:09.897+0000] {processor.py:829} INFO - Processing file /opt/airflow/dags/dbt_dag.py for tasks to queue
[2025-11-08T07:47:09.900+0000] {logging_mixin.py:151} INFO - [2025-11-08T07:47:09.899+0000] {dagbag.py:539} INFO - Filling up the DagBag from /opt/airflow/dags/dbt_dag.py
[2025-11-08T07:47:09.946+0000] {processor.py:839} INFO - DAG(s) dict_keys(['dbt_transform']) retrieved from /opt/airflow/dags/dbt_dag.py
[2025-11-08T07:47:10.057+0000] {logging_mixin.py:151} INFO - [2025-11-08T07:47:10.056+0000] {dag.py:2915} INFO - Sync 1 DAGs
[2025-11-08T07:47:10.118+0000] {logging_mixin.py:151} INFO - [2025-11-08T07:47:10.117+0000] {dag.py:3696} INFO - Setting next_dagrun for dbt_transform to 2025-11-08T07:42:10.117063+00:00, run_after=2025-11-08T07:47:10.117063+00:00
[2025-11-08T07:47:10.173+0000] {processor.py:179} INFO - Processing /opt/airflow/dags/dbt_dag.py took 0.286 seconds
[2025-11-08T07:47:40.534+0000] {processor.py:157} INFO - Started process (PID=213) to work on /opt/airflow/dags/dbt_dag.py
[2025-11-08T07:47:40.536+0000] {processor.py:829} INFO - Processing file /opt/airflow/dags/dbt_dag.py for tasks to queue
[2025-11-08T07:47:40.538+0000] {logging_mixin.py:151} INFO - [2025-11-08T07:47:40.537+0000] {dagbag.py:539} INFO - Filling up the DagBag from /opt/airflow/dags/dbt_dag.py
[2025-11-08T07:47:40.583+0000] {processor.py:839} INFO - DAG(s) dict_keys(['dbt_transform']) retrieved from /opt/airflow/dags/dbt_dag.py
[2025-11-08T07:47:40.647+0000] {logging_mixin.py:151} INFO - [2025-11-08T07:47:40.646+0000] {dag.py:2915} INFO - Sync 1 DAGs
[2025-11-08T07:47:40.694+0000] {logging_mixin.py:151} INFO - [2025-11-08T07:47:40.693+0000] {dag.py:3696} INFO - Setting next_dagrun for dbt_transform to 2025-11-08T07:42:40.693383+00:00, run_after=2025-11-08T07:47:40.693383+00:00
[2025-11-08T07:47:40.740+0000] {processor.py:179} INFO - Processing /opt/airflow/dags/dbt_dag.py took 0.220 seconds
[2025-11-08T07:48:10.902+0000] {processor.py:157} INFO - Started process (PID=218) to work on /opt/airflow/dags/dbt_dag.py
[2025-11-08T07:48:10.907+0000] {processor.py:829} INFO - Processing file /opt/airflow/dags/dbt_dag.py for tasks to queue
[2025-11-08T07:48:10.915+0000] {logging_mixin.py:151} INFO - [2025-11-08T07:48:10.912+0000] {dagbag.py:539} INFO - Filling up the DagBag from /opt/airflow/dags/dbt_dag.py
[2025-11-08T07:48:11.001+0000] {processor.py:839} INFO - DAG(s) dict_keys(['dbt_transform']) retrieved from /opt/airflow/dags/dbt_dag.py
[2025-11-08T07:48:11.188+0000] {logging_mixin.py:151} INFO - [2025-11-08T07:48:11.188+0000] {dag.py:2915} INFO - Sync 1 DAGs
[2025-11-08T07:48:11.306+0000] {logging_mixin.py:151} INFO - [2025-11-08T07:48:11.305+0000] {dag.py:3696} INFO - Setting next_dagrun for dbt_transform to 2025-11-08T07:43:11.303079+00:00, run_after=2025-11-08T07:48:11.303079+00:00
[2025-11-08T07:48:11.387+0000] {processor.py:179} INFO - Processing /opt/airflow/dags/dbt_dag.py took 0.503 seconds
[2025-11-08T07:48:41.793+0000] {processor.py:157} INFO - Started process (PID=223) to work on /opt/airflow/dags/dbt_dag.py
[2025-11-08T07:48:41.795+0000] {processor.py:829} INFO - Processing file /opt/airflow/dags/dbt_dag.py for tasks to queue
[2025-11-08T07:48:41.798+0000] {logging_mixin.py:151} INFO - [2025-11-08T07:48:41.797+0000] {dagbag.py:539} INFO - Filling up the DagBag from /opt/airflow/dags/dbt_dag.py
[2025-11-08T07:48:41.855+0000] {processor.py:839} INFO - DAG(s) dict_keys(['dbt_transform']) retrieved from /opt/airflow/dags/dbt_dag.py
[2025-11-08T07:48:42.023+0000] {logging_mixin.py:151} INFO - [2025-11-08T07:48:42.022+0000] {dag.py:2915} INFO - Sync 1 DAGs
[2025-11-08T07:48:42.188+0000] {logging_mixin.py:151} INFO - [2025-11-08T07:48:42.183+0000] {dag.py:3696} INFO - Setting next_dagrun for dbt_transform to 2025-11-08T07:43:42.180912+00:00, run_after=2025-11-08T07:48:42.180912+00:00
[2025-11-08T07:48:42.315+0000] {processor.py:179} INFO - Processing /opt/airflow/dags/dbt_dag.py took 0.534 seconds
[2025-11-08T07:49:12.733+0000] {processor.py:157} INFO - Started process (PID=228) to work on /opt/airflow/dags/dbt_dag.py
[2025-11-08T07:49:12.735+0000] {processor.py:829} INFO - Processing file /opt/airflow/dags/dbt_dag.py for tasks to queue
[2025-11-08T07:49:12.737+0000] {logging_mixin.py:151} INFO - [2025-11-08T07:49:12.736+0000] {dagbag.py:539} INFO - Filling up the DagBag from /opt/airflow/dags/dbt_dag.py
[2025-11-08T07:49:12.785+0000] {processor.py:839} INFO - DAG(s) dict_keys(['dbt_transform']) retrieved from /opt/airflow/dags/dbt_dag.py
[2025-11-08T07:49:12.862+0000] {logging_mixin.py:151} INFO - [2025-11-08T07:49:12.862+0000] {dag.py:2915} INFO - Sync 1 DAGs
[2025-11-08T07:49:12.920+0000] {logging_mixin.py:151} INFO - [2025-11-08T07:49:12.919+0000] {dag.py:3696} INFO - Setting next_dagrun for dbt_transform to 2025-11-08T07:44:12.918911+00:00, run_after=2025-11-08T07:49:12.918911+00:00
[2025-11-08T07:49:12.966+0000] {processor.py:179} INFO - Processing /opt/airflow/dags/dbt_dag.py took 0.242 seconds
[2025-11-08T07:49:43.366+0000] {processor.py:157} INFO - Started process (PID=233) to work on /opt/airflow/dags/dbt_dag.py
[2025-11-08T07:49:43.369+0000] {processor.py:829} INFO - Processing file /opt/airflow/dags/dbt_dag.py for tasks to queue
[2025-11-08T07:49:43.372+0000] {logging_mixin.py:151} INFO - [2025-11-08T07:49:43.371+0000] {dagbag.py:539} INFO - Filling up the DagBag from /opt/airflow/dags/dbt_dag.py
[2025-11-08T07:49:43.432+0000] {processor.py:839} INFO - DAG(s) dict_keys(['dbt_transform']) retrieved from /opt/airflow/dags/dbt_dag.py
[2025-11-08T07:49:43.512+0000] {logging_mixin.py:151} INFO - [2025-11-08T07:49:43.511+0000] {dag.py:2915} INFO - Sync 1 DAGs
[2025-11-08T07:49:43.574+0000] {logging_mixin.py:151} INFO - [2025-11-08T07:49:43.573+0000] {dag.py:3696} INFO - Setting next_dagrun for dbt_transform to 2025-11-08T07:44:43.572752+00:00, run_after=2025-11-08T07:49:43.572752+00:00
[2025-11-08T07:49:43.629+0000] {processor.py:179} INFO - Processing /opt/airflow/dags/dbt_dag.py took 0.274 seconds
[2025-11-08T07:50:13.973+0000] {processor.py:157} INFO - Started process (PID=238) to work on /opt/airflow/dags/dbt_dag.py
[2025-11-08T07:50:13.974+0000] {processor.py:829} INFO - Processing file /opt/airflow/dags/dbt_dag.py for tasks to queue
[2025-11-08T07:50:13.975+0000] {logging_mixin.py:151} INFO - [2025-11-08T07:50:13.975+0000] {dagbag.py:539} INFO - Filling up the DagBag from /opt/airflow/dags/dbt_dag.py
[2025-11-08T07:50:14.006+0000] {processor.py:839} INFO - DAG(s) dict_keys(['dbt_transform']) retrieved from /opt/airflow/dags/dbt_dag.py
[2025-11-08T07:50:14.060+0000] {logging_mixin.py:151} INFO - [2025-11-08T07:50:14.059+0000] {dag.py:2915} INFO - Sync 1 DAGs
[2025-11-08T07:50:14.097+0000] {logging_mixin.py:151} INFO - [2025-11-08T07:50:14.097+0000] {dag.py:3696} INFO - Setting next_dagrun for dbt_transform to 2025-11-08T07:45:14.097084+00:00, run_after=2025-11-08T07:50:14.097084+00:00
[2025-11-08T07:50:14.133+0000] {processor.py:179} INFO - Processing /opt/airflow/dags/dbt_dag.py took 0.166 seconds
[2025-11-08T07:50:44.242+0000] {processor.py:157} INFO - Started process (PID=243) to work on /opt/airflow/dags/dbt_dag.py
[2025-11-08T07:50:44.244+0000] {processor.py:829} INFO - Processing file /opt/airflow/dags/dbt_dag.py for tasks to queue
[2025-11-08T07:50:44.245+0000] {logging_mixin.py:151} INFO - [2025-11-08T07:50:44.245+0000] {dagbag.py:539} INFO - Filling up the DagBag from /opt/airflow/dags/dbt_dag.py
[2025-11-08T07:50:44.283+0000] {processor.py:839} INFO - DAG(s) dict_keys(['dbt_transform']) retrieved from /opt/airflow/dags/dbt_dag.py
[2025-11-08T07:50:44.344+0000] {logging_mixin.py:151} INFO - [2025-11-08T07:50:44.344+0000] {dag.py:2915} INFO - Sync 1 DAGs
[2025-11-08T07:50:44.390+0000] {logging_mixin.py:151} INFO - [2025-11-08T07:50:44.390+0000] {dag.py:3696} INFO - Setting next_dagrun for dbt_transform to 2025-11-08T07:45:44.389636+00:00, run_after=2025-11-08T07:50:44.389636+00:00
[2025-11-08T07:50:44.447+0000] {processor.py:179} INFO - Processing /opt/airflow/dags/dbt_dag.py took 0.212 seconds
[2025-11-08T07:51:14.757+0000] {processor.py:157} INFO - Started process (PID=248) to work on /opt/airflow/dags/dbt_dag.py
[2025-11-08T07:51:14.760+0000] {processor.py:829} INFO - Processing file /opt/airflow/dags/dbt_dag.py for tasks to queue
[2025-11-08T07:51:14.762+0000] {logging_mixin.py:151} INFO - [2025-11-08T07:51:14.761+0000] {dagbag.py:539} INFO - Filling up the DagBag from /opt/airflow/dags/dbt_dag.py
[2025-11-08T07:51:14.805+0000] {processor.py:839} INFO - DAG(s) dict_keys(['dbt_transform']) retrieved from /opt/airflow/dags/dbt_dag.py
[2025-11-08T07:51:14.878+0000] {logging_mixin.py:151} INFO - [2025-11-08T07:51:14.877+0000] {dag.py:2915} INFO - Sync 1 DAGs
[2025-11-08T07:51:14.958+0000] {logging_mixin.py:151} INFO - [2025-11-08T07:51:14.957+0000] {dag.py:3696} INFO - Setting next_dagrun for dbt_transform to 2025-11-08T07:46:14.954998+00:00, run_after=2025-11-08T07:51:14.954998+00:00
[2025-11-08T07:51:15.015+0000] {processor.py:179} INFO - Processing /opt/airflow/dags/dbt_dag.py took 0.263 seconds
[2025-11-08T07:51:45.385+0000] {processor.py:157} INFO - Started process (PID=253) to work on /opt/airflow/dags/dbt_dag.py
[2025-11-08T07:51:45.388+0000] {processor.py:829} INFO - Processing file /opt/airflow/dags/dbt_dag.py for tasks to queue
[2025-11-08T07:51:45.391+0000] {logging_mixin.py:151} INFO - [2025-11-08T07:51:45.390+0000] {dagbag.py:539} INFO - Filling up the DagBag from /opt/airflow/dags/dbt_dag.py
[2025-11-08T07:51:45.455+0000] {processor.py:839} INFO - DAG(s) dict_keys(['dbt_transform']) retrieved from /opt/airflow/dags/dbt_dag.py
[2025-11-08T07:51:45.546+0000] {logging_mixin.py:151} INFO - [2025-11-08T07:51:45.545+0000] {dag.py:2915} INFO - Sync 1 DAGs
[2025-11-08T07:51:45.627+0000] {logging_mixin.py:151} INFO - [2025-11-08T07:51:45.627+0000] {dag.py:3696} INFO - Setting next_dagrun for dbt_transform to 2025-11-08T07:46:45.626393+00:00, run_after=2025-11-08T07:51:45.626393+00:00
[2025-11-08T07:51:45.691+0000] {processor.py:179} INFO - Processing /opt/airflow/dags/dbt_dag.py took 0.318 seconds
[2025-11-08T07:52:16.088+0000] {processor.py:157} INFO - Started process (PID=258) to work on /opt/airflow/dags/dbt_dag.py
[2025-11-08T07:52:16.090+0000] {processor.py:829} INFO - Processing file /opt/airflow/dags/dbt_dag.py for tasks to queue
[2025-11-08T07:52:16.093+0000] {logging_mixin.py:151} INFO - [2025-11-08T07:52:16.092+0000] {dagbag.py:539} INFO - Filling up the DagBag from /opt/airflow/dags/dbt_dag.py
[2025-11-08T07:52:16.139+0000] {processor.py:839} INFO - DAG(s) dict_keys(['dbt_transform']) retrieved from /opt/airflow/dags/dbt_dag.py
[2025-11-08T07:52:16.224+0000] {logging_mixin.py:151} INFO - [2025-11-08T07:52:16.224+0000] {dag.py:2915} INFO - Sync 1 DAGs
[2025-11-08T07:52:16.321+0000] {logging_mixin.py:151} INFO - [2025-11-08T07:52:16.320+0000] {dag.py:3696} INFO - Setting next_dagrun for dbt_transform to 2025-11-08T07:47:16.319962+00:00, run_after=2025-11-08T07:52:16.319962+00:00
[2025-11-08T07:52:16.407+0000] {processor.py:179} INFO - Processing /opt/airflow/dags/dbt_dag.py took 0.330 seconds
[2025-11-08T07:52:46.847+0000] {processor.py:157} INFO - Started process (PID=263) to work on /opt/airflow/dags/dbt_dag.py
[2025-11-08T07:52:46.849+0000] {processor.py:829} INFO - Processing file /opt/airflow/dags/dbt_dag.py for tasks to queue
[2025-11-08T07:52:46.856+0000] {logging_mixin.py:151} INFO - [2025-11-08T07:52:46.851+0000] {dagbag.py:539} INFO - Filling up the DagBag from /opt/airflow/dags/dbt_dag.py
[2025-11-08T07:52:46.913+0000] {processor.py:839} INFO - DAG(s) dict_keys(['dbt_transform']) retrieved from /opt/airflow/dags/dbt_dag.py
[2025-11-08T07:52:47.007+0000] {logging_mixin.py:151} INFO - [2025-11-08T07:52:47.006+0000] {dag.py:2915} INFO - Sync 1 DAGs
[2025-11-08T07:52:47.076+0000] {logging_mixin.py:151} INFO - [2025-11-08T07:52:47.075+0000] {dag.py:3696} INFO - Setting next_dagrun for dbt_transform to 2025-11-08T07:47:47.074119+00:00, run_after=2025-11-08T07:52:47.074119+00:00
[2025-11-08T07:52:47.134+0000] {processor.py:179} INFO - Processing /opt/airflow/dags/dbt_dag.py took 0.300 seconds
[2025-11-08T07:53:17.519+0000] {processor.py:157} INFO - Started process (PID=268) to work on /opt/airflow/dags/dbt_dag.py
[2025-11-08T07:53:17.522+0000] {processor.py:829} INFO - Processing file /opt/airflow/dags/dbt_dag.py for tasks to queue
[2025-11-08T07:53:17.525+0000] {logging_mixin.py:151} INFO - [2025-11-08T07:53:17.524+0000] {dagbag.py:539} INFO - Filling up the DagBag from /opt/airflow/dags/dbt_dag.py
[2025-11-08T07:53:17.580+0000] {processor.py:839} INFO - DAG(s) dict_keys(['dbt_transform']) retrieved from /opt/airflow/dags/dbt_dag.py
[2025-11-08T07:53:17.653+0000] {logging_mixin.py:151} INFO - [2025-11-08T07:53:17.652+0000] {dag.py:2915} INFO - Sync 1 DAGs
[2025-11-08T07:53:17.707+0000] {logging_mixin.py:151} INFO - [2025-11-08T07:53:17.707+0000] {dag.py:3696} INFO - Setting next_dagrun for dbt_transform to 2025-11-08T07:48:17.706561+00:00, run_after=2025-11-08T07:53:17.706561+00:00
[2025-11-08T07:53:17.763+0000] {processor.py:179} INFO - Processing /opt/airflow/dags/dbt_dag.py took 0.253 seconds
[2025-11-08T07:53:47.886+0000] {processor.py:157} INFO - Started process (PID=273) to work on /opt/airflow/dags/dbt_dag.py
[2025-11-08T07:53:47.890+0000] {processor.py:829} INFO - Processing file /opt/airflow/dags/dbt_dag.py for tasks to queue
[2025-11-08T07:53:47.893+0000] {logging_mixin.py:151} INFO - [2025-11-08T07:53:47.893+0000] {dagbag.py:539} INFO - Filling up the DagBag from /opt/airflow/dags/dbt_dag.py
[2025-11-08T07:53:47.944+0000] {processor.py:839} INFO - DAG(s) dict_keys(['dbt_transform']) retrieved from /opt/airflow/dags/dbt_dag.py
[2025-11-08T07:53:48.032+0000] {logging_mixin.py:151} INFO - [2025-11-08T07:53:48.031+0000] {dag.py:2915} INFO - Sync 1 DAGs
[2025-11-08T07:53:48.098+0000] {logging_mixin.py:151} INFO - [2025-11-08T07:53:48.097+0000] {dag.py:3696} INFO - Setting next_dagrun for dbt_transform to 2025-11-08T07:48:48.097087+00:00, run_after=2025-11-08T07:53:48.097087+00:00
[2025-11-08T07:53:48.154+0000] {processor.py:179} INFO - Processing /opt/airflow/dags/dbt_dag.py took 0.285 seconds
[2025-11-08T07:54:18.497+0000] {processor.py:157} INFO - Started process (PID=278) to work on /opt/airflow/dags/dbt_dag.py
[2025-11-08T07:54:18.499+0000] {processor.py:829} INFO - Processing file /opt/airflow/dags/dbt_dag.py for tasks to queue
[2025-11-08T07:54:18.501+0000] {logging_mixin.py:151} INFO - [2025-11-08T07:54:18.500+0000] {dagbag.py:539} INFO - Filling up the DagBag from /opt/airflow/dags/dbt_dag.py
[2025-11-08T07:54:18.547+0000] {processor.py:839} INFO - DAG(s) dict_keys(['dbt_transform']) retrieved from /opt/airflow/dags/dbt_dag.py
[2025-11-08T07:54:18.622+0000] {logging_mixin.py:151} INFO - [2025-11-08T07:54:18.621+0000] {dag.py:2915} INFO - Sync 1 DAGs
[2025-11-08T07:54:18.679+0000] {logging_mixin.py:151} INFO - [2025-11-08T07:54:18.679+0000] {dag.py:3696} INFO - Setting next_dagrun for dbt_transform to 2025-11-08T07:49:18.678996+00:00, run_after=2025-11-08T07:54:18.678996+00:00
[2025-11-08T07:54:18.729+0000] {processor.py:179} INFO - Processing /opt/airflow/dags/dbt_dag.py took 0.239 seconds
[2025-11-08T07:54:48.887+0000] {processor.py:157} INFO - Started process (PID=283) to work on /opt/airflow/dags/dbt_dag.py
[2025-11-08T07:54:48.888+0000] {processor.py:829} INFO - Processing file /opt/airflow/dags/dbt_dag.py for tasks to queue
[2025-11-08T07:54:48.891+0000] {logging_mixin.py:151} INFO - [2025-11-08T07:54:48.890+0000] {dagbag.py:539} INFO - Filling up the DagBag from /opt/airflow/dags/dbt_dag.py
[2025-11-08T07:54:48.942+0000] {processor.py:839} INFO - DAG(s) dict_keys(['dbt_transform']) retrieved from /opt/airflow/dags/dbt_dag.py
[2025-11-08T07:54:49.009+0000] {logging_mixin.py:151} INFO - [2025-11-08T07:54:49.009+0000] {dag.py:2915} INFO - Sync 1 DAGs
[2025-11-08T07:54:49.060+0000] {logging_mixin.py:151} INFO - [2025-11-08T07:54:49.060+0000] {dag.py:3696} INFO - Setting next_dagrun for dbt_transform to 2025-11-08T07:49:49.059542+00:00, run_after=2025-11-08T07:54:49.059542+00:00
[2025-11-08T07:54:49.104+0000] {processor.py:179} INFO - Processing /opt/airflow/dags/dbt_dag.py took 0.228 seconds
[2025-11-08T07:55:19.428+0000] {processor.py:157} INFO - Started process (PID=288) to work on /opt/airflow/dags/dbt_dag.py
[2025-11-08T07:55:19.430+0000] {processor.py:829} INFO - Processing file /opt/airflow/dags/dbt_dag.py for tasks to queue
[2025-11-08T07:55:19.432+0000] {logging_mixin.py:151} INFO - [2025-11-08T07:55:19.431+0000] {dagbag.py:539} INFO - Filling up the DagBag from /opt/airflow/dags/dbt_dag.py
[2025-11-08T07:55:19.491+0000] {processor.py:839} INFO - DAG(s) dict_keys(['dbt_transform']) retrieved from /opt/airflow/dags/dbt_dag.py
[2025-11-08T07:55:19.572+0000] {logging_mixin.py:151} INFO - [2025-11-08T07:55:19.572+0000] {dag.py:2915} INFO - Sync 1 DAGs
[2025-11-08T07:55:19.616+0000] {logging_mixin.py:151} INFO - [2025-11-08T07:55:19.616+0000] {dag.py:3696} INFO - Setting next_dagrun for dbt_transform to 2025-11-08T07:50:19.615817+00:00, run_after=2025-11-08T07:55:19.615817+00:00
[2025-11-08T07:55:19.666+0000] {processor.py:179} INFO - Processing /opt/airflow/dags/dbt_dag.py took 0.246 seconds
[2025-11-08T07:55:49.813+0000] {processor.py:157} INFO - Started process (PID=293) to work on /opt/airflow/dags/dbt_dag.py
[2025-11-08T07:55:49.815+0000] {processor.py:829} INFO - Processing file /opt/airflow/dags/dbt_dag.py for tasks to queue
[2025-11-08T07:55:49.817+0000] {logging_mixin.py:151} INFO - [2025-11-08T07:55:49.817+0000] {dagbag.py:539} INFO - Filling up the DagBag from /opt/airflow/dags/dbt_dag.py
[2025-11-08T07:55:49.859+0000] {processor.py:839} INFO - DAG(s) dict_keys(['dbt_transform']) retrieved from /opt/airflow/dags/dbt_dag.py
[2025-11-08T07:55:49.933+0000] {logging_mixin.py:151} INFO - [2025-11-08T07:55:49.932+0000] {dag.py:2915} INFO - Sync 1 DAGs
[2025-11-08T07:55:49.991+0000] {logging_mixin.py:151} INFO - [2025-11-08T07:55:49.991+0000] {dag.py:3696} INFO - Setting next_dagrun for dbt_transform to 2025-11-08T07:50:49.990504+00:00, run_after=2025-11-08T07:55:49.990504+00:00
[2025-11-08T07:55:50.037+0000] {processor.py:179} INFO - Processing /opt/airflow/dags/dbt_dag.py took 0.232 seconds
[2025-11-08T07:56:20.338+0000] {processor.py:157} INFO - Started process (PID=298) to work on /opt/airflow/dags/dbt_dag.py
[2025-11-08T07:56:20.340+0000] {processor.py:829} INFO - Processing file /opt/airflow/dags/dbt_dag.py for tasks to queue
[2025-11-08T07:56:20.342+0000] {logging_mixin.py:151} INFO - [2025-11-08T07:56:20.341+0000] {dagbag.py:539} INFO - Filling up the DagBag from /opt/airflow/dags/dbt_dag.py
[2025-11-08T07:56:20.393+0000] {processor.py:839} INFO - DAG(s) dict_keys(['dbt_transform']) retrieved from /opt/airflow/dags/dbt_dag.py
[2025-11-08T07:56:20.472+0000] {logging_mixin.py:151} INFO - [2025-11-08T07:56:20.472+0000] {dag.py:2915} INFO - Sync 1 DAGs
[2025-11-08T07:56:20.528+0000] {logging_mixin.py:151} INFO - [2025-11-08T07:56:20.527+0000] {dag.py:3696} INFO - Setting next_dagrun for dbt_transform to 2025-11-08T07:51:20.527144+00:00, run_after=2025-11-08T07:56:20.527144+00:00
[2025-11-08T07:56:20.584+0000] {processor.py:179} INFO - Processing /opt/airflow/dags/dbt_dag.py took 0.260 seconds
[2025-11-08T07:56:50.735+0000] {processor.py:157} INFO - Started process (PID=303) to work on /opt/airflow/dags/dbt_dag.py
[2025-11-08T07:56:50.746+0000] {processor.py:829} INFO - Processing file /opt/airflow/dags/dbt_dag.py for tasks to queue
[2025-11-08T07:56:50.755+0000] {logging_mixin.py:151} INFO - [2025-11-08T07:56:50.754+0000] {dagbag.py:539} INFO - Filling up the DagBag from /opt/airflow/dags/dbt_dag.py
[2025-11-08T07:56:50.880+0000] {processor.py:839} INFO - DAG(s) dict_keys(['dbt_transform']) retrieved from /opt/airflow/dags/dbt_dag.py
[2025-11-08T07:56:51.069+0000] {logging_mixin.py:151} INFO - [2025-11-08T07:56:51.069+0000] {dag.py:2915} INFO - Sync 1 DAGs
[2025-11-08T07:56:51.179+0000] {logging_mixin.py:151} INFO - [2025-11-08T07:56:51.178+0000] {dag.py:3696} INFO - Setting next_dagrun for dbt_transform to 2025-11-08T07:51:51.177033+00:00, run_after=2025-11-08T07:56:51.177033+00:00
[2025-11-08T07:56:51.252+0000] {processor.py:179} INFO - Processing /opt/airflow/dags/dbt_dag.py took 0.550 seconds
[2025-11-08T07:57:21.654+0000] {processor.py:157} INFO - Started process (PID=308) to work on /opt/airflow/dags/dbt_dag.py
[2025-11-08T07:57:21.656+0000] {processor.py:829} INFO - Processing file /opt/airflow/dags/dbt_dag.py for tasks to queue
[2025-11-08T07:57:21.657+0000] {logging_mixin.py:151} INFO - [2025-11-08T07:57:21.657+0000] {dagbag.py:539} INFO - Filling up the DagBag from /opt/airflow/dags/dbt_dag.py
[2025-11-08T07:57:21.710+0000] {processor.py:839} INFO - DAG(s) dict_keys(['dbt_transform']) retrieved from /opt/airflow/dags/dbt_dag.py
[2025-11-08T07:57:21.806+0000] {logging_mixin.py:151} INFO - [2025-11-08T07:57:21.806+0000] {dag.py:2915} INFO - Sync 1 DAGs
[2025-11-08T07:57:21.875+0000] {logging_mixin.py:151} INFO - [2025-11-08T07:57:21.874+0000] {dag.py:3696} INFO - Setting next_dagrun for dbt_transform to 2025-11-08T07:52:21.874018+00:00, run_after=2025-11-08T07:57:21.874018+00:00
[2025-11-08T07:57:21.916+0000] {processor.py:179} INFO - Processing /opt/airflow/dags/dbt_dag.py took 0.272 seconds
[2025-11-08T07:57:52.218+0000] {processor.py:157} INFO - Started process (PID=313) to work on /opt/airflow/dags/dbt_dag.py
[2025-11-08T07:57:52.219+0000] {processor.py:829} INFO - Processing file /opt/airflow/dags/dbt_dag.py for tasks to queue
[2025-11-08T07:57:52.220+0000] {logging_mixin.py:151} INFO - [2025-11-08T07:57:52.219+0000] {dagbag.py:539} INFO - Filling up the DagBag from /opt/airflow/dags/dbt_dag.py
[2025-11-08T07:57:52.253+0000] {processor.py:839} INFO - DAG(s) dict_keys(['dbt_transform']) retrieved from /opt/airflow/dags/dbt_dag.py
[2025-11-08T07:57:52.307+0000] {logging_mixin.py:151} INFO - [2025-11-08T07:57:52.306+0000] {dag.py:2915} INFO - Sync 1 DAGs
[2025-11-08T07:57:52.340+0000] {logging_mixin.py:151} INFO - [2025-11-08T07:57:52.339+0000] {dag.py:3696} INFO - Setting next_dagrun for dbt_transform to 2025-11-08T07:52:52.339504+00:00, run_after=2025-11-08T07:57:52.339504+00:00
[2025-11-08T07:57:52.365+0000] {processor.py:179} INFO - Processing /opt/airflow/dags/dbt_dag.py took 0.151 seconds
[2025-11-08T07:58:22.607+0000] {processor.py:157} INFO - Started process (PID=318) to work on /opt/airflow/dags/dbt_dag.py
[2025-11-08T07:58:22.609+0000] {processor.py:829} INFO - Processing file /opt/airflow/dags/dbt_dag.py for tasks to queue
[2025-11-08T07:58:22.612+0000] {logging_mixin.py:151} INFO - [2025-11-08T07:58:22.611+0000] {dagbag.py:539} INFO - Filling up the DagBag from /opt/airflow/dags/dbt_dag.py
[2025-11-08T07:58:22.662+0000] {processor.py:839} INFO - DAG(s) dict_keys(['dbt_transform']) retrieved from /opt/airflow/dags/dbt_dag.py
[2025-11-08T07:58:22.744+0000] {logging_mixin.py:151} INFO - [2025-11-08T07:58:22.744+0000] {dag.py:2915} INFO - Sync 1 DAGs
[2025-11-08T07:58:22.813+0000] {logging_mixin.py:151} INFO - [2025-11-08T07:58:22.812+0000] {dag.py:3696} INFO - Setting next_dagrun for dbt_transform to 2025-11-08T07:53:22.812402+00:00, run_after=2025-11-08T07:58:22.812402+00:00
[2025-11-08T07:58:22.859+0000] {processor.py:179} INFO - Processing /opt/airflow/dags/dbt_dag.py took 0.260 seconds
[2025-11-08T07:58:52.971+0000] {processor.py:157} INFO - Started process (PID=323) to work on /opt/airflow/dags/dbt_dag.py
[2025-11-08T07:58:52.979+0000] {processor.py:829} INFO - Processing file /opt/airflow/dags/dbt_dag.py for tasks to queue
[2025-11-08T07:58:52.982+0000] {logging_mixin.py:151} INFO - [2025-11-08T07:58:52.981+0000] {dagbag.py:539} INFO - Filling up the DagBag from /opt/airflow/dags/dbt_dag.py
[2025-11-08T07:58:53.044+0000] {processor.py:839} INFO - DAG(s) dict_keys(['dbt_transform']) retrieved from /opt/airflow/dags/dbt_dag.py
[2025-11-08T07:58:53.155+0000] {logging_mixin.py:151} INFO - [2025-11-08T07:58:53.154+0000] {dag.py:2915} INFO - Sync 1 DAGs
[2025-11-08T07:58:53.202+0000] {logging_mixin.py:151} INFO - [2025-11-08T07:58:53.202+0000] {dag.py:3696} INFO - Setting next_dagrun for dbt_transform to 2025-11-08T07:53:53.201689+00:00, run_after=2025-11-08T07:58:53.201689+00:00
[2025-11-08T07:58:53.247+0000] {processor.py:179} INFO - Processing /opt/airflow/dags/dbt_dag.py took 0.288 seconds
[2025-11-08T07:59:23.430+0000] {processor.py:157} INFO - Started process (PID=328) to work on /opt/airflow/dags/dbt_dag.py
[2025-11-08T07:59:23.433+0000] {processor.py:829} INFO - Processing file /opt/airflow/dags/dbt_dag.py for tasks to queue
[2025-11-08T07:59:23.434+0000] {logging_mixin.py:151} INFO - [2025-11-08T07:59:23.434+0000] {dagbag.py:539} INFO - Filling up the DagBag from /opt/airflow/dags/dbt_dag.py
[2025-11-08T07:59:23.463+0000] {processor.py:839} INFO - DAG(s) dict_keys(['dbt_transform']) retrieved from /opt/airflow/dags/dbt_dag.py
[2025-11-08T07:59:23.511+0000] {logging_mixin.py:151} INFO - [2025-11-08T07:59:23.511+0000] {dag.py:2915} INFO - Sync 1 DAGs
[2025-11-08T07:59:23.541+0000] {logging_mixin.py:151} INFO - [2025-11-08T07:59:23.541+0000] {dag.py:3696} INFO - Setting next_dagrun for dbt_transform to 2025-11-08T07:54:23.541358+00:00, run_after=2025-11-08T07:59:23.541358+00:00
[2025-11-08T07:59:23.572+0000] {processor.py:179} INFO - Processing /opt/airflow/dags/dbt_dag.py took 0.153 seconds
[2025-11-08T07:59:53.744+0000] {processor.py:157} INFO - Started process (PID=333) to work on /opt/airflow/dags/dbt_dag.py
[2025-11-08T07:59:53.745+0000] {processor.py:829} INFO - Processing file /opt/airflow/dags/dbt_dag.py for tasks to queue
[2025-11-08T07:59:53.746+0000] {logging_mixin.py:151} INFO - [2025-11-08T07:59:53.746+0000] {dagbag.py:539} INFO - Filling up the DagBag from /opt/airflow/dags/dbt_dag.py
[2025-11-08T07:59:53.776+0000] {processor.py:839} INFO - DAG(s) dict_keys(['dbt_transform']) retrieved from /opt/airflow/dags/dbt_dag.py
[2025-11-08T07:59:53.819+0000] {logging_mixin.py:151} INFO - [2025-11-08T07:59:53.819+0000] {dag.py:2915} INFO - Sync 1 DAGs
[2025-11-08T07:59:53.852+0000] {logging_mixin.py:151} INFO - [2025-11-08T07:59:53.851+0000] {dag.py:3696} INFO - Setting next_dagrun for dbt_transform to 2025-11-08T07:54:53.851349+00:00, run_after=2025-11-08T07:59:53.851349+00:00
[2025-11-08T07:59:53.880+0000] {processor.py:179} INFO - Processing /opt/airflow/dags/dbt_dag.py took 0.141 seconds
[2025-11-08T08:00:24.047+0000] {processor.py:157} INFO - Started process (PID=338) to work on /opt/airflow/dags/dbt_dag.py
[2025-11-08T08:00:24.053+0000] {processor.py:829} INFO - Processing file /opt/airflow/dags/dbt_dag.py for tasks to queue
[2025-11-08T08:00:24.056+0000] {logging_mixin.py:151} INFO - [2025-11-08T08:00:24.055+0000] {dagbag.py:539} INFO - Filling up the DagBag from /opt/airflow/dags/dbt_dag.py
[2025-11-08T08:00:24.124+0000] {processor.py:839} INFO - DAG(s) dict_keys(['dbt_transform']) retrieved from /opt/airflow/dags/dbt_dag.py
[2025-11-08T08:00:24.206+0000] {logging_mixin.py:151} INFO - [2025-11-08T08:00:24.206+0000] {dag.py:2915} INFO - Sync 1 DAGs
[2025-11-08T08:00:24.240+0000] {logging_mixin.py:151} INFO - [2025-11-08T08:00:24.240+0000] {dag.py:3696} INFO - Setting next_dagrun for dbt_transform to 2025-11-08T07:55:24.240140+00:00, run_after=2025-11-08T08:00:24.240140+00:00
[2025-11-08T08:00:24.271+0000] {processor.py:179} INFO - Processing /opt/airflow/dags/dbt_dag.py took 0.249 seconds
[2025-11-08T08:00:54.490+0000] {processor.py:157} INFO - Started process (PID=343) to work on /opt/airflow/dags/dbt_dag.py
[2025-11-08T08:00:54.491+0000] {processor.py:829} INFO - Processing file /opt/airflow/dags/dbt_dag.py for tasks to queue
[2025-11-08T08:00:54.492+0000] {logging_mixin.py:151} INFO - [2025-11-08T08:00:54.492+0000] {dagbag.py:539} INFO - Filling up the DagBag from /opt/airflow/dags/dbt_dag.py
[2025-11-08T08:00:54.514+0000] {processor.py:839} INFO - DAG(s) dict_keys(['dbt_transform']) retrieved from /opt/airflow/dags/dbt_dag.py
[2025-11-08T08:00:54.551+0000] {logging_mixin.py:151} INFO - [2025-11-08T08:00:54.550+0000] {dag.py:2915} INFO - Sync 1 DAGs
[2025-11-08T08:00:54.577+0000] {logging_mixin.py:151} INFO - [2025-11-08T08:00:54.577+0000] {dag.py:3696} INFO - Setting next_dagrun for dbt_transform to 2025-11-08T07:55:54.577222+00:00, run_after=2025-11-08T08:00:54.577222+00:00
[2025-11-08T08:00:54.595+0000] {processor.py:179} INFO - Processing /opt/airflow/dags/dbt_dag.py took 0.110 seconds
[2025-11-08T08:01:24.696+0000] {processor.py:157} INFO - Started process (PID=348) to work on /opt/airflow/dags/dbt_dag.py
[2025-11-08T08:01:24.697+0000] {processor.py:829} INFO - Processing file /opt/airflow/dags/dbt_dag.py for tasks to queue
[2025-11-08T08:01:24.699+0000] {logging_mixin.py:151} INFO - [2025-11-08T08:01:24.698+0000] {dagbag.py:539} INFO - Filling up the DagBag from /opt/airflow/dags/dbt_dag.py
[2025-11-08T08:01:24.739+0000] {processor.py:839} INFO - DAG(s) dict_keys(['dbt_transform']) retrieved from /opt/airflow/dags/dbt_dag.py
[2025-11-08T08:01:24.794+0000] {logging_mixin.py:151} INFO - [2025-11-08T08:01:24.794+0000] {dag.py:2915} INFO - Sync 1 DAGs
[2025-11-08T08:01:24.831+0000] {logging_mixin.py:151} INFO - [2025-11-08T08:01:24.831+0000] {dag.py:3696} INFO - Setting next_dagrun for dbt_transform to 2025-11-08T07:56:24.830310+00:00, run_after=2025-11-08T08:01:24.830310+00:00
[2025-11-08T08:01:24.868+0000] {processor.py:179} INFO - Processing /opt/airflow/dags/dbt_dag.py took 0.180 seconds
[2025-11-08T08:01:54.918+0000] {processor.py:157} INFO - Started process (PID=353) to work on /opt/airflow/dags/dbt_dag.py
[2025-11-08T08:01:54.919+0000] {processor.py:829} INFO - Processing file /opt/airflow/dags/dbt_dag.py for tasks to queue
[2025-11-08T08:01:54.920+0000] {logging_mixin.py:151} INFO - [2025-11-08T08:01:54.920+0000] {dagbag.py:539} INFO - Filling up the DagBag from /opt/airflow/dags/dbt_dag.py
[2025-11-08T08:01:54.941+0000] {processor.py:839} INFO - DAG(s) dict_keys(['dbt_transform']) retrieved from /opt/airflow/dags/dbt_dag.py
[2025-11-08T08:01:54.976+0000] {logging_mixin.py:151} INFO - [2025-11-08T08:01:54.976+0000] {dag.py:2915} INFO - Sync 1 DAGs
[2025-11-08T08:01:54.997+0000] {logging_mixin.py:151} INFO - [2025-11-08T08:01:54.997+0000] {dag.py:3696} INFO - Setting next_dagrun for dbt_transform to 2025-11-08T07:56:54.996773+00:00, run_after=2025-11-08T08:01:54.996773+00:00
[2025-11-08T08:01:55.022+0000] {processor.py:179} INFO - Processing /opt/airflow/dags/dbt_dag.py took 0.108 seconds
[2025-11-08T08:02:25.191+0000] {processor.py:157} INFO - Started process (PID=358) to work on /opt/airflow/dags/dbt_dag.py
[2025-11-08T08:02:25.192+0000] {processor.py:829} INFO - Processing file /opt/airflow/dags/dbt_dag.py for tasks to queue
[2025-11-08T08:02:25.193+0000] {logging_mixin.py:151} INFO - [2025-11-08T08:02:25.193+0000] {dagbag.py:539} INFO - Filling up the DagBag from /opt/airflow/dags/dbt_dag.py
[2025-11-08T08:02:25.220+0000] {processor.py:839} INFO - DAG(s) dict_keys(['dbt_transform']) retrieved from /opt/airflow/dags/dbt_dag.py
[2025-11-08T08:02:25.262+0000] {logging_mixin.py:151} INFO - [2025-11-08T08:02:25.261+0000] {dag.py:2915} INFO - Sync 1 DAGs
[2025-11-08T08:02:25.287+0000] {logging_mixin.py:151} INFO - [2025-11-08T08:02:25.287+0000] {dag.py:3696} INFO - Setting next_dagrun for dbt_transform to 2025-11-08T07:57:25.286902+00:00, run_after=2025-11-08T08:02:25.286902+00:00
[2025-11-08T08:02:25.309+0000] {processor.py:179} INFO - Processing /opt/airflow/dags/dbt_dag.py took 0.122 seconds
[2025-11-08T08:02:55.439+0000] {processor.py:157} INFO - Started process (PID=363) to work on /opt/airflow/dags/dbt_dag.py
[2025-11-08T08:02:55.441+0000] {processor.py:829} INFO - Processing file /opt/airflow/dags/dbt_dag.py for tasks to queue
[2025-11-08T08:02:55.443+0000] {logging_mixin.py:151} INFO - [2025-11-08T08:02:55.442+0000] {dagbag.py:539} INFO - Filling up the DagBag from /opt/airflow/dags/dbt_dag.py
[2025-11-08T08:02:55.502+0000] {processor.py:839} INFO - DAG(s) dict_keys(['dbt_transform']) retrieved from /opt/airflow/dags/dbt_dag.py
[2025-11-08T08:02:55.584+0000] {logging_mixin.py:151} INFO - [2025-11-08T08:02:55.583+0000] {dag.py:2915} INFO - Sync 1 DAGs
[2025-11-08T08:02:55.642+0000] {logging_mixin.py:151} INFO - [2025-11-08T08:02:55.642+0000] {dag.py:3696} INFO - Setting next_dagrun for dbt_transform to 2025-11-08T07:57:55.641769+00:00, run_after=2025-11-08T08:02:55.641769+00:00
[2025-11-08T08:02:55.684+0000] {processor.py:179} INFO - Processing /opt/airflow/dags/dbt_dag.py took 0.258 seconds
[2025-11-08T08:03:25.887+0000] {processor.py:157} INFO - Started process (PID=368) to work on /opt/airflow/dags/dbt_dag.py
[2025-11-08T08:03:25.888+0000] {processor.py:829} INFO - Processing file /opt/airflow/dags/dbt_dag.py for tasks to queue
[2025-11-08T08:03:25.889+0000] {logging_mixin.py:151} INFO - [2025-11-08T08:03:25.889+0000] {dagbag.py:539} INFO - Filling up the DagBag from /opt/airflow/dags/dbt_dag.py
[2025-11-08T08:03:25.917+0000] {processor.py:839} INFO - DAG(s) dict_keys(['dbt_transform']) retrieved from /opt/airflow/dags/dbt_dag.py
[2025-11-08T08:03:25.957+0000] {logging_mixin.py:151} INFO - [2025-11-08T08:03:25.957+0000] {dag.py:2915} INFO - Sync 1 DAGs
[2025-11-08T08:03:25.984+0000] {logging_mixin.py:151} INFO - [2025-11-08T08:03:25.983+0000] {dag.py:3696} INFO - Setting next_dagrun for dbt_transform to 2025-11-08T07:58:25.983600+00:00, run_after=2025-11-08T08:03:25.983600+00:00
[2025-11-08T08:03:26.007+0000] {processor.py:179} INFO - Processing /opt/airflow/dags/dbt_dag.py took 0.124 seconds
[2025-11-08T08:03:56.054+0000] {processor.py:157} INFO - Started process (PID=373) to work on /opt/airflow/dags/dbt_dag.py
[2025-11-08T08:03:56.055+0000] {processor.py:829} INFO - Processing file /opt/airflow/dags/dbt_dag.py for tasks to queue
[2025-11-08T08:03:56.056+0000] {logging_mixin.py:151} INFO - [2025-11-08T08:03:56.056+0000] {dagbag.py:539} INFO - Filling up the DagBag from /opt/airflow/dags/dbt_dag.py
[2025-11-08T08:03:56.079+0000] {processor.py:839} INFO - DAG(s) dict_keys(['dbt_transform']) retrieved from /opt/airflow/dags/dbt_dag.py
[2025-11-08T08:03:56.111+0000] {logging_mixin.py:151} INFO - [2025-11-08T08:03:56.111+0000] {dag.py:2915} INFO - Sync 1 DAGs
[2025-11-08T08:03:56.132+0000] {logging_mixin.py:151} INFO - [2025-11-08T08:03:56.132+0000] {dag.py:3696} INFO - Setting next_dagrun for dbt_transform to 2025-11-08T07:58:56.132199+00:00, run_after=2025-11-08T08:03:56.132199+00:00
[2025-11-08T08:03:56.158+0000] {processor.py:179} INFO - Processing /opt/airflow/dags/dbt_dag.py took 0.108 seconds
[2025-11-08T08:04:26.339+0000] {processor.py:157} INFO - Started process (PID=378) to work on /opt/airflow/dags/dbt_dag.py
[2025-11-08T08:04:26.340+0000] {processor.py:829} INFO - Processing file /opt/airflow/dags/dbt_dag.py for tasks to queue
[2025-11-08T08:04:26.341+0000] {logging_mixin.py:151} INFO - [2025-11-08T08:04:26.340+0000] {dagbag.py:539} INFO - Filling up the DagBag from /opt/airflow/dags/dbt_dag.py
[2025-11-08T08:04:26.365+0000] {processor.py:839} INFO - DAG(s) dict_keys(['dbt_transform']) retrieved from /opt/airflow/dags/dbt_dag.py
[2025-11-08T08:04:26.399+0000] {logging_mixin.py:151} INFO - [2025-11-08T08:04:26.399+0000] {dag.py:2915} INFO - Sync 1 DAGs
[2025-11-08T08:04:26.424+0000] {logging_mixin.py:151} INFO - [2025-11-08T08:04:26.424+0000] {dag.py:3696} INFO - Setting next_dagrun for dbt_transform to 2025-11-08T07:59:26.424412+00:00, run_after=2025-11-08T08:04:26.424412+00:00
[2025-11-08T08:04:26.447+0000] {processor.py:179} INFO - Processing /opt/airflow/dags/dbt_dag.py took 0.111 seconds
[2025-11-08T08:04:56.508+0000] {processor.py:157} INFO - Started process (PID=383) to work on /opt/airflow/dags/dbt_dag.py
[2025-11-08T08:04:56.509+0000] {processor.py:829} INFO - Processing file /opt/airflow/dags/dbt_dag.py for tasks to queue
[2025-11-08T08:04:56.510+0000] {logging_mixin.py:151} INFO - [2025-11-08T08:04:56.509+0000] {dagbag.py:539} INFO - Filling up the DagBag from /opt/airflow/dags/dbt_dag.py
[2025-11-08T08:04:56.532+0000] {processor.py:839} INFO - DAG(s) dict_keys(['dbt_transform']) retrieved from /opt/airflow/dags/dbt_dag.py
[2025-11-08T08:04:56.564+0000] {logging_mixin.py:151} INFO - [2025-11-08T08:04:56.564+0000] {dag.py:2915} INFO - Sync 1 DAGs
[2025-11-08T08:04:56.587+0000] {logging_mixin.py:151} INFO - [2025-11-08T08:04:56.587+0000] {dag.py:3696} INFO - Setting next_dagrun for dbt_transform to 2025-11-08T07:59:56.587505+00:00, run_after=2025-11-08T08:04:56.587505+00:00
[2025-11-08T08:04:56.608+0000] {processor.py:179} INFO - Processing /opt/airflow/dags/dbt_dag.py took 0.105 seconds
[2025-11-08T08:05:26.761+0000] {processor.py:157} INFO - Started process (PID=388) to work on /opt/airflow/dags/dbt_dag.py
[2025-11-08T08:05:26.761+0000] {processor.py:829} INFO - Processing file /opt/airflow/dags/dbt_dag.py for tasks to queue
[2025-11-08T08:05:26.762+0000] {logging_mixin.py:151} INFO - [2025-11-08T08:05:26.762+0000] {dagbag.py:539} INFO - Filling up the DagBag from /opt/airflow/dags/dbt_dag.py
[2025-11-08T08:05:26.780+0000] {processor.py:839} INFO - DAG(s) dict_keys(['dbt_transform']) retrieved from /opt/airflow/dags/dbt_dag.py
[2025-11-08T08:05:26.810+0000] {logging_mixin.py:151} INFO - [2025-11-08T08:05:26.810+0000] {dag.py:2915} INFO - Sync 1 DAGs
[2025-11-08T08:05:26.834+0000] {logging_mixin.py:151} INFO - [2025-11-08T08:05:26.834+0000] {dag.py:3696} INFO - Setting next_dagrun for dbt_transform to 2025-11-08T08:00:26.834391+00:00, run_after=2025-11-08T08:05:26.834391+00:00
[2025-11-08T08:05:26.859+0000] {processor.py:179} INFO - Processing /opt/airflow/dags/dbt_dag.py took 0.102 seconds
[2025-11-08T08:05:56.933+0000] {processor.py:157} INFO - Started process (PID=393) to work on /opt/airflow/dags/dbt_dag.py
[2025-11-08T08:05:56.934+0000] {processor.py:829} INFO - Processing file /opt/airflow/dags/dbt_dag.py for tasks to queue
[2025-11-08T08:05:56.935+0000] {logging_mixin.py:151} INFO - [2025-11-08T08:05:56.935+0000] {dagbag.py:539} INFO - Filling up the DagBag from /opt/airflow/dags/dbt_dag.py
[2025-11-08T08:05:56.962+0000] {processor.py:839} INFO - DAG(s) dict_keys(['dbt_transform']) retrieved from /opt/airflow/dags/dbt_dag.py
[2025-11-08T08:05:56.978+0000] {logging_mixin.py:151} INFO - [2025-11-08T08:05:56.978+0000] {dag.py:2915} INFO - Sync 1 DAGs
[2025-11-08T08:05:57.001+0000] {logging_mixin.py:151} INFO - [2025-11-08T08:05:57.001+0000] {dag.py:3696} INFO - Setting next_dagrun for dbt_transform to 2025-11-08T08:00:57.001210+00:00, run_after=2025-11-08T08:05:57.001210+00:00
[2025-11-08T08:05:57.024+0000] {processor.py:179} INFO - Processing /opt/airflow/dags/dbt_dag.py took 0.094 seconds
[2025-11-08T08:06:27.211+0000] {processor.py:157} INFO - Started process (PID=398) to work on /opt/airflow/dags/dbt_dag.py
[2025-11-08T08:06:27.212+0000] {processor.py:829} INFO - Processing file /opt/airflow/dags/dbt_dag.py for tasks to queue
[2025-11-08T08:06:27.215+0000] {logging_mixin.py:151} INFO - [2025-11-08T08:06:27.214+0000] {dagbag.py:539} INFO - Filling up the DagBag from /opt/airflow/dags/dbt_dag.py
[2025-11-08T08:06:27.269+0000] {processor.py:839} INFO - DAG(s) dict_keys(['dbt_transform']) retrieved from /opt/airflow/dags/dbt_dag.py
[2025-11-08T08:06:27.364+0000] {logging_mixin.py:151} INFO - [2025-11-08T08:06:27.363+0000] {dag.py:2915} INFO - Sync 1 DAGs
[2025-11-08T08:06:27.416+0000] {logging_mixin.py:151} INFO - [2025-11-08T08:06:27.416+0000] {dag.py:3696} INFO - Setting next_dagrun for dbt_transform to 2025-11-08T08:01:27.415669+00:00, run_after=2025-11-08T08:06:27.415669+00:00
[2025-11-08T08:06:27.453+0000] {processor.py:179} INFO - Processing /opt/airflow/dags/dbt_dag.py took 0.254 seconds
[2025-11-08T08:06:57.644+0000] {processor.py:157} INFO - Started process (PID=428) to work on /opt/airflow/dags/dbt_dag.py
[2025-11-08T08:06:57.645+0000] {processor.py:829} INFO - Processing file /opt/airflow/dags/dbt_dag.py for tasks to queue
[2025-11-08T08:06:57.647+0000] {logging_mixin.py:151} INFO - [2025-11-08T08:06:57.647+0000] {dagbag.py:539} INFO - Filling up the DagBag from /opt/airflow/dags/dbt_dag.py
[2025-11-08T08:06:57.673+0000] {processor.py:839} INFO - DAG(s) dict_keys(['dbt_transform']) retrieved from /opt/airflow/dags/dbt_dag.py
[2025-11-08T08:06:57.710+0000] {logging_mixin.py:151} INFO - [2025-11-08T08:06:57.710+0000] {dag.py:2915} INFO - Sync 1 DAGs
[2025-11-08T08:06:57.738+0000] {logging_mixin.py:151} INFO - [2025-11-08T08:06:57.737+0000] {dag.py:3696} INFO - Setting next_dagrun for dbt_transform to 2025-11-08T08:06:27.415669+00:00, run_after=2025-11-08T08:11:27.415669+00:00
[2025-11-08T08:06:57.760+0000] {processor.py:179} INFO - Processing /opt/airflow/dags/dbt_dag.py took 0.120 seconds
[2025-11-08T08:07:27.845+0000] {processor.py:157} INFO - Started process (PID=433) to work on /opt/airflow/dags/dbt_dag.py
[2025-11-08T08:07:27.846+0000] {processor.py:829} INFO - Processing file /opt/airflow/dags/dbt_dag.py for tasks to queue
[2025-11-08T08:07:27.847+0000] {logging_mixin.py:151} INFO - [2025-11-08T08:07:27.846+0000] {dagbag.py:539} INFO - Filling up the DagBag from /opt/airflow/dags/dbt_dag.py
[2025-11-08T08:07:27.874+0000] {processor.py:839} INFO - DAG(s) dict_keys(['dbt_transform']) retrieved from /opt/airflow/dags/dbt_dag.py
[2025-11-08T08:07:27.928+0000] {logging_mixin.py:151} INFO - [2025-11-08T08:07:27.928+0000] {dag.py:2915} INFO - Sync 1 DAGs
[2025-11-08T08:07:27.957+0000] {logging_mixin.py:151} INFO - [2025-11-08T08:07:27.957+0000] {dag.py:3696} INFO - Setting next_dagrun for dbt_transform to 2025-11-08T08:06:27.415669+00:00, run_after=2025-11-08T08:11:27.415669+00:00
[2025-11-08T08:07:27.984+0000] {processor.py:179} INFO - Processing /opt/airflow/dags/dbt_dag.py took 0.145 seconds
[2025-11-08T08:07:58.256+0000] {processor.py:157} INFO - Started process (PID=438) to work on /opt/airflow/dags/dbt_dag.py
[2025-11-08T08:07:58.263+0000] {processor.py:829} INFO - Processing file /opt/airflow/dags/dbt_dag.py for tasks to queue
[2025-11-08T08:07:58.265+0000] {logging_mixin.py:151} INFO - [2025-11-08T08:07:58.264+0000] {dagbag.py:539} INFO - Filling up the DagBag from /opt/airflow/dags/dbt_dag.py
[2025-11-08T08:07:58.297+0000] {processor.py:839} INFO - DAG(s) dict_keys(['dbt_transform']) retrieved from /opt/airflow/dags/dbt_dag.py
[2025-11-08T08:07:58.352+0000] {logging_mixin.py:151} INFO - [2025-11-08T08:07:58.352+0000] {dag.py:2915} INFO - Sync 1 DAGs
[2025-11-08T08:07:58.393+0000] {logging_mixin.py:151} INFO - [2025-11-08T08:07:58.392+0000] {dag.py:3696} INFO - Setting next_dagrun for dbt_transform to 2025-11-08T08:06:27.415669+00:00, run_after=2025-11-08T08:11:27.415669+00:00
[2025-11-08T08:07:58.445+0000] {processor.py:179} INFO - Processing /opt/airflow/dags/dbt_dag.py took 0.198 seconds
[2025-11-08T08:08:28.669+0000] {processor.py:157} INFO - Started process (PID=443) to work on /opt/airflow/dags/dbt_dag.py
[2025-11-08T08:08:28.671+0000] {processor.py:829} INFO - Processing file /opt/airflow/dags/dbt_dag.py for tasks to queue
[2025-11-08T08:08:28.673+0000] {logging_mixin.py:151} INFO - [2025-11-08T08:08:28.672+0000] {dagbag.py:539} INFO - Filling up the DagBag from /opt/airflow/dags/dbt_dag.py
[2025-11-08T08:08:28.719+0000] {processor.py:839} INFO - DAG(s) dict_keys(['dbt_transform']) retrieved from /opt/airflow/dags/dbt_dag.py
[2025-11-08T08:08:28.781+0000] {logging_mixin.py:151} INFO - [2025-11-08T08:08:28.781+0000] {dag.py:2915} INFO - Sync 1 DAGs
[2025-11-08T08:08:28.828+0000] {logging_mixin.py:151} INFO - [2025-11-08T08:08:28.828+0000] {dag.py:3696} INFO - Setting next_dagrun for dbt_transform to 2025-11-08T08:06:27.415669+00:00, run_after=2025-11-08T08:11:27.415669+00:00
[2025-11-08T08:08:28.870+0000] {processor.py:179} INFO - Processing /opt/airflow/dags/dbt_dag.py took 0.206 seconds
[2025-11-08T08:08:59.137+0000] {processor.py:157} INFO - Started process (PID=448) to work on /opt/airflow/dags/dbt_dag.py
[2025-11-08T08:08:59.138+0000] {processor.py:829} INFO - Processing file /opt/airflow/dags/dbt_dag.py for tasks to queue
[2025-11-08T08:08:59.140+0000] {logging_mixin.py:151} INFO - [2025-11-08T08:08:59.139+0000] {dagbag.py:539} INFO - Filling up the DagBag from /opt/airflow/dags/dbt_dag.py
[2025-11-08T08:08:59.167+0000] {processor.py:839} INFO - DAG(s) dict_keys(['dbt_transform']) retrieved from /opt/airflow/dags/dbt_dag.py
[2025-11-08T08:08:59.217+0000] {logging_mixin.py:151} INFO - [2025-11-08T08:08:59.217+0000] {dag.py:2915} INFO - Sync 1 DAGs
[2025-11-08T08:08:59.246+0000] {logging_mixin.py:151} INFO - [2025-11-08T08:08:59.246+0000] {dag.py:3696} INFO - Setting next_dagrun for dbt_transform to 2025-11-08T08:06:27.415669+00:00, run_after=2025-11-08T08:11:27.415669+00:00
[2025-11-08T08:08:59.277+0000] {processor.py:179} INFO - Processing /opt/airflow/dags/dbt_dag.py took 0.145 seconds
[2025-11-08T08:09:29.567+0000] {processor.py:157} INFO - Started process (PID=453) to work on /opt/airflow/dags/dbt_dag.py
[2025-11-08T08:09:29.569+0000] {processor.py:829} INFO - Processing file /opt/airflow/dags/dbt_dag.py for tasks to queue
[2025-11-08T08:09:29.571+0000] {logging_mixin.py:151} INFO - [2025-11-08T08:09:29.571+0000] {dagbag.py:539} INFO - Filling up the DagBag from /opt/airflow/dags/dbt_dag.py
[2025-11-08T08:09:29.627+0000] {processor.py:839} INFO - DAG(s) dict_keys(['dbt_transform']) retrieved from /opt/airflow/dags/dbt_dag.py
[2025-11-08T08:09:29.714+0000] {logging_mixin.py:151} INFO - [2025-11-08T08:09:29.713+0000] {dag.py:2915} INFO - Sync 1 DAGs
[2025-11-08T08:09:29.777+0000] {logging_mixin.py:151} INFO - [2025-11-08T08:09:29.776+0000] {dag.py:3696} INFO - Setting next_dagrun for dbt_transform to 2025-11-08T08:06:27.415669+00:00, run_after=2025-11-08T08:11:27.415669+00:00
[2025-11-08T08:09:29.833+0000] {processor.py:179} INFO - Processing /opt/airflow/dags/dbt_dag.py took 0.272 seconds
[2025-11-08T08:10:00.179+0000] {processor.py:157} INFO - Started process (PID=458) to work on /opt/airflow/dags/dbt_dag.py
[2025-11-08T08:10:00.181+0000] {processor.py:829} INFO - Processing file /opt/airflow/dags/dbt_dag.py for tasks to queue
[2025-11-08T08:10:00.184+0000] {logging_mixin.py:151} INFO - [2025-11-08T08:10:00.183+0000] {dagbag.py:539} INFO - Filling up the DagBag from /opt/airflow/dags/dbt_dag.py
[2025-11-08T08:10:00.217+0000] {processor.py:839} INFO - DAG(s) dict_keys(['dbt_transform']) retrieved from /opt/airflow/dags/dbt_dag.py
[2025-11-08T08:10:00.268+0000] {logging_mixin.py:151} INFO - [2025-11-08T08:10:00.268+0000] {dag.py:2915} INFO - Sync 1 DAGs
[2025-11-08T08:10:00.304+0000] {logging_mixin.py:151} INFO - [2025-11-08T08:10:00.304+0000] {dag.py:3696} INFO - Setting next_dagrun for dbt_transform to 2025-11-08T08:06:27.415669+00:00, run_after=2025-11-08T08:11:27.415669+00:00
[2025-11-08T08:10:00.328+0000] {processor.py:179} INFO - Processing /opt/airflow/dags/dbt_dag.py took 0.159 seconds
[2025-11-08T08:10:30.480+0000] {processor.py:157} INFO - Started process (PID=463) to work on /opt/airflow/dags/dbt_dag.py
[2025-11-08T08:10:30.483+0000] {processor.py:829} INFO - Processing file /opt/airflow/dags/dbt_dag.py for tasks to queue
[2025-11-08T08:10:30.486+0000] {logging_mixin.py:151} INFO - [2025-11-08T08:10:30.485+0000] {dagbag.py:539} INFO - Filling up the DagBag from /opt/airflow/dags/dbt_dag.py
[2025-11-08T08:10:30.551+0000] {processor.py:839} INFO - DAG(s) dict_keys(['dbt_transform']) retrieved from /opt/airflow/dags/dbt_dag.py
[2025-11-08T08:10:30.632+0000] {logging_mixin.py:151} INFO - [2025-11-08T08:10:30.632+0000] {dag.py:2915} INFO - Sync 1 DAGs
[2025-11-08T08:10:30.679+0000] {logging_mixin.py:151} INFO - [2025-11-08T08:10:30.679+0000] {dag.py:3696} INFO - Setting next_dagrun for dbt_transform to 2025-11-08T08:06:27.415669+00:00, run_after=2025-11-08T08:11:27.415669+00:00
[2025-11-08T08:10:30.721+0000] {processor.py:179} INFO - Processing /opt/airflow/dags/dbt_dag.py took 0.252 seconds
[2025-11-08T08:11:00.967+0000] {processor.py:157} INFO - Started process (PID=468) to work on /opt/airflow/dags/dbt_dag.py
[2025-11-08T08:11:00.969+0000] {processor.py:829} INFO - Processing file /opt/airflow/dags/dbt_dag.py for tasks to queue
[2025-11-08T08:11:00.971+0000] {logging_mixin.py:151} INFO - [2025-11-08T08:11:00.971+0000] {dagbag.py:539} INFO - Filling up the DagBag from /opt/airflow/dags/dbt_dag.py
[2025-11-08T08:11:01.023+0000] {processor.py:839} INFO - DAG(s) dict_keys(['dbt_transform']) retrieved from /opt/airflow/dags/dbt_dag.py
[2025-11-08T08:11:01.099+0000] {logging_mixin.py:151} INFO - [2025-11-08T08:11:01.098+0000] {dag.py:2915} INFO - Sync 1 DAGs
[2025-11-08T08:11:01.160+0000] {logging_mixin.py:151} INFO - [2025-11-08T08:11:01.159+0000] {dag.py:3696} INFO - Setting next_dagrun for dbt_transform to 2025-11-08T08:06:27.415669+00:00, run_after=2025-11-08T08:11:27.415669+00:00
[2025-11-08T08:11:01.217+0000] {processor.py:179} INFO - Processing /opt/airflow/dags/dbt_dag.py took 0.256 seconds
[2025-11-08T08:11:31.385+0000] {processor.py:157} INFO - Started process (PID=474) to work on /opt/airflow/dags/dbt_dag.py
[2025-11-08T08:11:31.388+0000] {processor.py:829} INFO - Processing file /opt/airflow/dags/dbt_dag.py for tasks to queue
[2025-11-08T08:11:31.391+0000] {logging_mixin.py:151} INFO - [2025-11-08T08:11:31.390+0000] {dagbag.py:539} INFO - Filling up the DagBag from /opt/airflow/dags/dbt_dag.py
[2025-11-08T08:11:31.445+0000] {processor.py:839} INFO - DAG(s) dict_keys(['dbt_transform']) retrieved from /opt/airflow/dags/dbt_dag.py
[2025-11-08T08:11:31.539+0000] {logging_mixin.py:151} INFO - [2025-11-08T08:11:31.538+0000] {dag.py:2915} INFO - Sync 1 DAGs
[2025-11-08T08:11:31.588+0000] {logging_mixin.py:151} INFO - [2025-11-08T08:11:31.588+0000] {dag.py:3696} INFO - Setting next_dagrun for dbt_transform to 2025-11-08T08:11:27.415669+00:00, run_after=2025-11-08T08:16:27.415669+00:00
[2025-11-08T08:11:31.622+0000] {processor.py:179} INFO - Processing /opt/airflow/dags/dbt_dag.py took 0.248 seconds
[2025-11-08T08:12:01.824+0000] {processor.py:157} INFO - Started process (PID=533) to work on /opt/airflow/dags/dbt_dag.py
[2025-11-08T08:12:01.826+0000] {processor.py:829} INFO - Processing file /opt/airflow/dags/dbt_dag.py for tasks to queue
[2025-11-08T08:12:01.829+0000] {logging_mixin.py:151} INFO - [2025-11-08T08:12:01.828+0000] {dagbag.py:539} INFO - Filling up the DagBag from /opt/airflow/dags/dbt_dag.py
[2025-11-08T08:12:01.879+0000] {processor.py:839} INFO - DAG(s) dict_keys(['dbt_transform']) retrieved from /opt/airflow/dags/dbt_dag.py
[2025-11-08T08:12:01.953+0000] {logging_mixin.py:151} INFO - [2025-11-08T08:12:01.952+0000] {dag.py:2915} INFO - Sync 1 DAGs
[2025-11-08T08:12:02.016+0000] {logging_mixin.py:151} INFO - [2025-11-08T08:12:02.016+0000] {dag.py:3696} INFO - Setting next_dagrun for dbt_transform to 2025-11-08T08:11:58.526818+00:00, run_after=2025-11-08T08:16:58.526818+00:00
[2025-11-08T08:12:02.063+0000] {processor.py:179} INFO - Processing /opt/airflow/dags/dbt_dag.py took 0.250 seconds
[2025-11-08T08:12:32.168+0000] {processor.py:157} INFO - Started process (PID=538) to work on /opt/airflow/dags/dbt_dag.py
[2025-11-08T08:12:32.170+0000] {processor.py:829} INFO - Processing file /opt/airflow/dags/dbt_dag.py for tasks to queue
[2025-11-08T08:12:32.171+0000] {logging_mixin.py:151} INFO - [2025-11-08T08:12:32.171+0000] {dagbag.py:539} INFO - Filling up the DagBag from /opt/airflow/dags/dbt_dag.py
[2025-11-08T08:12:32.205+0000] {processor.py:839} INFO - DAG(s) dict_keys(['dbt_transform']) retrieved from /opt/airflow/dags/dbt_dag.py
[2025-11-08T08:12:32.262+0000] {logging_mixin.py:151} INFO - [2025-11-08T08:12:32.261+0000] {dag.py:2915} INFO - Sync 1 DAGs
[2025-11-08T08:12:32.301+0000] {logging_mixin.py:151} INFO - [2025-11-08T08:12:32.301+0000] {dag.py:3696} INFO - Setting next_dagrun for dbt_transform to 2025-11-08T08:11:58.526818+00:00, run_after=2025-11-08T08:16:58.526818+00:00
[2025-11-08T08:12:32.338+0000] {processor.py:179} INFO - Processing /opt/airflow/dags/dbt_dag.py took 0.176 seconds
[2025-11-08T08:13:02.663+0000] {processor.py:157} INFO - Started process (PID=543) to work on /opt/airflow/dags/dbt_dag.py
[2025-11-08T08:13:02.665+0000] {processor.py:829} INFO - Processing file /opt/airflow/dags/dbt_dag.py for tasks to queue
[2025-11-08T08:13:02.667+0000] {logging_mixin.py:151} INFO - [2025-11-08T08:13:02.666+0000] {dagbag.py:539} INFO - Filling up the DagBag from /opt/airflow/dags/dbt_dag.py
[2025-11-08T08:13:02.717+0000] {processor.py:839} INFO - DAG(s) dict_keys(['dbt_transform']) retrieved from /opt/airflow/dags/dbt_dag.py
[2025-11-08T08:13:02.793+0000] {logging_mixin.py:151} INFO - [2025-11-08T08:13:02.792+0000] {dag.py:2915} INFO - Sync 1 DAGs
[2025-11-08T08:13:02.879+0000] {logging_mixin.py:151} INFO - [2025-11-08T08:13:02.878+0000] {dag.py:3696} INFO - Setting next_dagrun for dbt_transform to 2025-11-08T08:11:58.526818+00:00, run_after=2025-11-08T08:16:58.526818+00:00
[2025-11-08T08:13:02.955+0000] {processor.py:179} INFO - Processing /opt/airflow/dags/dbt_dag.py took 0.300 seconds
[2025-11-08T08:13:33.310+0000] {processor.py:157} INFO - Started process (PID=548) to work on /opt/airflow/dags/dbt_dag.py
[2025-11-08T08:13:33.314+0000] {processor.py:829} INFO - Processing file /opt/airflow/dags/dbt_dag.py for tasks to queue
[2025-11-08T08:13:33.316+0000] {logging_mixin.py:151} INFO - [2025-11-08T08:13:33.315+0000] {dagbag.py:539} INFO - Filling up the DagBag from /opt/airflow/dags/dbt_dag.py
[2025-11-08T08:13:33.375+0000] {processor.py:839} INFO - DAG(s) dict_keys(['dbt_transform']) retrieved from /opt/airflow/dags/dbt_dag.py
[2025-11-08T08:13:33.457+0000] {logging_mixin.py:151} INFO - [2025-11-08T08:13:33.456+0000] {dag.py:2915} INFO - Sync 1 DAGs
[2025-11-08T08:13:33.522+0000] {logging_mixin.py:151} INFO - [2025-11-08T08:13:33.521+0000] {dag.py:3696} INFO - Setting next_dagrun for dbt_transform to 2025-11-08T08:11:58.526818+00:00, run_after=2025-11-08T08:16:58.526818+00:00
[2025-11-08T08:13:33.588+0000] {processor.py:179} INFO - Processing /opt/airflow/dags/dbt_dag.py took 0.288 seconds
[2025-11-08T08:14:03.889+0000] {processor.py:157} INFO - Started process (PID=553) to work on /opt/airflow/dags/dbt_dag.py
[2025-11-08T08:14:03.890+0000] {processor.py:829} INFO - Processing file /opt/airflow/dags/dbt_dag.py for tasks to queue
[2025-11-08T08:14:03.891+0000] {logging_mixin.py:151} INFO - [2025-11-08T08:14:03.891+0000] {dagbag.py:539} INFO - Filling up the DagBag from /opt/airflow/dags/dbt_dag.py
[2025-11-08T08:14:03.930+0000] {processor.py:839} INFO - DAG(s) dict_keys(['dbt_transform']) retrieved from /opt/airflow/dags/dbt_dag.py
[2025-11-08T08:14:03.990+0000] {logging_mixin.py:151} INFO - [2025-11-08T08:14:03.989+0000] {dag.py:2915} INFO - Sync 1 DAGs
[2025-11-08T08:14:04.064+0000] {logging_mixin.py:151} INFO - [2025-11-08T08:14:04.063+0000] {dag.py:3696} INFO - Setting next_dagrun for dbt_transform to 2025-11-08T08:11:58.526818+00:00, run_after=2025-11-08T08:16:58.526818+00:00
[2025-11-08T08:14:04.093+0000] {processor.py:179} INFO - Processing /opt/airflow/dags/dbt_dag.py took 0.208 seconds
[2025-11-08T08:14:34.389+0000] {processor.py:157} INFO - Started process (PID=558) to work on /opt/airflow/dags/dbt_dag.py
[2025-11-08T08:14:34.391+0000] {processor.py:829} INFO - Processing file /opt/airflow/dags/dbt_dag.py for tasks to queue
[2025-11-08T08:14:34.393+0000] {logging_mixin.py:151} INFO - [2025-11-08T08:14:34.392+0000] {dagbag.py:539} INFO - Filling up the DagBag from /opt/airflow/dags/dbt_dag.py
[2025-11-08T08:14:34.432+0000] {processor.py:839} INFO - DAG(s) dict_keys(['dbt_transform']) retrieved from /opt/airflow/dags/dbt_dag.py
[2025-11-08T08:14:34.491+0000] {logging_mixin.py:151} INFO - [2025-11-08T08:14:34.491+0000] {dag.py:2915} INFO - Sync 1 DAGs
[2025-11-08T08:14:34.527+0000] {logging_mixin.py:151} INFO - [2025-11-08T08:14:34.527+0000] {dag.py:3696} INFO - Setting next_dagrun for dbt_transform to 2025-11-08T08:11:58.526818+00:00, run_after=2025-11-08T08:16:58.526818+00:00
[2025-11-08T08:14:34.562+0000] {processor.py:179} INFO - Processing /opt/airflow/dags/dbt_dag.py took 0.179 seconds
[2025-11-08T08:15:04.827+0000] {processor.py:157} INFO - Started process (PID=563) to work on /opt/airflow/dags/dbt_dag.py
[2025-11-08T08:15:04.829+0000] {processor.py:829} INFO - Processing file /opt/airflow/dags/dbt_dag.py for tasks to queue
[2025-11-08T08:15:04.831+0000] {logging_mixin.py:151} INFO - [2025-11-08T08:15:04.830+0000] {dagbag.py:539} INFO - Filling up the DagBag from /opt/airflow/dags/dbt_dag.py
[2025-11-08T08:15:04.864+0000] {processor.py:839} INFO - DAG(s) dict_keys(['dbt_transform']) retrieved from /opt/airflow/dags/dbt_dag.py
[2025-11-08T08:15:04.914+0000] {logging_mixin.py:151} INFO - [2025-11-08T08:15:04.913+0000] {dag.py:2915} INFO - Sync 1 DAGs
[2025-11-08T08:15:04.952+0000] {logging_mixin.py:151} INFO - [2025-11-08T08:15:04.952+0000] {dag.py:3696} INFO - Setting next_dagrun for dbt_transform to 2025-11-08T08:11:58.526818+00:00, run_after=2025-11-08T08:16:58.526818+00:00
[2025-11-08T08:15:05.003+0000] {processor.py:179} INFO - Processing /opt/airflow/dags/dbt_dag.py took 0.181 seconds
[2025-11-08T08:15:35.112+0000] {processor.py:157} INFO - Started process (PID=568) to work on /opt/airflow/dags/dbt_dag.py
[2025-11-08T08:15:35.114+0000] {processor.py:829} INFO - Processing file /opt/airflow/dags/dbt_dag.py for tasks to queue
[2025-11-08T08:15:35.115+0000] {logging_mixin.py:151} INFO - [2025-11-08T08:15:35.114+0000] {dagbag.py:539} INFO - Filling up the DagBag from /opt/airflow/dags/dbt_dag.py
[2025-11-08T08:15:35.147+0000] {processor.py:839} INFO - DAG(s) dict_keys(['dbt_transform']) retrieved from /opt/airflow/dags/dbt_dag.py
[2025-11-08T08:15:35.190+0000] {logging_mixin.py:151} INFO - [2025-11-08T08:15:35.190+0000] {dag.py:2915} INFO - Sync 1 DAGs
[2025-11-08T08:15:35.220+0000] {logging_mixin.py:151} INFO - [2025-11-08T08:15:35.220+0000] {dag.py:3696} INFO - Setting next_dagrun for dbt_transform to 2025-11-08T08:11:58.526818+00:00, run_after=2025-11-08T08:16:58.526818+00:00
[2025-11-08T08:15:35.260+0000] {processor.py:179} INFO - Processing /opt/airflow/dags/dbt_dag.py took 0.155 seconds
[2025-11-08T08:16:05.448+0000] {processor.py:157} INFO - Started process (PID=573) to work on /opt/airflow/dags/dbt_dag.py
[2025-11-08T08:16:05.450+0000] {processor.py:829} INFO - Processing file /opt/airflow/dags/dbt_dag.py for tasks to queue
[2025-11-08T08:16:05.453+0000] {logging_mixin.py:151} INFO - [2025-11-08T08:16:05.452+0000] {dagbag.py:539} INFO - Filling up the DagBag from /opt/airflow/dags/dbt_dag.py
[2025-11-08T08:16:05.518+0000] {processor.py:839} INFO - DAG(s) dict_keys(['dbt_transform']) retrieved from /opt/airflow/dags/dbt_dag.py
[2025-11-08T08:16:05.594+0000] {logging_mixin.py:151} INFO - [2025-11-08T08:16:05.593+0000] {dag.py:2915} INFO - Sync 1 DAGs
[2025-11-08T08:16:05.639+0000] {logging_mixin.py:151} INFO - [2025-11-08T08:16:05.639+0000] {dag.py:3696} INFO - Setting next_dagrun for dbt_transform to 2025-11-08T08:11:58.526818+00:00, run_after=2025-11-08T08:16:58.526818+00:00
[2025-11-08T08:16:05.672+0000] {processor.py:179} INFO - Processing /opt/airflow/dags/dbt_dag.py took 0.236 seconds
[2025-11-08T08:16:35.838+0000] {processor.py:157} INFO - Started process (PID=578) to work on /opt/airflow/dags/dbt_dag.py
[2025-11-08T08:16:35.840+0000] {processor.py:829} INFO - Processing file /opt/airflow/dags/dbt_dag.py for tasks to queue
[2025-11-08T08:16:35.842+0000] {logging_mixin.py:151} INFO - [2025-11-08T08:16:35.841+0000] {dagbag.py:539} INFO - Filling up the DagBag from /opt/airflow/dags/dbt_dag.py
[2025-11-08T08:16:35.882+0000] {processor.py:839} INFO - DAG(s) dict_keys(['dbt_transform']) retrieved from /opt/airflow/dags/dbt_dag.py
[2025-11-08T08:16:35.956+0000] {logging_mixin.py:151} INFO - [2025-11-08T08:16:35.956+0000] {dag.py:2915} INFO - Sync 1 DAGs
[2025-11-08T08:16:36.001+0000] {logging_mixin.py:151} INFO - [2025-11-08T08:16:36.001+0000] {dag.py:3696} INFO - Setting next_dagrun for dbt_transform to 2025-11-08T08:11:58.526818+00:00, run_after=2025-11-08T08:16:58.526818+00:00
[2025-11-08T08:16:36.038+0000] {processor.py:179} INFO - Processing /opt/airflow/dags/dbt_dag.py took 0.210 seconds
[2025-11-08T08:17:06.141+0000] {processor.py:157} INFO - Started process (PID=609) to work on /opt/airflow/dags/dbt_dag.py
[2025-11-08T08:17:06.142+0000] {processor.py:829} INFO - Processing file /opt/airflow/dags/dbt_dag.py for tasks to queue
[2025-11-08T08:17:06.143+0000] {logging_mixin.py:151} INFO - [2025-11-08T08:17:06.143+0000] {dagbag.py:539} INFO - Filling up the DagBag from /opt/airflow/dags/dbt_dag.py
[2025-11-08T08:17:06.176+0000] {processor.py:839} INFO - DAG(s) dict_keys(['dbt_transform']) retrieved from /opt/airflow/dags/dbt_dag.py
[2025-11-08T08:17:06.239+0000] {logging_mixin.py:151} INFO - [2025-11-08T08:17:06.239+0000] {dag.py:2915} INFO - Sync 1 DAGs
[2025-11-08T08:17:06.269+0000] {logging_mixin.py:151} INFO - [2025-11-08T08:17:06.269+0000] {dag.py:3696} INFO - Setting next_dagrun for dbt_transform to 2025-11-08T08:16:52.009618+00:00, run_after=2025-11-08T08:21:52.009618+00:00
[2025-11-08T08:17:06.294+0000] {processor.py:179} INFO - Processing /opt/airflow/dags/dbt_dag.py took 0.157 seconds
[2025-11-08T08:17:36.550+0000] {processor.py:157} INFO - Started process (PID=643) to work on /opt/airflow/dags/dbt_dag.py
[2025-11-08T08:17:36.552+0000] {processor.py:829} INFO - Processing file /opt/airflow/dags/dbt_dag.py for tasks to queue
[2025-11-08T08:17:36.554+0000] {logging_mixin.py:151} INFO - [2025-11-08T08:17:36.553+0000] {dagbag.py:539} INFO - Filling up the DagBag from /opt/airflow/dags/dbt_dag.py
[2025-11-08T08:17:36.586+0000] {processor.py:839} INFO - DAG(s) dict_keys(['dbt_transform']) retrieved from /opt/airflow/dags/dbt_dag.py
[2025-11-08T08:17:36.633+0000] {logging_mixin.py:151} INFO - [2025-11-08T08:17:36.633+0000] {dag.py:2915} INFO - Sync 1 DAGs
[2025-11-08T08:17:36.667+0000] {logging_mixin.py:151} INFO - [2025-11-08T08:17:36.666+0000] {dag.py:3696} INFO - Setting next_dagrun for dbt_transform to 2025-11-08T08:17:22.518985+00:00, run_after=2025-11-08T08:22:22.518985+00:00
[2025-11-08T08:17:36.699+0000] {processor.py:179} INFO - Processing /opt/airflow/dags/dbt_dag.py took 0.153 seconds
[2025-11-08T08:18:06.841+0000] {processor.py:157} INFO - Started process (PID=648) to work on /opt/airflow/dags/dbt_dag.py
[2025-11-08T08:18:06.843+0000] {processor.py:829} INFO - Processing file /opt/airflow/dags/dbt_dag.py for tasks to queue
[2025-11-08T08:18:06.845+0000] {logging_mixin.py:151} INFO - [2025-11-08T08:18:06.844+0000] {dagbag.py:539} INFO - Filling up the DagBag from /opt/airflow/dags/dbt_dag.py
[2025-11-08T08:18:06.882+0000] {processor.py:839} INFO - DAG(s) dict_keys(['dbt_transform']) retrieved from /opt/airflow/dags/dbt_dag.py
[2025-11-08T08:18:06.935+0000] {logging_mixin.py:151} INFO - [2025-11-08T08:18:06.935+0000] {dag.py:2915} INFO - Sync 1 DAGs
[2025-11-08T08:18:06.970+0000] {logging_mixin.py:151} INFO - [2025-11-08T08:18:06.970+0000] {dag.py:3696} INFO - Setting next_dagrun for dbt_transform to 2025-11-08T08:17:22.518985+00:00, run_after=2025-11-08T08:22:22.518985+00:00
[2025-11-08T08:18:07.004+0000] {processor.py:179} INFO - Processing /opt/airflow/dags/dbt_dag.py took 0.170 seconds
[2025-11-08T08:18:37.227+0000] {processor.py:157} INFO - Started process (PID=653) to work on /opt/airflow/dags/dbt_dag.py
[2025-11-08T08:18:37.229+0000] {processor.py:829} INFO - Processing file /opt/airflow/dags/dbt_dag.py for tasks to queue
[2025-11-08T08:18:37.232+0000] {logging_mixin.py:151} INFO - [2025-11-08T08:18:37.231+0000] {dagbag.py:539} INFO - Filling up the DagBag from /opt/airflow/dags/dbt_dag.py
[2025-11-08T08:18:37.279+0000] {processor.py:839} INFO - DAG(s) dict_keys(['dbt_transform']) retrieved from /opt/airflow/dags/dbt_dag.py
[2025-11-08T08:18:37.327+0000] {logging_mixin.py:151} INFO - [2025-11-08T08:18:37.327+0000] {dag.py:2915} INFO - Sync 1 DAGs
[2025-11-08T08:18:37.366+0000] {logging_mixin.py:151} INFO - [2025-11-08T08:18:37.365+0000] {dag.py:3696} INFO - Setting next_dagrun for dbt_transform to 2025-11-08T08:17:22.518985+00:00, run_after=2025-11-08T08:22:22.518985+00:00
[2025-11-08T08:18:37.399+0000] {processor.py:179} INFO - Processing /opt/airflow/dags/dbt_dag.py took 0.181 seconds
[2025-11-08T08:19:07.587+0000] {processor.py:157} INFO - Started process (PID=658) to work on /opt/airflow/dags/dbt_dag.py
[2025-11-08T08:19:07.589+0000] {processor.py:829} INFO - Processing file /opt/airflow/dags/dbt_dag.py for tasks to queue
[2025-11-08T08:19:07.593+0000] {logging_mixin.py:151} INFO - [2025-11-08T08:19:07.592+0000] {dagbag.py:539} INFO - Filling up the DagBag from /opt/airflow/dags/dbt_dag.py
[2025-11-08T08:19:07.648+0000] {processor.py:839} INFO - DAG(s) dict_keys(['dbt_transform']) retrieved from /opt/airflow/dags/dbt_dag.py
[2025-11-08T08:19:07.714+0000] {logging_mixin.py:151} INFO - [2025-11-08T08:19:07.714+0000] {dag.py:2915} INFO - Sync 1 DAGs
[2025-11-08T08:19:07.765+0000] {logging_mixin.py:151} INFO - [2025-11-08T08:19:07.765+0000] {dag.py:3696} INFO - Setting next_dagrun for dbt_transform to 2025-11-08T08:17:22.518985+00:00, run_after=2025-11-08T08:22:22.518985+00:00
[2025-11-08T08:19:07.810+0000] {processor.py:179} INFO - Processing /opt/airflow/dags/dbt_dag.py took 0.231 seconds
[2025-11-08T08:19:37.993+0000] {processor.py:157} INFO - Started process (PID=663) to work on /opt/airflow/dags/dbt_dag.py
[2025-11-08T08:19:37.994+0000] {processor.py:829} INFO - Processing file /opt/airflow/dags/dbt_dag.py for tasks to queue
[2025-11-08T08:19:37.997+0000] {logging_mixin.py:151} INFO - [2025-11-08T08:19:37.996+0000] {dagbag.py:539} INFO - Filling up the DagBag from /opt/airflow/dags/dbt_dag.py
[2025-11-08T08:19:38.050+0000] {processor.py:839} INFO - DAG(s) dict_keys(['dbt_transform']) retrieved from /opt/airflow/dags/dbt_dag.py
[2025-11-08T08:19:38.169+0000] {logging_mixin.py:151} INFO - [2025-11-08T08:19:38.169+0000] {dag.py:2915} INFO - Sync 1 DAGs
[2025-11-08T08:19:38.249+0000] {logging_mixin.py:151} INFO - [2025-11-08T08:19:38.249+0000] {dag.py:3696} INFO - Setting next_dagrun for dbt_transform to 2025-11-08T08:17:22.518985+00:00, run_after=2025-11-08T08:22:22.518985+00:00
[2025-11-08T08:19:38.296+0000] {processor.py:179} INFO - Processing /opt/airflow/dags/dbt_dag.py took 0.312 seconds
[2025-11-08T08:20:08.438+0000] {processor.py:157} INFO - Started process (PID=668) to work on /opt/airflow/dags/dbt_dag.py
[2025-11-08T08:20:08.439+0000] {processor.py:829} INFO - Processing file /opt/airflow/dags/dbt_dag.py for tasks to queue
[2025-11-08T08:20:08.441+0000] {logging_mixin.py:151} INFO - [2025-11-08T08:20:08.441+0000] {dagbag.py:539} INFO - Filling up the DagBag from /opt/airflow/dags/dbt_dag.py
[2025-11-08T08:20:08.476+0000] {processor.py:839} INFO - DAG(s) dict_keys(['dbt_transform']) retrieved from /opt/airflow/dags/dbt_dag.py
[2025-11-08T08:20:08.543+0000] {logging_mixin.py:151} INFO - [2025-11-08T08:20:08.542+0000] {dag.py:2915} INFO - Sync 1 DAGs
[2025-11-08T08:20:08.606+0000] {logging_mixin.py:151} INFO - [2025-11-08T08:20:08.605+0000] {dag.py:3696} INFO - Setting next_dagrun for dbt_transform to 2025-11-08T08:17:22.518985+00:00, run_after=2025-11-08T08:22:22.518985+00:00
[2025-11-08T08:20:08.661+0000] {processor.py:179} INFO - Processing /opt/airflow/dags/dbt_dag.py took 0.231 seconds
[2025-11-08T08:20:38.882+0000] {processor.py:157} INFO - Started process (PID=673) to work on /opt/airflow/dags/dbt_dag.py
[2025-11-08T08:20:38.884+0000] {processor.py:829} INFO - Processing file /opt/airflow/dags/dbt_dag.py for tasks to queue
[2025-11-08T08:20:38.887+0000] {logging_mixin.py:151} INFO - [2025-11-08T08:20:38.886+0000] {dagbag.py:539} INFO - Filling up the DagBag from /opt/airflow/dags/dbt_dag.py
[2025-11-08T08:20:38.935+0000] {processor.py:839} INFO - DAG(s) dict_keys(['dbt_transform']) retrieved from /opt/airflow/dags/dbt_dag.py
[2025-11-08T08:20:39.006+0000] {logging_mixin.py:151} INFO - [2025-11-08T08:20:39.006+0000] {dag.py:2915} INFO - Sync 1 DAGs
[2025-11-08T08:20:39.036+0000] {logging_mixin.py:151} INFO - [2025-11-08T08:20:39.036+0000] {dag.py:3696} INFO - Setting next_dagrun for dbt_transform to 2025-11-08T08:17:22.518985+00:00, run_after=2025-11-08T08:22:22.518985+00:00
[2025-11-08T08:20:39.060+0000] {processor.py:179} INFO - Processing /opt/airflow/dags/dbt_dag.py took 0.187 seconds
[2025-11-08T08:21:09.332+0000] {processor.py:157} INFO - Started process (PID=678) to work on /opt/airflow/dags/dbt_dag.py
[2025-11-08T08:21:09.337+0000] {processor.py:829} INFO - Processing file /opt/airflow/dags/dbt_dag.py for tasks to queue
[2025-11-08T08:21:09.342+0000] {logging_mixin.py:151} INFO - [2025-11-08T08:21:09.341+0000] {dagbag.py:539} INFO - Filling up the DagBag from /opt/airflow/dags/dbt_dag.py
[2025-11-08T08:21:09.410+0000] {processor.py:839} INFO - DAG(s) dict_keys(['dbt_transform']) retrieved from /opt/airflow/dags/dbt_dag.py
[2025-11-08T08:21:09.485+0000] {logging_mixin.py:151} INFO - [2025-11-08T08:21:09.484+0000] {dag.py:2915} INFO - Sync 1 DAGs
[2025-11-08T08:21:09.527+0000] {logging_mixin.py:151} INFO - [2025-11-08T08:21:09.526+0000] {dag.py:3696} INFO - Setting next_dagrun for dbt_transform to 2025-11-08T08:17:22.518985+00:00, run_after=2025-11-08T08:22:22.518985+00:00
[2025-11-08T08:21:09.573+0000] {processor.py:179} INFO - Processing /opt/airflow/dags/dbt_dag.py took 0.257 seconds
[2025-11-08T08:21:39.863+0000] {processor.py:157} INFO - Started process (PID=683) to work on /opt/airflow/dags/dbt_dag.py
[2025-11-08T08:21:39.865+0000] {processor.py:829} INFO - Processing file /opt/airflow/dags/dbt_dag.py for tasks to queue
[2025-11-08T08:21:39.866+0000] {logging_mixin.py:151} INFO - [2025-11-08T08:21:39.866+0000] {dagbag.py:539} INFO - Filling up the DagBag from /opt/airflow/dags/dbt_dag.py
[2025-11-08T08:21:39.911+0000] {processor.py:839} INFO - DAG(s) dict_keys(['dbt_transform']) retrieved from /opt/airflow/dags/dbt_dag.py
[2025-11-08T08:21:39.970+0000] {logging_mixin.py:151} INFO - [2025-11-08T08:21:39.970+0000] {dag.py:2915} INFO - Sync 1 DAGs
[2025-11-08T08:21:40.008+0000] {logging_mixin.py:151} INFO - [2025-11-08T08:21:40.007+0000] {dag.py:3696} INFO - Setting next_dagrun for dbt_transform to 2025-11-08T08:17:22.518985+00:00, run_after=2025-11-08T08:22:22.518985+00:00
[2025-11-08T08:21:40.048+0000] {processor.py:179} INFO - Processing /opt/airflow/dags/dbt_dag.py took 0.193 seconds
[2025-11-08T08:22:10.156+0000] {processor.py:157} INFO - Started process (PID=702) to work on /opt/airflow/dags/dbt_dag.py
[2025-11-08T08:22:10.158+0000] {processor.py:829} INFO - Processing file /opt/airflow/dags/dbt_dag.py for tasks to queue
[2025-11-08T08:22:10.166+0000] {logging_mixin.py:151} INFO - [2025-11-08T08:22:10.165+0000] {dagbag.py:539} INFO - Filling up the DagBag from /opt/airflow/dags/dbt_dag.py
[2025-11-08T08:22:10.267+0000] {processor.py:839} INFO - DAG(s) dict_keys(['dbt_transform']) retrieved from /opt/airflow/dags/dbt_dag.py
[2025-11-08T08:22:10.369+0000] {logging_mixin.py:151} INFO - [2025-11-08T08:22:10.369+0000] {dag.py:2915} INFO - Sync 1 DAGs
[2025-11-08T08:22:10.429+0000] {logging_mixin.py:151} INFO - [2025-11-08T08:22:10.428+0000] {dag.py:3696} INFO - Setting next_dagrun for dbt_transform to 2025-11-08T08:17:22.518985+00:00, run_after=2025-11-08T08:22:22.518985+00:00
[2025-11-08T08:22:10.480+0000] {processor.py:179} INFO - Processing /opt/airflow/dags/dbt_dag.py took 0.333 seconds
[2025-11-08T08:22:40.670+0000] {processor.py:157} INFO - Started process (PID=735) to work on /opt/airflow/dags/dbt_dag.py
[2025-11-08T08:22:40.672+0000] {processor.py:829} INFO - Processing file /opt/airflow/dags/dbt_dag.py for tasks to queue
[2025-11-08T08:22:40.675+0000] {logging_mixin.py:151} INFO - [2025-11-08T08:22:40.674+0000] {dagbag.py:539} INFO - Filling up the DagBag from /opt/airflow/dags/dbt_dag.py
[2025-11-08T08:22:40.735+0000] {processor.py:839} INFO - DAG(s) dict_keys(['dbt_transform']) retrieved from /opt/airflow/dags/dbt_dag.py
[2025-11-08T08:22:40.822+0000] {logging_mixin.py:151} INFO - [2025-11-08T08:22:40.821+0000] {dag.py:2915} INFO - Sync 1 DAGs
[2025-11-08T08:22:40.875+0000] {logging_mixin.py:151} INFO - [2025-11-08T08:22:40.874+0000] {dag.py:3696} INFO - Setting next_dagrun for dbt_transform to 2025-11-08T08:22:15.366002+00:00, run_after=2025-11-08T08:27:15.366002+00:00
[2025-11-08T08:22:40.929+0000] {processor.py:179} INFO - Processing /opt/airflow/dags/dbt_dag.py took 0.273 seconds
[2025-11-08T08:23:11.155+0000] {processor.py:157} INFO - Started process (PID=753) to work on /opt/airflow/dags/dbt_dag.py
[2025-11-08T08:23:11.157+0000] {processor.py:829} INFO - Processing file /opt/airflow/dags/dbt_dag.py for tasks to queue
[2025-11-08T08:23:11.159+0000] {logging_mixin.py:151} INFO - [2025-11-08T08:23:11.158+0000] {dagbag.py:539} INFO - Filling up the DagBag from /opt/airflow/dags/dbt_dag.py
[2025-11-08T08:23:11.248+0000] {processor.py:839} INFO - DAG(s) dict_keys(['dbt_transform']) retrieved from /opt/airflow/dags/dbt_dag.py
[2025-11-08T08:23:11.378+0000] {logging_mixin.py:151} INFO - [2025-11-08T08:23:11.374+0000] {dag.py:2915} INFO - Sync 1 DAGs
[2025-11-08T08:23:11.481+0000] {logging_mixin.py:151} INFO - [2025-11-08T08:23:11.480+0000] {dag.py:3696} INFO - Setting next_dagrun for dbt_transform to 2025-11-08T08:22:50.104918+00:00, run_after=2025-11-08T08:27:50.104918+00:00
[2025-11-08T08:23:11.550+0000] {processor.py:179} INFO - Processing /opt/airflow/dags/dbt_dag.py took 0.404 seconds
[2025-11-08T08:23:41.936+0000] {processor.py:157} INFO - Started process (PID=758) to work on /opt/airflow/dags/dbt_dag.py
[2025-11-08T08:23:41.938+0000] {processor.py:829} INFO - Processing file /opt/airflow/dags/dbt_dag.py for tasks to queue
[2025-11-08T08:23:41.940+0000] {logging_mixin.py:151} INFO - [2025-11-08T08:23:41.940+0000] {dagbag.py:539} INFO - Filling up the DagBag from /opt/airflow/dags/dbt_dag.py
[2025-11-08T08:23:41.999+0000] {processor.py:839} INFO - DAG(s) dict_keys(['dbt_transform']) retrieved from /opt/airflow/dags/dbt_dag.py
[2025-11-08T08:23:42.096+0000] {logging_mixin.py:151} INFO - [2025-11-08T08:23:42.095+0000] {dag.py:2915} INFO - Sync 1 DAGs
[2025-11-08T08:23:42.155+0000] {logging_mixin.py:151} INFO - [2025-11-08T08:23:42.155+0000] {dag.py:3696} INFO - Setting next_dagrun for dbt_transform to 2025-11-08T08:22:50.104918+00:00, run_after=2025-11-08T08:27:50.104918+00:00
[2025-11-08T08:23:42.206+0000] {processor.py:179} INFO - Processing /opt/airflow/dags/dbt_dag.py took 0.285 seconds
[2025-11-08T08:24:12.531+0000] {processor.py:157} INFO - Started process (PID=763) to work on /opt/airflow/dags/dbt_dag.py
[2025-11-08T08:24:12.533+0000] {processor.py:829} INFO - Processing file /opt/airflow/dags/dbt_dag.py for tasks to queue
[2025-11-08T08:24:12.536+0000] {logging_mixin.py:151} INFO - [2025-11-08T08:24:12.535+0000] {dagbag.py:539} INFO - Filling up the DagBag from /opt/airflow/dags/dbt_dag.py
[2025-11-08T08:24:12.584+0000] {processor.py:839} INFO - DAG(s) dict_keys(['dbt_transform']) retrieved from /opt/airflow/dags/dbt_dag.py
[2025-11-08T08:24:12.665+0000] {logging_mixin.py:151} INFO - [2025-11-08T08:24:12.664+0000] {dag.py:2915} INFO - Sync 1 DAGs
[2025-11-08T08:24:12.720+0000] {logging_mixin.py:151} INFO - [2025-11-08T08:24:12.719+0000] {dag.py:3696} INFO - Setting next_dagrun for dbt_transform to 2025-11-08T08:22:50.104918+00:00, run_after=2025-11-08T08:27:50.104918+00:00
[2025-11-08T08:24:12.768+0000] {processor.py:179} INFO - Processing /opt/airflow/dags/dbt_dag.py took 0.246 seconds
[2025-11-08T08:24:43.102+0000] {processor.py:157} INFO - Started process (PID=768) to work on /opt/airflow/dags/dbt_dag.py
[2025-11-08T08:24:43.104+0000] {processor.py:829} INFO - Processing file /opt/airflow/dags/dbt_dag.py for tasks to queue
[2025-11-08T08:24:43.107+0000] {logging_mixin.py:151} INFO - [2025-11-08T08:24:43.106+0000] {dagbag.py:539} INFO - Filling up the DagBag from /opt/airflow/dags/dbt_dag.py
[2025-11-08T08:24:43.159+0000] {processor.py:839} INFO - DAG(s) dict_keys(['dbt_transform']) retrieved from /opt/airflow/dags/dbt_dag.py
[2025-11-08T08:24:43.267+0000] {logging_mixin.py:151} INFO - [2025-11-08T08:24:43.266+0000] {dag.py:2915} INFO - Sync 1 DAGs
[2025-11-08T08:24:43.317+0000] {logging_mixin.py:151} INFO - [2025-11-08T08:24:43.317+0000] {dag.py:3696} INFO - Setting next_dagrun for dbt_transform to 2025-11-08T08:22:50.104918+00:00, run_after=2025-11-08T08:27:50.104918+00:00
[2025-11-08T08:24:43.370+0000] {processor.py:179} INFO - Processing /opt/airflow/dags/dbt_dag.py took 0.278 seconds
[2025-11-08T08:25:13.693+0000] {processor.py:157} INFO - Started process (PID=773) to work on /opt/airflow/dags/dbt_dag.py
[2025-11-08T08:25:13.695+0000] {processor.py:829} INFO - Processing file /opt/airflow/dags/dbt_dag.py for tasks to queue
[2025-11-08T08:25:13.697+0000] {logging_mixin.py:151} INFO - [2025-11-08T08:25:13.696+0000] {dagbag.py:539} INFO - Filling up the DagBag from /opt/airflow/dags/dbt_dag.py
[2025-11-08T08:25:13.742+0000] {processor.py:839} INFO - DAG(s) dict_keys(['dbt_transform']) retrieved from /opt/airflow/dags/dbt_dag.py
[2025-11-08T08:25:13.834+0000] {logging_mixin.py:151} INFO - [2025-11-08T08:25:13.833+0000] {dag.py:2915} INFO - Sync 1 DAGs
[2025-11-08T08:25:13.884+0000] {logging_mixin.py:151} INFO - [2025-11-08T08:25:13.883+0000] {dag.py:3696} INFO - Setting next_dagrun for dbt_transform to 2025-11-08T08:22:50.104918+00:00, run_after=2025-11-08T08:27:50.104918+00:00
[2025-11-08T08:25:13.945+0000] {processor.py:179} INFO - Processing /opt/airflow/dags/dbt_dag.py took 0.261 seconds
[2025-11-08T08:25:44.256+0000] {processor.py:157} INFO - Started process (PID=778) to work on /opt/airflow/dags/dbt_dag.py
[2025-11-08T08:25:44.258+0000] {processor.py:829} INFO - Processing file /opt/airflow/dags/dbt_dag.py for tasks to queue
[2025-11-08T08:25:44.260+0000] {logging_mixin.py:151} INFO - [2025-11-08T08:25:44.259+0000] {dagbag.py:539} INFO - Filling up the DagBag from /opt/airflow/dags/dbt_dag.py
[2025-11-08T08:25:44.301+0000] {processor.py:839} INFO - DAG(s) dict_keys(['dbt_transform']) retrieved from /opt/airflow/dags/dbt_dag.py
[2025-11-08T08:25:44.361+0000] {logging_mixin.py:151} INFO - [2025-11-08T08:25:44.361+0000] {dag.py:2915} INFO - Sync 1 DAGs
[2025-11-08T08:25:44.407+0000] {logging_mixin.py:151} INFO - [2025-11-08T08:25:44.406+0000] {dag.py:3696} INFO - Setting next_dagrun for dbt_transform to 2025-11-08T08:22:50.104918+00:00, run_after=2025-11-08T08:27:50.104918+00:00
[2025-11-08T08:25:44.447+0000] {processor.py:179} INFO - Processing /opt/airflow/dags/dbt_dag.py took 0.199 seconds
[2025-11-08T08:26:14.777+0000] {processor.py:157} INFO - Started process (PID=783) to work on /opt/airflow/dags/dbt_dag.py
[2025-11-08T08:26:14.778+0000] {processor.py:829} INFO - Processing file /opt/airflow/dags/dbt_dag.py for tasks to queue
[2025-11-08T08:26:14.781+0000] {logging_mixin.py:151} INFO - [2025-11-08T08:26:14.780+0000] {dagbag.py:539} INFO - Filling up the DagBag from /opt/airflow/dags/dbt_dag.py
[2025-11-08T08:26:14.833+0000] {processor.py:839} INFO - DAG(s) dict_keys(['dbt_transform']) retrieved from /opt/airflow/dags/dbt_dag.py
[2025-11-08T08:26:14.908+0000] {logging_mixin.py:151} INFO - [2025-11-08T08:26:14.907+0000] {dag.py:2915} INFO - Sync 1 DAGs
[2025-11-08T08:26:14.969+0000] {logging_mixin.py:151} INFO - [2025-11-08T08:26:14.968+0000] {dag.py:3696} INFO - Setting next_dagrun for dbt_transform to 2025-11-08T08:22:50.104918+00:00, run_after=2025-11-08T08:27:50.104918+00:00
[2025-11-08T08:26:15.022+0000] {processor.py:179} INFO - Processing /opt/airflow/dags/dbt_dag.py took 0.253 seconds
[2025-11-08T08:26:45.380+0000] {processor.py:157} INFO - Started process (PID=788) to work on /opt/airflow/dags/dbt_dag.py
[2025-11-08T08:26:45.382+0000] {processor.py:829} INFO - Processing file /opt/airflow/dags/dbt_dag.py for tasks to queue
[2025-11-08T08:26:45.386+0000] {logging_mixin.py:151} INFO - [2025-11-08T08:26:45.385+0000] {dagbag.py:539} INFO - Filling up the DagBag from /opt/airflow/dags/dbt_dag.py
[2025-11-08T08:26:45.437+0000] {processor.py:839} INFO - DAG(s) dict_keys(['dbt_transform']) retrieved from /opt/airflow/dags/dbt_dag.py
[2025-11-08T08:26:45.494+0000] {logging_mixin.py:151} INFO - [2025-11-08T08:26:45.494+0000] {dag.py:2915} INFO - Sync 1 DAGs
[2025-11-08T08:26:45.523+0000] {logging_mixin.py:151} INFO - [2025-11-08T08:26:45.523+0000] {dag.py:3696} INFO - Setting next_dagrun for dbt_transform to 2025-11-08T08:22:50.104918+00:00, run_after=2025-11-08T08:27:50.104918+00:00
[2025-11-08T08:26:45.555+0000] {processor.py:179} INFO - Processing /opt/airflow/dags/dbt_dag.py took 0.188 seconds
[2025-11-08T08:27:15.664+0000] {processor.py:157} INFO - Started process (PID=793) to work on /opt/airflow/dags/dbt_dag.py
[2025-11-08T08:27:15.666+0000] {processor.py:829} INFO - Processing file /opt/airflow/dags/dbt_dag.py for tasks to queue
[2025-11-08T08:27:15.668+0000] {logging_mixin.py:151} INFO - [2025-11-08T08:27:15.667+0000] {dagbag.py:539} INFO - Filling up the DagBag from /opt/airflow/dags/dbt_dag.py
[2025-11-08T08:27:15.715+0000] {processor.py:839} INFO - DAG(s) dict_keys(['dbt_transform']) retrieved from /opt/airflow/dags/dbt_dag.py
[2025-11-08T08:27:15.790+0000] {logging_mixin.py:151} INFO - [2025-11-08T08:27:15.789+0000] {dag.py:2915} INFO - Sync 1 DAGs
[2025-11-08T08:27:15.836+0000] {logging_mixin.py:151} INFO - [2025-11-08T08:27:15.835+0000] {dag.py:3696} INFO - Setting next_dagrun for dbt_transform to 2025-11-08T08:22:50.104918+00:00, run_after=2025-11-08T08:27:50.104918+00:00
[2025-11-08T08:27:15.878+0000] {processor.py:179} INFO - Processing /opt/airflow/dags/dbt_dag.py took 0.224 seconds
[2025-11-08T08:27:46.152+0000] {processor.py:157} INFO - Started process (PID=824) to work on /opt/airflow/dags/dbt_dag.py
[2025-11-08T08:27:46.154+0000] {processor.py:829} INFO - Processing file /opt/airflow/dags/dbt_dag.py for tasks to queue
[2025-11-08T08:27:46.157+0000] {logging_mixin.py:151} INFO - [2025-11-08T08:27:46.156+0000] {dagbag.py:539} INFO - Filling up the DagBag from /opt/airflow/dags/dbt_dag.py
[2025-11-08T08:27:46.203+0000] {processor.py:839} INFO - DAG(s) dict_keys(['dbt_transform']) retrieved from /opt/airflow/dags/dbt_dag.py
[2025-11-08T08:27:46.275+0000] {logging_mixin.py:151} INFO - [2025-11-08T08:27:46.274+0000] {dag.py:2915} INFO - Sync 1 DAGs
[2025-11-08T08:27:46.332+0000] {logging_mixin.py:151} INFO - [2025-11-08T08:27:46.332+0000] {dag.py:3696} INFO - Setting next_dagrun for dbt_transform to 2025-11-08T08:27:41.876618+00:00, run_after=2025-11-08T08:32:41.876618+00:00
[2025-11-08T08:27:46.385+0000] {processor.py:179} INFO - Processing /opt/airflow/dags/dbt_dag.py took 0.246 seconds
[2025-11-08T08:28:16.535+0000] {processor.py:157} INFO - Started process (PID=843) to work on /opt/airflow/dags/dbt_dag.py
[2025-11-08T08:28:16.537+0000] {processor.py:829} INFO - Processing file /opt/airflow/dags/dbt_dag.py for tasks to queue
[2025-11-08T08:28:16.539+0000] {logging_mixin.py:151} INFO - [2025-11-08T08:28:16.538+0000] {dagbag.py:539} INFO - Filling up the DagBag from /opt/airflow/dags/dbt_dag.py
[2025-11-08T08:28:16.598+0000] {processor.py:839} INFO - DAG(s) dict_keys(['dbt_transform']) retrieved from /opt/airflow/dags/dbt_dag.py
[2025-11-08T08:28:16.679+0000] {logging_mixin.py:151} INFO - [2025-11-08T08:28:16.678+0000] {dag.py:2915} INFO - Sync 1 DAGs
[2025-11-08T08:28:16.735+0000] {logging_mixin.py:151} INFO - [2025-11-08T08:28:16.734+0000] {dag.py:3696} INFO - Setting next_dagrun for dbt_transform to 2025-11-08T08:27:41.876618+00:00, run_after=2025-11-08T08:32:41.876618+00:00
[2025-11-08T08:28:16.779+0000] {processor.py:179} INFO - Processing /opt/airflow/dags/dbt_dag.py took 0.254 seconds
[2025-11-08T08:28:41.954+0000] {processor.py:157} INFO - Started process (PID=862) to work on /opt/airflow/dags/dbt_dag.py
[2025-11-08T08:28:41.955+0000] {processor.py:829} INFO - Processing file /opt/airflow/dags/dbt_dag.py for tasks to queue
[2025-11-08T08:28:41.957+0000] {logging_mixin.py:151} INFO - [2025-11-08T08:28:41.956+0000] {dagbag.py:539} INFO - Filling up the DagBag from /opt/airflow/dags/dbt_dag.py
[2025-11-08T08:28:42.011+0000] {processor.py:839} INFO - DAG(s) dict_keys(['dbt_transform']) retrieved from /opt/airflow/dags/dbt_dag.py
[2025-11-08T08:28:42.075+0000] {logging_mixin.py:151} INFO - [2025-11-08T08:28:42.074+0000] {dag.py:2915} INFO - Sync 1 DAGs
[2025-11-08T08:28:42.162+0000] {logging_mixin.py:151} INFO - [2025-11-08T08:28:42.161+0000] {dag.py:3696} INFO - Setting next_dagrun for dbt_transform to 2025-11-08T08:28:21.722689+00:00, run_after=2025-11-08T08:33:21.722689+00:00
[2025-11-08T08:28:42.218+0000] {processor.py:179} INFO - Processing /opt/airflow/dags/dbt_dag.py took 0.270 seconds
[2025-11-08T08:29:12.487+0000] {processor.py:157} INFO - Started process (PID=867) to work on /opt/airflow/dags/dbt_dag.py
[2025-11-08T08:29:12.490+0000] {processor.py:829} INFO - Processing file /opt/airflow/dags/dbt_dag.py for tasks to queue
[2025-11-08T08:29:12.492+0000] {logging_mixin.py:151} INFO - [2025-11-08T08:29:12.492+0000] {dagbag.py:539} INFO - Filling up the DagBag from /opt/airflow/dags/dbt_dag.py
[2025-11-08T08:29:12.536+0000] {processor.py:839} INFO - DAG(s) dict_keys(['dbt_transform']) retrieved from /opt/airflow/dags/dbt_dag.py
[2025-11-08T08:29:12.596+0000] {logging_mixin.py:151} INFO - [2025-11-08T08:29:12.596+0000] {dag.py:2915} INFO - Sync 1 DAGs
[2025-11-08T08:29:12.691+0000] {logging_mixin.py:151} INFO - [2025-11-08T08:29:12.690+0000] {dag.py:3696} INFO - Setting next_dagrun for dbt_transform to 2025-11-08T08:28:21.722689+00:00, run_after=2025-11-08T08:33:21.722689+00:00
[2025-11-08T08:29:12.765+0000] {processor.py:179} INFO - Processing /opt/airflow/dags/dbt_dag.py took 0.286 seconds
[2025-11-08T08:29:43.096+0000] {processor.py:157} INFO - Started process (PID=872) to work on /opt/airflow/dags/dbt_dag.py
[2025-11-08T08:29:43.098+0000] {processor.py:829} INFO - Processing file /opt/airflow/dags/dbt_dag.py for tasks to queue
[2025-11-08T08:29:43.100+0000] {logging_mixin.py:151} INFO - [2025-11-08T08:29:43.099+0000] {dagbag.py:539} INFO - Filling up the DagBag from /opt/airflow/dags/dbt_dag.py
[2025-11-08T08:29:43.159+0000] {processor.py:839} INFO - DAG(s) dict_keys(['dbt_transform']) retrieved from /opt/airflow/dags/dbt_dag.py
[2025-11-08T08:29:43.248+0000] {logging_mixin.py:151} INFO - [2025-11-08T08:29:43.247+0000] {dag.py:2915} INFO - Sync 1 DAGs
[2025-11-08T08:29:43.336+0000] {logging_mixin.py:151} INFO - [2025-11-08T08:29:43.335+0000] {dag.py:3696} INFO - Setting next_dagrun for dbt_transform to 2025-11-08T08:28:21.722689+00:00, run_after=2025-11-08T08:33:21.722689+00:00
[2025-11-08T08:29:43.393+0000] {processor.py:179} INFO - Processing /opt/airflow/dags/dbt_dag.py took 0.312 seconds
[2025-11-08T08:30:13.696+0000] {processor.py:157} INFO - Started process (PID=877) to work on /opt/airflow/dags/dbt_dag.py
[2025-11-08T08:30:13.697+0000] {processor.py:829} INFO - Processing file /opt/airflow/dags/dbt_dag.py for tasks to queue
[2025-11-08T08:30:13.698+0000] {logging_mixin.py:151} INFO - [2025-11-08T08:30:13.698+0000] {dagbag.py:539} INFO - Filling up the DagBag from /opt/airflow/dags/dbt_dag.py
[2025-11-08T08:30:13.729+0000] {processor.py:839} INFO - DAG(s) dict_keys(['dbt_transform']) retrieved from /opt/airflow/dags/dbt_dag.py
[2025-11-08T08:30:13.772+0000] {logging_mixin.py:151} INFO - [2025-11-08T08:30:13.771+0000] {dag.py:2915} INFO - Sync 1 DAGs
[2025-11-08T08:30:13.802+0000] {logging_mixin.py:151} INFO - [2025-11-08T08:30:13.802+0000] {dag.py:3696} INFO - Setting next_dagrun for dbt_transform to 2025-11-08T08:28:21.722689+00:00, run_after=2025-11-08T08:33:21.722689+00:00
[2025-11-08T08:30:13.835+0000] {processor.py:179} INFO - Processing /opt/airflow/dags/dbt_dag.py took 0.146 seconds
[2025-11-08T08:30:43.915+0000] {processor.py:157} INFO - Started process (PID=882) to work on /opt/airflow/dags/dbt_dag.py
[2025-11-08T08:30:43.917+0000] {processor.py:829} INFO - Processing file /opt/airflow/dags/dbt_dag.py for tasks to queue
[2025-11-08T08:30:43.919+0000] {logging_mixin.py:151} INFO - [2025-11-08T08:30:43.918+0000] {dagbag.py:539} INFO - Filling up the DagBag from /opt/airflow/dags/dbt_dag.py
[2025-11-08T08:30:43.951+0000] {processor.py:839} INFO - DAG(s) dict_keys(['dbt_transform']) retrieved from /opt/airflow/dags/dbt_dag.py
[2025-11-08T08:30:44.003+0000] {logging_mixin.py:151} INFO - [2025-11-08T08:30:44.003+0000] {dag.py:2915} INFO - Sync 1 DAGs
[2025-11-08T08:30:44.037+0000] {logging_mixin.py:151} INFO - [2025-11-08T08:30:44.037+0000] {dag.py:3696} INFO - Setting next_dagrun for dbt_transform to 2025-11-08T08:28:21.722689+00:00, run_after=2025-11-08T08:33:21.722689+00:00
[2025-11-08T08:30:44.068+0000] {processor.py:179} INFO - Processing /opt/airflow/dags/dbt_dag.py took 0.159 seconds
[2025-11-08T08:31:14.372+0000] {processor.py:157} INFO - Started process (PID=887) to work on /opt/airflow/dags/dbt_dag.py
[2025-11-08T08:31:14.374+0000] {processor.py:829} INFO - Processing file /opt/airflow/dags/dbt_dag.py for tasks to queue
[2025-11-08T08:31:14.376+0000] {logging_mixin.py:151} INFO - [2025-11-08T08:31:14.375+0000] {dagbag.py:539} INFO - Filling up the DagBag from /opt/airflow/dags/dbt_dag.py
[2025-11-08T08:31:14.425+0000] {processor.py:839} INFO - DAG(s) dict_keys(['dbt_transform']) retrieved from /opt/airflow/dags/dbt_dag.py
[2025-11-08T08:31:14.497+0000] {logging_mixin.py:151} INFO - [2025-11-08T08:31:14.496+0000] {dag.py:2915} INFO - Sync 1 DAGs
[2025-11-08T08:31:14.551+0000] {logging_mixin.py:151} INFO - [2025-11-08T08:31:14.551+0000] {dag.py:3696} INFO - Setting next_dagrun for dbt_transform to 2025-11-08T08:28:21.722689+00:00, run_after=2025-11-08T08:33:21.722689+00:00
[2025-11-08T08:31:14.597+0000] {processor.py:179} INFO - Processing /opt/airflow/dags/dbt_dag.py took 0.232 seconds
[2025-11-08T08:31:44.925+0000] {processor.py:157} INFO - Started process (PID=892) to work on /opt/airflow/dags/dbt_dag.py
[2025-11-08T08:31:44.927+0000] {processor.py:829} INFO - Processing file /opt/airflow/dags/dbt_dag.py for tasks to queue
[2025-11-08T08:31:44.930+0000] {logging_mixin.py:151} INFO - [2025-11-08T08:31:44.928+0000] {dagbag.py:539} INFO - Filling up the DagBag from /opt/airflow/dags/dbt_dag.py
[2025-11-08T08:31:44.975+0000] {processor.py:839} INFO - DAG(s) dict_keys(['dbt_transform']) retrieved from /opt/airflow/dags/dbt_dag.py
[2025-11-08T08:31:45.052+0000] {logging_mixin.py:151} INFO - [2025-11-08T08:31:45.052+0000] {dag.py:2915} INFO - Sync 1 DAGs
[2025-11-08T08:31:45.116+0000] {logging_mixin.py:151} INFO - [2025-11-08T08:31:45.115+0000] {dag.py:3696} INFO - Setting next_dagrun for dbt_transform to 2025-11-08T08:28:21.722689+00:00, run_after=2025-11-08T08:33:21.722689+00:00
[2025-11-08T08:31:45.148+0000] {processor.py:179} INFO - Processing /opt/airflow/dags/dbt_dag.py took 0.232 seconds
[2025-11-08T08:32:15.479+0000] {processor.py:157} INFO - Started process (PID=897) to work on /opt/airflow/dags/dbt_dag.py
[2025-11-08T08:32:15.481+0000] {processor.py:829} INFO - Processing file /opt/airflow/dags/dbt_dag.py for tasks to queue
[2025-11-08T08:32:15.484+0000] {logging_mixin.py:151} INFO - [2025-11-08T08:32:15.483+0000] {dagbag.py:539} INFO - Filling up the DagBag from /opt/airflow/dags/dbt_dag.py
[2025-11-08T08:32:15.528+0000] {processor.py:839} INFO - DAG(s) dict_keys(['dbt_transform']) retrieved from /opt/airflow/dags/dbt_dag.py
[2025-11-08T08:32:15.602+0000] {logging_mixin.py:151} INFO - [2025-11-08T08:32:15.601+0000] {dag.py:2915} INFO - Sync 1 DAGs
[2025-11-08T08:32:15.656+0000] {logging_mixin.py:151} INFO - [2025-11-08T08:32:15.656+0000] {dag.py:3696} INFO - Setting next_dagrun for dbt_transform to 2025-11-08T08:28:21.722689+00:00, run_after=2025-11-08T08:33:21.722689+00:00
[2025-11-08T08:32:15.703+0000] {processor.py:179} INFO - Processing /opt/airflow/dags/dbt_dag.py took 0.234 seconds
[2025-11-08T08:32:46.054+0000] {processor.py:157} INFO - Started process (PID=902) to work on /opt/airflow/dags/dbt_dag.py
[2025-11-08T08:32:46.056+0000] {processor.py:829} INFO - Processing file /opt/airflow/dags/dbt_dag.py for tasks to queue
[2025-11-08T08:32:46.058+0000] {logging_mixin.py:151} INFO - [2025-11-08T08:32:46.057+0000] {dagbag.py:539} INFO - Filling up the DagBag from /opt/airflow/dags/dbt_dag.py
[2025-11-08T08:32:46.104+0000] {processor.py:839} INFO - DAG(s) dict_keys(['dbt_transform']) retrieved from /opt/airflow/dags/dbt_dag.py
[2025-11-08T08:32:46.182+0000] {logging_mixin.py:151} INFO - [2025-11-08T08:32:46.181+0000] {dag.py:2915} INFO - Sync 1 DAGs
[2025-11-08T08:32:46.229+0000] {logging_mixin.py:151} INFO - [2025-11-08T08:32:46.229+0000] {dag.py:3696} INFO - Setting next_dagrun for dbt_transform to 2025-11-08T08:28:21.722689+00:00, run_after=2025-11-08T08:33:21.722689+00:00
[2025-11-08T08:32:46.255+0000] {processor.py:179} INFO - Processing /opt/airflow/dags/dbt_dag.py took 0.210 seconds
[2025-11-08T08:33:16.357+0000] {processor.py:157} INFO - Started process (PID=934) to work on /opt/airflow/dags/dbt_dag.py
[2025-11-08T08:33:16.359+0000] {processor.py:829} INFO - Processing file /opt/airflow/dags/dbt_dag.py for tasks to queue
[2025-11-08T08:33:16.362+0000] {logging_mixin.py:151} INFO - [2025-11-08T08:33:16.361+0000] {dagbag.py:539} INFO - Filling up the DagBag from /opt/airflow/dags/dbt_dag.py
[2025-11-08T08:33:16.395+0000] {processor.py:839} INFO - DAG(s) dict_keys(['dbt_transform']) retrieved from /opt/airflow/dags/dbt_dag.py
[2025-11-08T08:33:16.448+0000] {logging_mixin.py:151} INFO - [2025-11-08T08:33:16.447+0000] {dag.py:2915} INFO - Sync 1 DAGs
[2025-11-08T08:33:16.488+0000] {logging_mixin.py:151} INFO - [2025-11-08T08:33:16.488+0000] {dag.py:3696} INFO - Setting next_dagrun for dbt_transform to 2025-11-08T08:33:05.840737+00:00, run_after=2025-11-08T08:38:05.840737+00:00
[2025-11-08T08:33:16.525+0000] {processor.py:179} INFO - Processing /opt/airflow/dags/dbt_dag.py took 0.178 seconds
[2025-11-08T08:33:46.610+0000] {processor.py:157} INFO - Started process (PID=953) to work on /opt/airflow/dags/dbt_dag.py
[2025-11-08T08:33:46.612+0000] {processor.py:829} INFO - Processing file /opt/airflow/dags/dbt_dag.py for tasks to queue
[2025-11-08T08:33:46.613+0000] {logging_mixin.py:151} INFO - [2025-11-08T08:33:46.613+0000] {dagbag.py:539} INFO - Filling up the DagBag from /opt/airflow/dags/dbt_dag.py
[2025-11-08T08:33:46.657+0000] {processor.py:839} INFO - DAG(s) dict_keys(['dbt_transform']) retrieved from /opt/airflow/dags/dbt_dag.py
[2025-11-08T08:33:46.716+0000] {logging_mixin.py:151} INFO - [2025-11-08T08:33:46.716+0000] {dag.py:2915} INFO - Sync 1 DAGs
[2025-11-08T08:33:46.767+0000] {logging_mixin.py:151} INFO - [2025-11-08T08:33:46.767+0000] {dag.py:3696} INFO - Setting next_dagrun for dbt_transform to 2025-11-08T08:33:05.840737+00:00, run_after=2025-11-08T08:38:05.840737+00:00
[2025-11-08T08:33:46.845+0000] {processor.py:179} INFO - Processing /opt/airflow/dags/dbt_dag.py took 0.240 seconds
[2025-11-08T08:34:17.106+0000] {processor.py:157} INFO - Started process (PID=973) to work on /opt/airflow/dags/dbt_dag.py
[2025-11-08T08:34:17.109+0000] {processor.py:829} INFO - Processing file /opt/airflow/dags/dbt_dag.py for tasks to queue
[2025-11-08T08:34:17.111+0000] {logging_mixin.py:151} INFO - [2025-11-08T08:34:17.110+0000] {dagbag.py:539} INFO - Filling up the DagBag from /opt/airflow/dags/dbt_dag.py
[2025-11-08T08:34:17.156+0000] {processor.py:839} INFO - DAG(s) dict_keys(['dbt_transform']) retrieved from /opt/airflow/dags/dbt_dag.py
[2025-11-08T08:34:17.224+0000] {logging_mixin.py:151} INFO - [2025-11-08T08:34:17.223+0000] {dag.py:2915} INFO - Sync 1 DAGs
[2025-11-08T08:34:17.278+0000] {logging_mixin.py:151} INFO - [2025-11-08T08:34:17.278+0000] {dag.py:3696} INFO - Setting next_dagrun for dbt_transform to 2025-11-08T08:33:46.825820+00:00, run_after=2025-11-08T08:38:46.825820+00:00
[2025-11-08T08:34:17.330+0000] {processor.py:179} INFO - Processing /opt/airflow/dags/dbt_dag.py took 0.231 seconds
[2025-11-08T08:34:47.425+0000] {processor.py:157} INFO - Started process (PID=978) to work on /opt/airflow/dags/dbt_dag.py
[2025-11-08T08:34:47.426+0000] {processor.py:829} INFO - Processing file /opt/airflow/dags/dbt_dag.py for tasks to queue
[2025-11-08T08:34:47.432+0000] {logging_mixin.py:151} INFO - [2025-11-08T08:34:47.428+0000] {dagbag.py:539} INFO - Filling up the DagBag from /opt/airflow/dags/dbt_dag.py
[2025-11-08T08:34:47.477+0000] {processor.py:839} INFO - DAG(s) dict_keys(['dbt_transform']) retrieved from /opt/airflow/dags/dbt_dag.py
[2025-11-08T08:34:47.548+0000] {logging_mixin.py:151} INFO - [2025-11-08T08:34:47.548+0000] {dag.py:2915} INFO - Sync 1 DAGs
[2025-11-08T08:34:47.589+0000] {logging_mixin.py:151} INFO - [2025-11-08T08:34:47.589+0000] {dag.py:3696} INFO - Setting next_dagrun for dbt_transform to 2025-11-08T08:33:46.825820+00:00, run_after=2025-11-08T08:38:46.825820+00:00
[2025-11-08T08:34:47.624+0000] {processor.py:179} INFO - Processing /opt/airflow/dags/dbt_dag.py took 0.207 seconds
[2025-11-08T08:35:17.861+0000] {processor.py:157} INFO - Started process (PID=983) to work on /opt/airflow/dags/dbt_dag.py
[2025-11-08T08:35:17.862+0000] {processor.py:829} INFO - Processing file /opt/airflow/dags/dbt_dag.py for tasks to queue
[2025-11-08T08:35:17.863+0000] {logging_mixin.py:151} INFO - [2025-11-08T08:35:17.863+0000] {dagbag.py:539} INFO - Filling up the DagBag from /opt/airflow/dags/dbt_dag.py
[2025-11-08T08:35:17.905+0000] {processor.py:839} INFO - DAG(s) dict_keys(['dbt_transform']) retrieved from /opt/airflow/dags/dbt_dag.py
[2025-11-08T08:35:17.960+0000] {logging_mixin.py:151} INFO - [2025-11-08T08:35:17.959+0000] {dag.py:2915} INFO - Sync 1 DAGs
[2025-11-08T08:35:17.997+0000] {logging_mixin.py:151} INFO - [2025-11-08T08:35:17.997+0000] {dag.py:3696} INFO - Setting next_dagrun for dbt_transform to 2025-11-08T08:33:46.825820+00:00, run_after=2025-11-08T08:38:46.825820+00:00
[2025-11-08T08:35:18.032+0000] {processor.py:179} INFO - Processing /opt/airflow/dags/dbt_dag.py took 0.176 seconds
[2025-11-08T08:35:48.282+0000] {processor.py:157} INFO - Started process (PID=988) to work on /opt/airflow/dags/dbt_dag.py
[2025-11-08T08:35:48.283+0000] {processor.py:829} INFO - Processing file /opt/airflow/dags/dbt_dag.py for tasks to queue
[2025-11-08T08:35:48.284+0000] {logging_mixin.py:151} INFO - [2025-11-08T08:35:48.283+0000] {dagbag.py:539} INFO - Filling up the DagBag from /opt/airflow/dags/dbt_dag.py
[2025-11-08T08:35:48.314+0000] {processor.py:839} INFO - DAG(s) dict_keys(['dbt_transform']) retrieved from /opt/airflow/dags/dbt_dag.py
[2025-11-08T08:35:48.356+0000] {logging_mixin.py:151} INFO - [2025-11-08T08:35:48.355+0000] {dag.py:2915} INFO - Sync 1 DAGs
[2025-11-08T08:35:48.385+0000] {logging_mixin.py:151} INFO - [2025-11-08T08:35:48.384+0000] {dag.py:3696} INFO - Setting next_dagrun for dbt_transform to 2025-11-08T08:33:46.825820+00:00, run_after=2025-11-08T08:38:46.825820+00:00
[2025-11-08T08:35:48.414+0000] {processor.py:179} INFO - Processing /opt/airflow/dags/dbt_dag.py took 0.136 seconds
[2025-11-08T08:36:18.519+0000] {processor.py:157} INFO - Started process (PID=993) to work on /opt/airflow/dags/dbt_dag.py
[2025-11-08T08:36:18.521+0000] {processor.py:829} INFO - Processing file /opt/airflow/dags/dbt_dag.py for tasks to queue
[2025-11-08T08:36:18.523+0000] {logging_mixin.py:151} INFO - [2025-11-08T08:36:18.522+0000] {dagbag.py:539} INFO - Filling up the DagBag from /opt/airflow/dags/dbt_dag.py
[2025-11-08T08:36:18.563+0000] {processor.py:839} INFO - DAG(s) dict_keys(['dbt_transform']) retrieved from /opt/airflow/dags/dbt_dag.py
[2025-11-08T08:36:18.628+0000] {logging_mixin.py:151} INFO - [2025-11-08T08:36:18.627+0000] {dag.py:2915} INFO - Sync 1 DAGs
[2025-11-08T08:36:18.668+0000] {logging_mixin.py:151} INFO - [2025-11-08T08:36:18.668+0000] {dag.py:3696} INFO - Setting next_dagrun for dbt_transform to 2025-11-08T08:33:46.825820+00:00, run_after=2025-11-08T08:38:46.825820+00:00
[2025-11-08T08:36:18.707+0000] {processor.py:179} INFO - Processing /opt/airflow/dags/dbt_dag.py took 0.194 seconds
[2025-11-08T08:36:48.866+0000] {processor.py:157} INFO - Started process (PID=998) to work on /opt/airflow/dags/dbt_dag.py
[2025-11-08T08:36:48.868+0000] {processor.py:829} INFO - Processing file /opt/airflow/dags/dbt_dag.py for tasks to queue
[2025-11-08T08:36:48.872+0000] {logging_mixin.py:151} INFO - [2025-11-08T08:36:48.871+0000] {dagbag.py:539} INFO - Filling up the DagBag from /opt/airflow/dags/dbt_dag.py
[2025-11-08T08:36:48.899+0000] {processor.py:839} INFO - DAG(s) dict_keys(['dbt_transform']) retrieved from /opt/airflow/dags/dbt_dag.py
[2025-11-08T08:36:48.945+0000] {logging_mixin.py:151} INFO - [2025-11-08T08:36:48.945+0000] {dag.py:2915} INFO - Sync 1 DAGs
[2025-11-08T08:36:48.979+0000] {logging_mixin.py:151} INFO - [2025-11-08T08:36:48.979+0000] {dag.py:3696} INFO - Setting next_dagrun for dbt_transform to 2025-11-08T08:33:46.825820+00:00, run_after=2025-11-08T08:38:46.825820+00:00
[2025-11-08T08:36:49.010+0000] {processor.py:179} INFO - Processing /opt/airflow/dags/dbt_dag.py took 0.155 seconds
[2025-11-08T08:37:19.124+0000] {processor.py:157} INFO - Started process (PID=1003) to work on /opt/airflow/dags/dbt_dag.py
[2025-11-08T08:37:19.125+0000] {processor.py:829} INFO - Processing file /opt/airflow/dags/dbt_dag.py for tasks to queue
[2025-11-08T08:37:19.126+0000] {logging_mixin.py:151} INFO - [2025-11-08T08:37:19.125+0000] {dagbag.py:539} INFO - Filling up the DagBag from /opt/airflow/dags/dbt_dag.py
[2025-11-08T08:37:19.154+0000] {processor.py:839} INFO - DAG(s) dict_keys(['dbt_transform']) retrieved from /opt/airflow/dags/dbt_dag.py
[2025-11-08T08:37:19.203+0000] {logging_mixin.py:151} INFO - [2025-11-08T08:37:19.202+0000] {dag.py:2915} INFO - Sync 1 DAGs
[2025-11-08T08:37:19.237+0000] {logging_mixin.py:151} INFO - [2025-11-08T08:37:19.237+0000] {dag.py:3696} INFO - Setting next_dagrun for dbt_transform to 2025-11-08T08:33:46.825820+00:00, run_after=2025-11-08T08:38:46.825820+00:00
[2025-11-08T08:37:19.270+0000] {processor.py:179} INFO - Processing /opt/airflow/dags/dbt_dag.py took 0.149 seconds
[2025-11-08T08:37:49.405+0000] {processor.py:157} INFO - Started process (PID=1008) to work on /opt/airflow/dags/dbt_dag.py
[2025-11-08T08:37:49.406+0000] {processor.py:829} INFO - Processing file /opt/airflow/dags/dbt_dag.py for tasks to queue
[2025-11-08T08:37:49.407+0000] {logging_mixin.py:151} INFO - [2025-11-08T08:37:49.406+0000] {dagbag.py:539} INFO - Filling up the DagBag from /opt/airflow/dags/dbt_dag.py
[2025-11-08T08:37:49.436+0000] {processor.py:839} INFO - DAG(s) dict_keys(['dbt_transform']) retrieved from /opt/airflow/dags/dbt_dag.py
[2025-11-08T08:37:49.483+0000] {logging_mixin.py:151} INFO - [2025-11-08T08:37:49.483+0000] {dag.py:2915} INFO - Sync 1 DAGs
[2025-11-08T08:37:49.517+0000] {logging_mixin.py:151} INFO - [2025-11-08T08:37:49.517+0000] {dag.py:3696} INFO - Setting next_dagrun for dbt_transform to 2025-11-08T08:33:46.825820+00:00, run_after=2025-11-08T08:38:46.825820+00:00
[2025-11-08T08:37:49.547+0000] {processor.py:179} INFO - Processing /opt/airflow/dags/dbt_dag.py took 0.147 seconds
[2025-11-08T08:38:19.716+0000] {processor.py:157} INFO - Started process (PID=1014) to work on /opt/airflow/dags/dbt_dag.py
[2025-11-08T08:38:19.718+0000] {processor.py:829} INFO - Processing file /opt/airflow/dags/dbt_dag.py for tasks to queue
[2025-11-08T08:38:19.720+0000] {logging_mixin.py:151} INFO - [2025-11-08T08:38:19.720+0000] {dagbag.py:539} INFO - Filling up the DagBag from /opt/airflow/dags/dbt_dag.py
[2025-11-08T08:38:19.762+0000] {processor.py:839} INFO - DAG(s) dict_keys(['dbt_transform']) retrieved from /opt/airflow/dags/dbt_dag.py
[2025-11-08T08:38:19.829+0000] {logging_mixin.py:151} INFO - [2025-11-08T08:38:19.828+0000] {dag.py:2915} INFO - Sync 1 DAGs
[2025-11-08T08:38:19.874+0000] {logging_mixin.py:151} INFO - [2025-11-08T08:38:19.873+0000] {dag.py:3696} INFO - Setting next_dagrun for dbt_transform to 2025-11-08T08:33:46.825820+00:00, run_after=2025-11-08T08:38:46.825820+00:00
[2025-11-08T08:38:19.909+0000] {processor.py:179} INFO - Processing /opt/airflow/dags/dbt_dag.py took 0.202 seconds
[2025-11-08T08:38:50.131+0000] {processor.py:157} INFO - Started process (PID=1044) to work on /opt/airflow/dags/dbt_dag.py
[2025-11-08T08:38:50.132+0000] {processor.py:829} INFO - Processing file /opt/airflow/dags/dbt_dag.py for tasks to queue
[2025-11-08T08:38:50.134+0000] {logging_mixin.py:151} INFO - [2025-11-08T08:38:50.133+0000] {dagbag.py:539} INFO - Filling up the DagBag from /opt/airflow/dags/dbt_dag.py
[2025-11-08T08:38:50.166+0000] {processor.py:839} INFO - DAG(s) dict_keys(['dbt_transform']) retrieved from /opt/airflow/dags/dbt_dag.py
[2025-11-08T08:38:50.214+0000] {logging_mixin.py:151} INFO - [2025-11-08T08:38:50.213+0000] {dag.py:2915} INFO - Sync 1 DAGs
[2025-11-08T08:38:50.251+0000] {logging_mixin.py:151} INFO - [2025-11-08T08:38:50.250+0000] {dag.py:3696} INFO - Setting next_dagrun for dbt_transform to 2025-11-08T08:38:27.059091+00:00, run_after=2025-11-08T08:43:27.059091+00:00
[2025-11-08T08:38:50.283+0000] {processor.py:179} INFO - Processing /opt/airflow/dags/dbt_dag.py took 0.157 seconds
[2025-11-08T08:39:20.502+0000] {processor.py:157} INFO - Started process (PID=1075) to work on /opt/airflow/dags/dbt_dag.py
[2025-11-08T08:39:20.503+0000] {processor.py:829} INFO - Processing file /opt/airflow/dags/dbt_dag.py for tasks to queue
[2025-11-08T08:39:20.504+0000] {logging_mixin.py:151} INFO - [2025-11-08T08:39:20.503+0000] {dagbag.py:539} INFO - Filling up the DagBag from /opt/airflow/dags/dbt_dag.py
[2025-11-08T08:39:20.533+0000] {processor.py:839} INFO - DAG(s) dict_keys(['dbt_transform']) retrieved from /opt/airflow/dags/dbt_dag.py
[2025-11-08T08:39:20.573+0000] {logging_mixin.py:151} INFO - [2025-11-08T08:39:20.572+0000] {dag.py:2915} INFO - Sync 1 DAGs
[2025-11-08T08:39:20.602+0000] {logging_mixin.py:151} INFO - [2025-11-08T08:39:20.602+0000] {dag.py:3696} INFO - Setting next_dagrun for dbt_transform to 2025-11-08T08:39:07.712902+00:00, run_after=2025-11-08T08:44:07.712902+00:00
[2025-11-08T08:39:20.634+0000] {processor.py:179} INFO - Processing /opt/airflow/dags/dbt_dag.py took 0.140 seconds
[2025-11-08T08:39:50.774+0000] {processor.py:157} INFO - Started process (PID=1080) to work on /opt/airflow/dags/dbt_dag.py
[2025-11-08T08:39:50.777+0000] {processor.py:829} INFO - Processing file /opt/airflow/dags/dbt_dag.py for tasks to queue
[2025-11-08T08:39:50.779+0000] {logging_mixin.py:151} INFO - [2025-11-08T08:39:50.778+0000] {dagbag.py:539} INFO - Filling up the DagBag from /opt/airflow/dags/dbt_dag.py
[2025-11-08T08:39:50.823+0000] {processor.py:839} INFO - DAG(s) dict_keys(['dbt_transform']) retrieved from /opt/airflow/dags/dbt_dag.py
[2025-11-08T08:39:50.885+0000] {logging_mixin.py:151} INFO - [2025-11-08T08:39:50.884+0000] {dag.py:2915} INFO - Sync 1 DAGs
[2025-11-08T08:39:50.930+0000] {logging_mixin.py:151} INFO - [2025-11-08T08:39:50.929+0000] {dag.py:3696} INFO - Setting next_dagrun for dbt_transform to 2025-11-08T08:39:07.712902+00:00, run_after=2025-11-08T08:44:07.712902+00:00
[2025-11-08T08:39:50.969+0000] {processor.py:179} INFO - Processing /opt/airflow/dags/dbt_dag.py took 0.203 seconds
[2025-11-08T08:40:21.179+0000] {processor.py:157} INFO - Started process (PID=1085) to work on /opt/airflow/dags/dbt_dag.py
[2025-11-08T08:40:21.180+0000] {processor.py:829} INFO - Processing file /opt/airflow/dags/dbt_dag.py for tasks to queue
[2025-11-08T08:40:21.182+0000] {logging_mixin.py:151} INFO - [2025-11-08T08:40:21.181+0000] {dagbag.py:539} INFO - Filling up the DagBag from /opt/airflow/dags/dbt_dag.py
[2025-11-08T08:40:21.211+0000] {processor.py:839} INFO - DAG(s) dict_keys(['dbt_transform']) retrieved from /opt/airflow/dags/dbt_dag.py
[2025-11-08T08:40:21.265+0000] {logging_mixin.py:151} INFO - [2025-11-08T08:40:21.265+0000] {dag.py:2915} INFO - Sync 1 DAGs
[2025-11-08T08:40:21.346+0000] {logging_mixin.py:151} INFO - [2025-11-08T08:40:21.345+0000] {dag.py:3696} INFO - Setting next_dagrun for dbt_transform to 2025-11-08T08:39:07.712902+00:00, run_after=2025-11-08T08:44:07.712902+00:00
[2025-11-08T08:40:21.392+0000] {processor.py:179} INFO - Processing /opt/airflow/dags/dbt_dag.py took 0.220 seconds
[2025-11-08T08:40:51.536+0000] {processor.py:157} INFO - Started process (PID=1090) to work on /opt/airflow/dags/dbt_dag.py
[2025-11-08T08:40:51.538+0000] {processor.py:829} INFO - Processing file /opt/airflow/dags/dbt_dag.py for tasks to queue
[2025-11-08T08:40:51.541+0000] {logging_mixin.py:151} INFO - [2025-11-08T08:40:51.540+0000] {dagbag.py:539} INFO - Filling up the DagBag from /opt/airflow/dags/dbt_dag.py
[2025-11-08T08:40:51.579+0000] {processor.py:839} INFO - DAG(s) dict_keys(['dbt_transform']) retrieved from /opt/airflow/dags/dbt_dag.py
[2025-11-08T08:40:51.643+0000] {logging_mixin.py:151} INFO - [2025-11-08T08:40:51.642+0000] {dag.py:2915} INFO - Sync 1 DAGs
[2025-11-08T08:40:51.688+0000] {logging_mixin.py:151} INFO - [2025-11-08T08:40:51.687+0000] {dag.py:3696} INFO - Setting next_dagrun for dbt_transform to 2025-11-08T08:39:07.712902+00:00, run_after=2025-11-08T08:44:07.712902+00:00
[2025-11-08T08:40:51.732+0000] {processor.py:179} INFO - Processing /opt/airflow/dags/dbt_dag.py took 0.203 seconds
[2025-11-08T08:41:21.955+0000] {processor.py:157} INFO - Started process (PID=1095) to work on /opt/airflow/dags/dbt_dag.py
[2025-11-08T08:41:21.956+0000] {processor.py:829} INFO - Processing file /opt/airflow/dags/dbt_dag.py for tasks to queue
[2025-11-08T08:41:21.959+0000] {logging_mixin.py:151} INFO - [2025-11-08T08:41:21.958+0000] {dagbag.py:539} INFO - Filling up the DagBag from /opt/airflow/dags/dbt_dag.py
[2025-11-08T08:41:22.026+0000] {processor.py:839} INFO - DAG(s) dict_keys(['dbt_transform']) retrieved from /opt/airflow/dags/dbt_dag.py
[2025-11-08T08:41:22.107+0000] {logging_mixin.py:151} INFO - [2025-11-08T08:41:22.106+0000] {dag.py:2915} INFO - Sync 1 DAGs
[2025-11-08T08:41:22.161+0000] {logging_mixin.py:151} INFO - [2025-11-08T08:41:22.161+0000] {dag.py:3696} INFO - Setting next_dagrun for dbt_transform to 2025-11-08T08:39:07.712902+00:00, run_after=2025-11-08T08:44:07.712902+00:00
[2025-11-08T08:41:22.220+0000] {processor.py:179} INFO - Processing /opt/airflow/dags/dbt_dag.py took 0.270 seconds
[2025-11-08T08:41:52.316+0000] {processor.py:157} INFO - Started process (PID=1100) to work on /opt/airflow/dags/dbt_dag.py
[2025-11-08T08:41:52.318+0000] {processor.py:829} INFO - Processing file /opt/airflow/dags/dbt_dag.py for tasks to queue
[2025-11-08T08:41:52.321+0000] {logging_mixin.py:151} INFO - [2025-11-08T08:41:52.320+0000] {dagbag.py:539} INFO - Filling up the DagBag from /opt/airflow/dags/dbt_dag.py
[2025-11-08T08:41:52.365+0000] {processor.py:839} INFO - DAG(s) dict_keys(['dbt_transform']) retrieved from /opt/airflow/dags/dbt_dag.py
[2025-11-08T08:41:52.427+0000] {logging_mixin.py:151} INFO - [2025-11-08T08:41:52.426+0000] {dag.py:2915} INFO - Sync 1 DAGs
[2025-11-08T08:41:52.467+0000] {logging_mixin.py:151} INFO - [2025-11-08T08:41:52.466+0000] {dag.py:3696} INFO - Setting next_dagrun for dbt_transform to 2025-11-08T08:39:07.712902+00:00, run_after=2025-11-08T08:44:07.712902+00:00
[2025-11-08T08:41:52.511+0000] {processor.py:179} INFO - Processing /opt/airflow/dags/dbt_dag.py took 0.204 seconds
[2025-11-08T08:42:22.826+0000] {processor.py:157} INFO - Started process (PID=1105) to work on /opt/airflow/dags/dbt_dag.py
[2025-11-08T08:42:22.828+0000] {processor.py:829} INFO - Processing file /opt/airflow/dags/dbt_dag.py for tasks to queue
[2025-11-08T08:42:22.830+0000] {logging_mixin.py:151} INFO - [2025-11-08T08:42:22.829+0000] {dagbag.py:539} INFO - Filling up the DagBag from /opt/airflow/dags/dbt_dag.py
[2025-11-08T08:42:22.872+0000] {processor.py:839} INFO - DAG(s) dict_keys(['dbt_transform']) retrieved from /opt/airflow/dags/dbt_dag.py
[2025-11-08T08:42:22.939+0000] {logging_mixin.py:151} INFO - [2025-11-08T08:42:22.938+0000] {dag.py:2915} INFO - Sync 1 DAGs
[2025-11-08T08:42:22.994+0000] {logging_mixin.py:151} INFO - [2025-11-08T08:42:22.993+0000] {dag.py:3696} INFO - Setting next_dagrun for dbt_transform to 2025-11-08T08:39:07.712902+00:00, run_after=2025-11-08T08:44:07.712902+00:00
[2025-11-08T08:42:23.050+0000] {processor.py:179} INFO - Processing /opt/airflow/dags/dbt_dag.py took 0.232 seconds
[2025-11-08T08:42:53.361+0000] {processor.py:157} INFO - Started process (PID=1110) to work on /opt/airflow/dags/dbt_dag.py
[2025-11-08T08:42:53.363+0000] {processor.py:829} INFO - Processing file /opt/airflow/dags/dbt_dag.py for tasks to queue
[2025-11-08T08:42:53.366+0000] {logging_mixin.py:151} INFO - [2025-11-08T08:42:53.365+0000] {dagbag.py:539} INFO - Filling up the DagBag from /opt/airflow/dags/dbt_dag.py
[2025-11-08T08:42:53.400+0000] {processor.py:839} INFO - DAG(s) dict_keys(['dbt_transform']) retrieved from /opt/airflow/dags/dbt_dag.py
[2025-11-08T08:42:53.464+0000] {logging_mixin.py:151} INFO - [2025-11-08T08:42:53.463+0000] {dag.py:2915} INFO - Sync 1 DAGs
[2025-11-08T08:42:53.502+0000] {logging_mixin.py:151} INFO - [2025-11-08T08:42:53.502+0000] {dag.py:3696} INFO - Setting next_dagrun for dbt_transform to 2025-11-08T08:39:07.712902+00:00, run_after=2025-11-08T08:44:07.712902+00:00
[2025-11-08T08:42:53.529+0000] {processor.py:179} INFO - Processing /opt/airflow/dags/dbt_dag.py took 0.179 seconds
[2025-11-08T08:43:23.626+0000] {processor.py:157} INFO - Started process (PID=1115) to work on /opt/airflow/dags/dbt_dag.py
[2025-11-08T08:43:23.628+0000] {processor.py:829} INFO - Processing file /opt/airflow/dags/dbt_dag.py for tasks to queue
[2025-11-08T08:43:23.630+0000] {logging_mixin.py:151} INFO - [2025-11-08T08:43:23.630+0000] {dagbag.py:539} INFO - Filling up the DagBag from /opt/airflow/dags/dbt_dag.py
[2025-11-08T08:43:23.674+0000] {processor.py:839} INFO - DAG(s) dict_keys(['dbt_transform']) retrieved from /opt/airflow/dags/dbt_dag.py
[2025-11-08T08:43:23.750+0000] {logging_mixin.py:151} INFO - [2025-11-08T08:43:23.749+0000] {dag.py:2915} INFO - Sync 1 DAGs
[2025-11-08T08:43:23.803+0000] {logging_mixin.py:151} INFO - [2025-11-08T08:43:23.803+0000] {dag.py:3696} INFO - Setting next_dagrun for dbt_transform to 2025-11-08T08:39:07.712902+00:00, run_after=2025-11-08T08:44:07.712902+00:00
[2025-11-08T08:43:23.848+0000] {processor.py:179} INFO - Processing /opt/airflow/dags/dbt_dag.py took 0.236 seconds
[2025-11-08T08:43:54.110+0000] {processor.py:157} INFO - Started process (PID=1147) to work on /opt/airflow/dags/dbt_dag.py
[2025-11-08T08:43:54.111+0000] {processor.py:829} INFO - Processing file /opt/airflow/dags/dbt_dag.py for tasks to queue
[2025-11-08T08:43:54.115+0000] {logging_mixin.py:151} INFO - [2025-11-08T08:43:54.114+0000] {dagbag.py:539} INFO - Filling up the DagBag from /opt/airflow/dags/dbt_dag.py
[2025-11-08T08:43:54.154+0000] {processor.py:839} INFO - DAG(s) dict_keys(['dbt_transform']) retrieved from /opt/airflow/dags/dbt_dag.py
[2025-11-08T08:43:54.214+0000] {logging_mixin.py:151} INFO - [2025-11-08T08:43:54.214+0000] {dag.py:2915} INFO - Sync 1 DAGs
[2025-11-08T08:43:54.256+0000] {logging_mixin.py:151} INFO - [2025-11-08T08:43:54.256+0000] {dag.py:3696} INFO - Setting next_dagrun for dbt_transform to 2025-11-08T08:43:46.991054+00:00, run_after=2025-11-08T08:48:46.991054+00:00
[2025-11-08T08:43:54.292+0000] {processor.py:179} INFO - Processing /opt/airflow/dags/dbt_dag.py took 0.187 seconds
[2025-11-08T08:44:24.534+0000] {processor.py:157} INFO - Started process (PID=1166) to work on /opt/airflow/dags/dbt_dag.py
[2025-11-08T08:44:24.535+0000] {processor.py:829} INFO - Processing file /opt/airflow/dags/dbt_dag.py for tasks to queue
[2025-11-08T08:44:24.537+0000] {logging_mixin.py:151} INFO - [2025-11-08T08:44:24.537+0000] {dagbag.py:539} INFO - Filling up the DagBag from /opt/airflow/dags/dbt_dag.py
[2025-11-08T08:44:24.572+0000] {processor.py:839} INFO - DAG(s) dict_keys(['dbt_transform']) retrieved from /opt/airflow/dags/dbt_dag.py
[2025-11-08T08:44:24.620+0000] {logging_mixin.py:151} INFO - [2025-11-08T08:44:24.620+0000] {dag.py:2915} INFO - Sync 1 DAGs
[2025-11-08T08:44:24.653+0000] {logging_mixin.py:151} INFO - [2025-11-08T08:44:24.653+0000] {dag.py:3696} INFO - Setting next_dagrun for dbt_transform to 2025-11-08T08:43:46.991054+00:00, run_after=2025-11-08T08:48:46.991054+00:00
[2025-11-08T08:44:24.690+0000] {processor.py:179} INFO - Processing /opt/airflow/dags/dbt_dag.py took 0.161 seconds
[2025-11-08T08:44:54.795+0000] {processor.py:157} INFO - Started process (PID=1185) to work on /opt/airflow/dags/dbt_dag.py
[2025-11-08T08:44:54.796+0000] {processor.py:829} INFO - Processing file /opt/airflow/dags/dbt_dag.py for tasks to queue
[2025-11-08T08:44:54.799+0000] {logging_mixin.py:151} INFO - [2025-11-08T08:44:54.798+0000] {dagbag.py:539} INFO - Filling up the DagBag from /opt/airflow/dags/dbt_dag.py
[2025-11-08T08:44:54.838+0000] {processor.py:839} INFO - DAG(s) dict_keys(['dbt_transform']) retrieved from /opt/airflow/dags/dbt_dag.py
[2025-11-08T08:44:54.886+0000] {logging_mixin.py:151} INFO - [2025-11-08T08:44:54.885+0000] {dag.py:2915} INFO - Sync 1 DAGs
[2025-11-08T08:44:54.924+0000] {logging_mixin.py:151} INFO - [2025-11-08T08:44:54.923+0000] {dag.py:3696} INFO - Setting next_dagrun for dbt_transform to 2025-11-08T08:44:25.880985+00:00, run_after=2025-11-08T08:49:25.880985+00:00
[2025-11-08T08:44:54.959+0000] {processor.py:179} INFO - Processing /opt/airflow/dags/dbt_dag.py took 0.173 seconds
[2025-11-08T08:45:25.307+0000] {processor.py:157} INFO - Started process (PID=1190) to work on /opt/airflow/dags/dbt_dag.py
[2025-11-08T08:45:25.310+0000] {processor.py:829} INFO - Processing file /opt/airflow/dags/dbt_dag.py for tasks to queue
[2025-11-08T08:45:25.312+0000] {logging_mixin.py:151} INFO - [2025-11-08T08:45:25.311+0000] {dagbag.py:539} INFO - Filling up the DagBag from /opt/airflow/dags/dbt_dag.py
[2025-11-08T08:45:25.369+0000] {processor.py:839} INFO - DAG(s) dict_keys(['dbt_transform']) retrieved from /opt/airflow/dags/dbt_dag.py
[2025-11-08T08:45:25.452+0000] {logging_mixin.py:151} INFO - [2025-11-08T08:45:25.451+0000] {dag.py:2915} INFO - Sync 1 DAGs
[2025-11-08T08:45:25.516+0000] {logging_mixin.py:151} INFO - [2025-11-08T08:45:25.516+0000] {dag.py:3696} INFO - Setting next_dagrun for dbt_transform to 2025-11-08T08:44:25.880985+00:00, run_after=2025-11-08T08:49:25.880985+00:00
[2025-11-08T08:45:25.570+0000] {processor.py:179} INFO - Processing /opt/airflow/dags/dbt_dag.py took 0.272 seconds
[2025-11-08T08:45:55.888+0000] {processor.py:157} INFO - Started process (PID=1195) to work on /opt/airflow/dags/dbt_dag.py
[2025-11-08T08:45:55.889+0000] {processor.py:829} INFO - Processing file /opt/airflow/dags/dbt_dag.py for tasks to queue
[2025-11-08T08:45:55.890+0000] {logging_mixin.py:151} INFO - [2025-11-08T08:45:55.889+0000] {dagbag.py:539} INFO - Filling up the DagBag from /opt/airflow/dags/dbt_dag.py
[2025-11-08T08:45:55.913+0000] {processor.py:839} INFO - DAG(s) dict_keys(['dbt_transform']) retrieved from /opt/airflow/dags/dbt_dag.py
[2025-11-08T08:45:55.960+0000] {logging_mixin.py:151} INFO - [2025-11-08T08:45:55.959+0000] {dag.py:2915} INFO - Sync 1 DAGs
[2025-11-08T08:45:55.990+0000] {logging_mixin.py:151} INFO - [2025-11-08T08:45:55.990+0000] {dag.py:3696} INFO - Setting next_dagrun for dbt_transform to 2025-11-08T08:44:25.880985+00:00, run_after=2025-11-08T08:49:25.880985+00:00
[2025-11-08T08:45:56.018+0000] {processor.py:179} INFO - Processing /opt/airflow/dags/dbt_dag.py took 0.134 seconds
[2025-11-08T08:46:26.186+0000] {processor.py:157} INFO - Started process (PID=1200) to work on /opt/airflow/dags/dbt_dag.py
[2025-11-08T08:46:26.188+0000] {processor.py:829} INFO - Processing file /opt/airflow/dags/dbt_dag.py for tasks to queue
[2025-11-08T08:46:26.190+0000] {logging_mixin.py:151} INFO - [2025-11-08T08:46:26.189+0000] {dagbag.py:539} INFO - Filling up the DagBag from /opt/airflow/dags/dbt_dag.py
[2025-11-08T08:46:26.252+0000] {processor.py:839} INFO - DAG(s) dict_keys(['dbt_transform']) retrieved from /opt/airflow/dags/dbt_dag.py
[2025-11-08T08:46:26.344+0000] {logging_mixin.py:151} INFO - [2025-11-08T08:46:26.344+0000] {dag.py:2915} INFO - Sync 1 DAGs
[2025-11-08T08:46:26.405+0000] {logging_mixin.py:151} INFO - [2025-11-08T08:46:26.404+0000] {dag.py:3696} INFO - Setting next_dagrun for dbt_transform to 2025-11-08T08:44:25.880985+00:00, run_after=2025-11-08T08:49:25.880985+00:00
[2025-11-08T08:46:26.452+0000] {processor.py:179} INFO - Processing /opt/airflow/dags/dbt_dag.py took 0.275 seconds
[2025-11-08T08:46:56.596+0000] {processor.py:157} INFO - Started process (PID=1205) to work on /opt/airflow/dags/dbt_dag.py
[2025-11-08T08:46:56.598+0000] {processor.py:829} INFO - Processing file /opt/airflow/dags/dbt_dag.py for tasks to queue
[2025-11-08T08:46:56.600+0000] {logging_mixin.py:151} INFO - [2025-11-08T08:46:56.599+0000] {dagbag.py:539} INFO - Filling up the DagBag from /opt/airflow/dags/dbt_dag.py
[2025-11-08T08:46:56.648+0000] {processor.py:839} INFO - DAG(s) dict_keys(['dbt_transform']) retrieved from /opt/airflow/dags/dbt_dag.py
[2025-11-08T08:46:56.731+0000] {logging_mixin.py:151} INFO - [2025-11-08T08:46:56.730+0000] {dag.py:2915} INFO - Sync 1 DAGs
[2025-11-08T08:46:56.816+0000] {logging_mixin.py:151} INFO - [2025-11-08T08:46:56.815+0000] {dag.py:3696} INFO - Setting next_dagrun for dbt_transform to 2025-11-08T08:44:25.880985+00:00, run_after=2025-11-08T08:49:25.880985+00:00
[2025-11-08T08:46:56.864+0000] {processor.py:179} INFO - Processing /opt/airflow/dags/dbt_dag.py took 0.275 seconds
[2025-11-08T08:47:27.029+0000] {processor.py:157} INFO - Started process (PID=1210) to work on /opt/airflow/dags/dbt_dag.py
[2025-11-08T08:47:27.031+0000] {processor.py:829} INFO - Processing file /opt/airflow/dags/dbt_dag.py for tasks to queue
[2025-11-08T08:47:27.032+0000] {logging_mixin.py:151} INFO - [2025-11-08T08:47:27.032+0000] {dagbag.py:539} INFO - Filling up the DagBag from /opt/airflow/dags/dbt_dag.py
[2025-11-08T08:47:27.065+0000] {processor.py:839} INFO - DAG(s) dict_keys(['dbt_transform']) retrieved from /opt/airflow/dags/dbt_dag.py
[2025-11-08T08:47:27.118+0000] {logging_mixin.py:151} INFO - [2025-11-08T08:47:27.117+0000] {dag.py:2915} INFO - Sync 1 DAGs
[2025-11-08T08:47:27.161+0000] {logging_mixin.py:151} INFO - [2025-11-08T08:47:27.160+0000] {dag.py:3696} INFO - Setting next_dagrun for dbt_transform to 2025-11-08T08:44:25.880985+00:00, run_after=2025-11-08T08:49:25.880985+00:00
[2025-11-08T08:47:27.204+0000] {processor.py:179} INFO - Processing /opt/airflow/dags/dbt_dag.py took 0.181 seconds
[2025-11-08T08:47:57.480+0000] {processor.py:157} INFO - Started process (PID=1215) to work on /opt/airflow/dags/dbt_dag.py
[2025-11-08T08:47:57.482+0000] {processor.py:829} INFO - Processing file /opt/airflow/dags/dbt_dag.py for tasks to queue
[2025-11-08T08:47:57.485+0000] {logging_mixin.py:151} INFO - [2025-11-08T08:47:57.484+0000] {dagbag.py:539} INFO - Filling up the DagBag from /opt/airflow/dags/dbt_dag.py
[2025-11-08T08:47:57.535+0000] {processor.py:839} INFO - DAG(s) dict_keys(['dbt_transform']) retrieved from /opt/airflow/dags/dbt_dag.py
[2025-11-08T08:47:57.608+0000] {logging_mixin.py:151} INFO - [2025-11-08T08:47:57.608+0000] {dag.py:2915} INFO - Sync 1 DAGs
[2025-11-08T08:47:57.647+0000] {logging_mixin.py:151} INFO - [2025-11-08T08:47:57.647+0000] {dag.py:3696} INFO - Setting next_dagrun for dbt_transform to 2025-11-08T08:44:25.880985+00:00, run_after=2025-11-08T08:49:25.880985+00:00
[2025-11-08T08:47:57.676+0000] {processor.py:179} INFO - Processing /opt/airflow/dags/dbt_dag.py took 0.205 seconds
[2025-11-08T08:48:27.829+0000] {processor.py:157} INFO - Started process (PID=1220) to work on /opt/airflow/dags/dbt_dag.py
[2025-11-08T08:48:27.832+0000] {processor.py:829} INFO - Processing file /opt/airflow/dags/dbt_dag.py for tasks to queue
[2025-11-08T08:48:27.835+0000] {logging_mixin.py:151} INFO - [2025-11-08T08:48:27.835+0000] {dagbag.py:539} INFO - Filling up the DagBag from /opt/airflow/dags/dbt_dag.py
[2025-11-08T08:48:27.890+0000] {processor.py:839} INFO - DAG(s) dict_keys(['dbt_transform']) retrieved from /opt/airflow/dags/dbt_dag.py
[2025-11-08T08:48:27.977+0000] {logging_mixin.py:151} INFO - [2025-11-08T08:48:27.976+0000] {dag.py:2915} INFO - Sync 1 DAGs
[2025-11-08T08:48:28.041+0000] {logging_mixin.py:151} INFO - [2025-11-08T08:48:28.040+0000] {dag.py:3696} INFO - Setting next_dagrun for dbt_transform to 2025-11-08T08:44:25.880985+00:00, run_after=2025-11-08T08:49:25.880985+00:00
[2025-11-08T08:48:28.101+0000] {processor.py:179} INFO - Processing /opt/airflow/dags/dbt_dag.py took 0.281 seconds
[2025-11-08T08:48:58.345+0000] {processor.py:157} INFO - Started process (PID=1225) to work on /opt/airflow/dags/dbt_dag.py
[2025-11-08T08:48:58.348+0000] {processor.py:829} INFO - Processing file /opt/airflow/dags/dbt_dag.py for tasks to queue
[2025-11-08T08:48:58.352+0000] {logging_mixin.py:151} INFO - [2025-11-08T08:48:58.351+0000] {dagbag.py:539} INFO - Filling up the DagBag from /opt/airflow/dags/dbt_dag.py
[2025-11-08T08:48:58.410+0000] {processor.py:839} INFO - DAG(s) dict_keys(['dbt_transform']) retrieved from /opt/airflow/dags/dbt_dag.py
[2025-11-08T08:48:58.478+0000] {logging_mixin.py:151} INFO - [2025-11-08T08:48:58.478+0000] {dag.py:2915} INFO - Sync 1 DAGs
[2025-11-08T08:48:58.530+0000] {logging_mixin.py:151} INFO - [2025-11-08T08:48:58.530+0000] {dag.py:3696} INFO - Setting next_dagrun for dbt_transform to 2025-11-08T08:44:25.880985+00:00, run_after=2025-11-08T08:49:25.880985+00:00
[2025-11-08T08:48:58.573+0000] {processor.py:179} INFO - Processing /opt/airflow/dags/dbt_dag.py took 0.240 seconds
[2025-11-08T08:49:28.771+0000] {processor.py:157} INFO - Started process (PID=1256) to work on /opt/airflow/dags/dbt_dag.py
[2025-11-08T08:49:28.773+0000] {processor.py:829} INFO - Processing file /opt/airflow/dags/dbt_dag.py for tasks to queue
[2025-11-08T08:49:28.774+0000] {logging_mixin.py:151} INFO - [2025-11-08T08:49:28.773+0000] {dagbag.py:539} INFO - Filling up the DagBag from /opt/airflow/dags/dbt_dag.py
[2025-11-08T08:49:28.806+0000] {processor.py:839} INFO - DAG(s) dict_keys(['dbt_transform']) retrieved from /opt/airflow/dags/dbt_dag.py
[2025-11-08T08:49:28.870+0000] {logging_mixin.py:151} INFO - [2025-11-08T08:49:28.869+0000] {dag.py:2915} INFO - Sync 1 DAGs
[2025-11-08T08:49:28.921+0000] {logging_mixin.py:151} INFO - [2025-11-08T08:49:28.920+0000] {dag.py:3696} INFO - Setting next_dagrun for dbt_transform to 2025-11-08T08:49:10.814481+00:00, run_after=2025-11-08T08:54:10.814481+00:00
[2025-11-08T08:49:28.968+0000] {processor.py:179} INFO - Processing /opt/airflow/dags/dbt_dag.py took 0.205 seconds
[2025-11-08T08:49:59.152+0000] {processor.py:157} INFO - Started process (PID=1286) to work on /opt/airflow/dags/dbt_dag.py
[2025-11-08T08:49:59.154+0000] {processor.py:829} INFO - Processing file /opt/airflow/dags/dbt_dag.py for tasks to queue
[2025-11-08T08:49:59.156+0000] {logging_mixin.py:151} INFO - [2025-11-08T08:49:59.155+0000] {dagbag.py:539} INFO - Filling up the DagBag from /opt/airflow/dags/dbt_dag.py
[2025-11-08T08:49:59.208+0000] {processor.py:839} INFO - DAG(s) dict_keys(['dbt_transform']) retrieved from /opt/airflow/dags/dbt_dag.py
[2025-11-08T08:49:59.284+0000] {logging_mixin.py:151} INFO - [2025-11-08T08:49:59.283+0000] {dag.py:2915} INFO - Sync 1 DAGs
[2025-11-08T08:49:59.337+0000] {logging_mixin.py:151} INFO - [2025-11-08T08:49:59.337+0000] {dag.py:3696} INFO - Setting next_dagrun for dbt_transform to 2025-11-08T08:49:49.604321+00:00, run_after=2025-11-08T08:54:49.604321+00:00
[2025-11-08T08:49:59.383+0000] {processor.py:179} INFO - Processing /opt/airflow/dags/dbt_dag.py took 0.243 seconds
[2025-11-08T08:50:29.580+0000] {processor.py:157} INFO - Started process (PID=1293) to work on /opt/airflow/dags/dbt_dag.py
[2025-11-08T08:50:29.582+0000] {processor.py:829} INFO - Processing file /opt/airflow/dags/dbt_dag.py for tasks to queue
[2025-11-08T08:50:29.583+0000] {logging_mixin.py:151} INFO - [2025-11-08T08:50:29.583+0000] {dagbag.py:539} INFO - Filling up the DagBag from /opt/airflow/dags/dbt_dag.py
[2025-11-08T08:50:29.626+0000] {processor.py:839} INFO - DAG(s) dict_keys(['dbt_transform']) retrieved from /opt/airflow/dags/dbt_dag.py
[2025-11-08T08:50:29.681+0000] {logging_mixin.py:151} INFO - [2025-11-08T08:50:29.680+0000] {dag.py:2915} INFO - Sync 1 DAGs
[2025-11-08T08:50:29.717+0000] {logging_mixin.py:151} INFO - [2025-11-08T08:50:29.717+0000] {dag.py:3696} INFO - Setting next_dagrun for dbt_transform to 2025-11-08T08:49:49.604321+00:00, run_after=2025-11-08T08:54:49.604321+00:00
[2025-11-08T08:50:29.759+0000] {processor.py:179} INFO - Processing /opt/airflow/dags/dbt_dag.py took 0.185 seconds
[2025-11-08T08:50:59.949+0000] {processor.py:157} INFO - Started process (PID=1298) to work on /opt/airflow/dags/dbt_dag.py
[2025-11-08T08:50:59.951+0000] {processor.py:829} INFO - Processing file /opt/airflow/dags/dbt_dag.py for tasks to queue
[2025-11-08T08:50:59.953+0000] {logging_mixin.py:151} INFO - [2025-11-08T08:50:59.952+0000] {dagbag.py:539} INFO - Filling up the DagBag from /opt/airflow/dags/dbt_dag.py
[2025-11-08T08:51:00.015+0000] {processor.py:839} INFO - DAG(s) dict_keys(['dbt_transform']) retrieved from /opt/airflow/dags/dbt_dag.py
[2025-11-08T08:51:00.077+0000] {logging_mixin.py:151} INFO - [2025-11-08T08:51:00.077+0000] {dag.py:2915} INFO - Sync 1 DAGs
[2025-11-08T08:51:00.136+0000] {logging_mixin.py:151} INFO - [2025-11-08T08:51:00.136+0000] {dag.py:3696} INFO - Setting next_dagrun for dbt_transform to 2025-11-08T08:49:49.604321+00:00, run_after=2025-11-08T08:54:49.604321+00:00
[2025-11-08T08:51:00.190+0000] {processor.py:179} INFO - Processing /opt/airflow/dags/dbt_dag.py took 0.248 seconds
[2025-11-08T08:51:30.371+0000] {processor.py:157} INFO - Started process (PID=1303) to work on /opt/airflow/dags/dbt_dag.py
[2025-11-08T08:51:30.373+0000] {processor.py:829} INFO - Processing file /opt/airflow/dags/dbt_dag.py for tasks to queue
[2025-11-08T08:51:30.376+0000] {logging_mixin.py:151} INFO - [2025-11-08T08:51:30.375+0000] {dagbag.py:539} INFO - Filling up the DagBag from /opt/airflow/dags/dbt_dag.py
[2025-11-08T08:51:30.429+0000] {processor.py:839} INFO - DAG(s) dict_keys(['dbt_transform']) retrieved from /opt/airflow/dags/dbt_dag.py
[2025-11-08T08:51:30.510+0000] {logging_mixin.py:151} INFO - [2025-11-08T08:51:30.510+0000] {dag.py:2915} INFO - Sync 1 DAGs
[2025-11-08T08:51:30.575+0000] {logging_mixin.py:151} INFO - [2025-11-08T08:51:30.575+0000] {dag.py:3696} INFO - Setting next_dagrun for dbt_transform to 2025-11-08T08:49:49.604321+00:00, run_after=2025-11-08T08:54:49.604321+00:00
[2025-11-08T08:51:30.620+0000] {processor.py:179} INFO - Processing /opt/airflow/dags/dbt_dag.py took 0.255 seconds
[2025-11-08T08:52:00.755+0000] {processor.py:157} INFO - Started process (PID=1308) to work on /opt/airflow/dags/dbt_dag.py
[2025-11-08T08:52:00.758+0000] {processor.py:829} INFO - Processing file /opt/airflow/dags/dbt_dag.py for tasks to queue
[2025-11-08T08:52:00.762+0000] {logging_mixin.py:151} INFO - [2025-11-08T08:52:00.760+0000] {dagbag.py:539} INFO - Filling up the DagBag from /opt/airflow/dags/dbt_dag.py
[2025-11-08T08:52:00.801+0000] {processor.py:839} INFO - DAG(s) dict_keys(['dbt_transform']) retrieved from /opt/airflow/dags/dbt_dag.py
[2025-11-08T08:52:00.873+0000] {logging_mixin.py:151} INFO - [2025-11-08T08:52:00.872+0000] {dag.py:2915} INFO - Sync 1 DAGs
[2025-11-08T08:52:00.901+0000] {logging_mixin.py:151} INFO - [2025-11-08T08:52:00.901+0000] {dag.py:3696} INFO - Setting next_dagrun for dbt_transform to 2025-11-08T08:49:49.604321+00:00, run_after=2025-11-08T08:54:49.604321+00:00
[2025-11-08T08:52:00.924+0000] {processor.py:179} INFO - Processing /opt/airflow/dags/dbt_dag.py took 0.175 seconds
[2025-11-08T08:52:31.147+0000] {processor.py:157} INFO - Started process (PID=1313) to work on /opt/airflow/dags/dbt_dag.py
[2025-11-08T08:52:31.149+0000] {processor.py:829} INFO - Processing file /opt/airflow/dags/dbt_dag.py for tasks to queue
[2025-11-08T08:52:31.150+0000] {logging_mixin.py:151} INFO - [2025-11-08T08:52:31.150+0000] {dagbag.py:539} INFO - Filling up the DagBag from /opt/airflow/dags/dbt_dag.py
[2025-11-08T08:52:31.184+0000] {processor.py:839} INFO - DAG(s) dict_keys(['dbt_transform']) retrieved from /opt/airflow/dags/dbt_dag.py
[2025-11-08T08:52:31.237+0000] {logging_mixin.py:151} INFO - [2025-11-08T08:52:31.237+0000] {dag.py:2915} INFO - Sync 1 DAGs
[2025-11-08T08:52:31.282+0000] {logging_mixin.py:151} INFO - [2025-11-08T08:52:31.282+0000] {dag.py:3696} INFO - Setting next_dagrun for dbt_transform to 2025-11-08T08:49:49.604321+00:00, run_after=2025-11-08T08:54:49.604321+00:00
[2025-11-08T08:52:31.327+0000] {processor.py:179} INFO - Processing /opt/airflow/dags/dbt_dag.py took 0.185 seconds
[2025-11-08T08:53:01.524+0000] {processor.py:157} INFO - Started process (PID=1318) to work on /opt/airflow/dags/dbt_dag.py
[2025-11-08T08:53:01.526+0000] {processor.py:829} INFO - Processing file /opt/airflow/dags/dbt_dag.py for tasks to queue
[2025-11-08T08:53:01.528+0000] {logging_mixin.py:151} INFO - [2025-11-08T08:53:01.527+0000] {dagbag.py:539} INFO - Filling up the DagBag from /opt/airflow/dags/dbt_dag.py
[2025-11-08T08:53:01.573+0000] {processor.py:839} INFO - DAG(s) dict_keys(['dbt_transform']) retrieved from /opt/airflow/dags/dbt_dag.py
[2025-11-08T08:53:01.651+0000] {logging_mixin.py:151} INFO - [2025-11-08T08:53:01.650+0000] {dag.py:2915} INFO - Sync 1 DAGs
[2025-11-08T08:53:01.699+0000] {logging_mixin.py:151} INFO - [2025-11-08T08:53:01.698+0000] {dag.py:3696} INFO - Setting next_dagrun for dbt_transform to 2025-11-08T08:49:49.604321+00:00, run_after=2025-11-08T08:54:49.604321+00:00
[2025-11-08T08:53:01.743+0000] {processor.py:179} INFO - Processing /opt/airflow/dags/dbt_dag.py took 0.227 seconds
[2025-11-08T08:53:31.932+0000] {processor.py:157} INFO - Started process (PID=1323) to work on /opt/airflow/dags/dbt_dag.py
[2025-11-08T08:53:31.934+0000] {processor.py:829} INFO - Processing file /opt/airflow/dags/dbt_dag.py for tasks to queue
[2025-11-08T08:53:31.936+0000] {logging_mixin.py:151} INFO - [2025-11-08T08:53:31.936+0000] {dagbag.py:539} INFO - Filling up the DagBag from /opt/airflow/dags/dbt_dag.py
[2025-11-08T08:53:31.990+0000] {processor.py:839} INFO - DAG(s) dict_keys(['dbt_transform']) retrieved from /opt/airflow/dags/dbt_dag.py
[2025-11-08T08:53:32.062+0000] {logging_mixin.py:151} INFO - [2025-11-08T08:53:32.062+0000] {dag.py:2915} INFO - Sync 1 DAGs
[2025-11-08T08:53:32.117+0000] {logging_mixin.py:151} INFO - [2025-11-08T08:53:32.116+0000] {dag.py:3696} INFO - Setting next_dagrun for dbt_transform to 2025-11-08T08:49:49.604321+00:00, run_after=2025-11-08T08:54:49.604321+00:00
[2025-11-08T08:53:32.166+0000] {processor.py:179} INFO - Processing /opt/airflow/dags/dbt_dag.py took 0.245 seconds
[2025-11-08T08:54:02.390+0000] {processor.py:157} INFO - Started process (PID=1328) to work on /opt/airflow/dags/dbt_dag.py
[2025-11-08T08:54:02.392+0000] {processor.py:829} INFO - Processing file /opt/airflow/dags/dbt_dag.py for tasks to queue
[2025-11-08T08:54:02.395+0000] {logging_mixin.py:151} INFO - [2025-11-08T08:54:02.393+0000] {dagbag.py:539} INFO - Filling up the DagBag from /opt/airflow/dags/dbt_dag.py
[2025-11-08T08:54:02.443+0000] {processor.py:839} INFO - DAG(s) dict_keys(['dbt_transform']) retrieved from /opt/airflow/dags/dbt_dag.py
[2025-11-08T08:54:02.516+0000] {logging_mixin.py:151} INFO - [2025-11-08T08:54:02.515+0000] {dag.py:2915} INFO - Sync 1 DAGs
[2025-11-08T08:54:02.568+0000] {logging_mixin.py:151} INFO - [2025-11-08T08:54:02.568+0000] {dag.py:3696} INFO - Setting next_dagrun for dbt_transform to 2025-11-08T08:49:49.604321+00:00, run_after=2025-11-08T08:54:49.604321+00:00
[2025-11-08T08:54:02.620+0000] {processor.py:179} INFO - Processing /opt/airflow/dags/dbt_dag.py took 0.240 seconds
[2025-11-08T08:54:32.809+0000] {processor.py:157} INFO - Started process (PID=1348) to work on /opt/airflow/dags/dbt_dag.py
[2025-11-08T08:54:32.811+0000] {processor.py:829} INFO - Processing file /opt/airflow/dags/dbt_dag.py for tasks to queue
[2025-11-08T08:54:32.813+0000] {logging_mixin.py:151} INFO - [2025-11-08T08:54:32.812+0000] {dagbag.py:539} INFO - Filling up the DagBag from /opt/airflow/dags/dbt_dag.py
[2025-11-08T08:54:32.864+0000] {processor.py:839} INFO - DAG(s) dict_keys(['dbt_transform']) retrieved from /opt/airflow/dags/dbt_dag.py
[2025-11-08T08:54:32.959+0000] {logging_mixin.py:151} INFO - [2025-11-08T08:54:32.958+0000] {dag.py:2915} INFO - Sync 1 DAGs
[2025-11-08T08:54:33.004+0000] {logging_mixin.py:151} INFO - [2025-11-08T08:54:33.004+0000] {dag.py:3696} INFO - Setting next_dagrun for dbt_transform to 2025-11-08T08:49:49.604321+00:00, run_after=2025-11-08T08:54:49.604321+00:00
[2025-11-08T08:54:33.039+0000] {processor.py:179} INFO - Processing /opt/airflow/dags/dbt_dag.py took 0.243 seconds
[2025-11-08T08:55:03.252+0000] {processor.py:157} INFO - Started process (PID=1367) to work on /opt/airflow/dags/dbt_dag.py
[2025-11-08T08:55:03.254+0000] {processor.py:829} INFO - Processing file /opt/airflow/dags/dbt_dag.py for tasks to queue
[2025-11-08T08:55:03.256+0000] {logging_mixin.py:151} INFO - [2025-11-08T08:55:03.255+0000] {dagbag.py:539} INFO - Filling up the DagBag from /opt/airflow/dags/dbt_dag.py
[2025-11-08T08:55:03.297+0000] {processor.py:839} INFO - DAG(s) dict_keys(['dbt_transform']) retrieved from /opt/airflow/dags/dbt_dag.py
[2025-11-08T08:55:03.369+0000] {logging_mixin.py:151} INFO - [2025-11-08T08:55:03.369+0000] {dag.py:2915} INFO - Sync 1 DAGs
[2025-11-08T08:55:03.417+0000] {logging_mixin.py:151} INFO - [2025-11-08T08:55:03.417+0000] {dag.py:3696} INFO - Setting next_dagrun for dbt_transform to 2025-11-08T08:54:36.164266+00:00, run_after=2025-11-08T08:59:36.164266+00:00
[2025-11-08T08:55:03.468+0000] {processor.py:179} INFO - Processing /opt/airflow/dags/dbt_dag.py took 0.223 seconds
[2025-11-08T08:55:33.667+0000] {processor.py:157} INFO - Started process (PID=1399) to work on /opt/airflow/dags/dbt_dag.py
[2025-11-08T08:55:33.669+0000] {processor.py:829} INFO - Processing file /opt/airflow/dags/dbt_dag.py for tasks to queue
[2025-11-08T08:55:33.672+0000] {logging_mixin.py:151} INFO - [2025-11-08T08:55:33.671+0000] {dagbag.py:539} INFO - Filling up the DagBag from /opt/airflow/dags/dbt_dag.py
[2025-11-08T08:55:33.721+0000] {processor.py:839} INFO - DAG(s) dict_keys(['dbt_transform']) retrieved from /opt/airflow/dags/dbt_dag.py
[2025-11-08T08:55:33.793+0000] {logging_mixin.py:151} INFO - [2025-11-08T08:55:33.792+0000] {dag.py:2915} INFO - Sync 1 DAGs
[2025-11-08T08:55:33.828+0000] {logging_mixin.py:151} INFO - [2025-11-08T08:55:33.827+0000] {dag.py:3696} INFO - Setting next_dagrun for dbt_transform to 2025-11-08T08:55:14.232303+00:00, run_after=2025-11-08T09:00:14.232303+00:00
[2025-11-08T08:55:33.867+0000] {processor.py:179} INFO - Processing /opt/airflow/dags/dbt_dag.py took 0.209 seconds
[2025-11-08T08:56:04.063+0000] {processor.py:157} INFO - Started process (PID=1404) to work on /opt/airflow/dags/dbt_dag.py
[2025-11-08T08:56:04.065+0000] {processor.py:829} INFO - Processing file /opt/airflow/dags/dbt_dag.py for tasks to queue
[2025-11-08T08:56:04.067+0000] {logging_mixin.py:151} INFO - [2025-11-08T08:56:04.066+0000] {dagbag.py:539} INFO - Filling up the DagBag from /opt/airflow/dags/dbt_dag.py
[2025-11-08T08:56:04.112+0000] {processor.py:839} INFO - DAG(s) dict_keys(['dbt_transform']) retrieved from /opt/airflow/dags/dbt_dag.py
[2025-11-08T08:56:04.180+0000] {logging_mixin.py:151} INFO - [2025-11-08T08:56:04.179+0000] {dag.py:2915} INFO - Sync 1 DAGs
[2025-11-08T08:56:04.260+0000] {logging_mixin.py:151} INFO - [2025-11-08T08:56:04.260+0000] {dag.py:3696} INFO - Setting next_dagrun for dbt_transform to 2025-11-08T08:55:14.232303+00:00, run_after=2025-11-08T09:00:14.232303+00:00
[2025-11-08T08:56:04.301+0000] {processor.py:179} INFO - Processing /opt/airflow/dags/dbt_dag.py took 0.247 seconds
[2025-11-08T08:56:34.472+0000] {processor.py:157} INFO - Started process (PID=1409) to work on /opt/airflow/dags/dbt_dag.py
[2025-11-08T08:56:34.474+0000] {processor.py:829} INFO - Processing file /opt/airflow/dags/dbt_dag.py for tasks to queue
[2025-11-08T08:56:34.476+0000] {logging_mixin.py:151} INFO - [2025-11-08T08:56:34.475+0000] {dagbag.py:539} INFO - Filling up the DagBag from /opt/airflow/dags/dbt_dag.py
[2025-11-08T08:56:34.542+0000] {processor.py:839} INFO - DAG(s) dict_keys(['dbt_transform']) retrieved from /opt/airflow/dags/dbt_dag.py
[2025-11-08T08:56:34.609+0000] {logging_mixin.py:151} INFO - [2025-11-08T08:56:34.608+0000] {dag.py:2915} INFO - Sync 1 DAGs
[2025-11-08T08:56:34.657+0000] {logging_mixin.py:151} INFO - [2025-11-08T08:56:34.657+0000] {dag.py:3696} INFO - Setting next_dagrun for dbt_transform to 2025-11-08T08:55:14.232303+00:00, run_after=2025-11-08T09:00:14.232303+00:00
[2025-11-08T08:56:34.718+0000] {processor.py:179} INFO - Processing /opt/airflow/dags/dbt_dag.py took 0.255 seconds
[2025-11-08T08:57:04.910+0000] {processor.py:157} INFO - Started process (PID=1414) to work on /opt/airflow/dags/dbt_dag.py
[2025-11-08T08:57:04.913+0000] {processor.py:829} INFO - Processing file /opt/airflow/dags/dbt_dag.py for tasks to queue
[2025-11-08T08:57:04.917+0000] {logging_mixin.py:151} INFO - [2025-11-08T08:57:04.916+0000] {dagbag.py:539} INFO - Filling up the DagBag from /opt/airflow/dags/dbt_dag.py
[2025-11-08T08:57:04.962+0000] {processor.py:839} INFO - DAG(s) dict_keys(['dbt_transform']) retrieved from /opt/airflow/dags/dbt_dag.py
[2025-11-08T08:57:05.027+0000] {logging_mixin.py:151} INFO - [2025-11-08T08:57:05.026+0000] {dag.py:2915} INFO - Sync 1 DAGs
[2025-11-08T08:57:05.077+0000] {logging_mixin.py:151} INFO - [2025-11-08T08:57:05.076+0000] {dag.py:3696} INFO - Setting next_dagrun for dbt_transform to 2025-11-08T08:55:14.232303+00:00, run_after=2025-11-08T09:00:14.232303+00:00
[2025-11-08T08:57:05.123+0000] {processor.py:179} INFO - Processing /opt/airflow/dags/dbt_dag.py took 0.222 seconds
[2025-11-08T08:57:35.314+0000] {processor.py:157} INFO - Started process (PID=1419) to work on /opt/airflow/dags/dbt_dag.py
[2025-11-08T08:57:35.315+0000] {processor.py:829} INFO - Processing file /opt/airflow/dags/dbt_dag.py for tasks to queue
[2025-11-08T08:57:35.317+0000] {logging_mixin.py:151} INFO - [2025-11-08T08:57:35.316+0000] {dagbag.py:539} INFO - Filling up the DagBag from /opt/airflow/dags/dbt_dag.py
[2025-11-08T08:57:35.346+0000] {processor.py:839} INFO - DAG(s) dict_keys(['dbt_transform']) retrieved from /opt/airflow/dags/dbt_dag.py
[2025-11-08T08:57:35.398+0000] {logging_mixin.py:151} INFO - [2025-11-08T08:57:35.397+0000] {dag.py:2915} INFO - Sync 1 DAGs
[2025-11-08T08:57:35.456+0000] {logging_mixin.py:151} INFO - [2025-11-08T08:57:35.455+0000] {dag.py:3696} INFO - Setting next_dagrun for dbt_transform to 2025-11-08T08:55:14.232303+00:00, run_after=2025-11-08T09:00:14.232303+00:00
[2025-11-08T08:57:35.505+0000] {processor.py:179} INFO - Processing /opt/airflow/dags/dbt_dag.py took 0.196 seconds
[2025-11-08T08:58:05.766+0000] {processor.py:157} INFO - Started process (PID=1424) to work on /opt/airflow/dags/dbt_dag.py
[2025-11-08T08:58:05.768+0000] {processor.py:829} INFO - Processing file /opt/airflow/dags/dbt_dag.py for tasks to queue
[2025-11-08T08:58:05.771+0000] {logging_mixin.py:151} INFO - [2025-11-08T08:58:05.770+0000] {dagbag.py:539} INFO - Filling up the DagBag from /opt/airflow/dags/dbt_dag.py
[2025-11-08T08:58:05.822+0000] {processor.py:839} INFO - DAG(s) dict_keys(['dbt_transform']) retrieved from /opt/airflow/dags/dbt_dag.py
[2025-11-08T08:58:05.893+0000] {logging_mixin.py:151} INFO - [2025-11-08T08:58:05.892+0000] {dag.py:2915} INFO - Sync 1 DAGs
[2025-11-08T08:58:05.944+0000] {logging_mixin.py:151} INFO - [2025-11-08T08:58:05.943+0000] {dag.py:3696} INFO - Setting next_dagrun for dbt_transform to 2025-11-08T08:55:14.232303+00:00, run_after=2025-11-08T09:00:14.232303+00:00
[2025-11-08T08:58:05.989+0000] {processor.py:179} INFO - Processing /opt/airflow/dags/dbt_dag.py took 0.231 seconds
[2025-11-08T08:58:36.171+0000] {processor.py:157} INFO - Started process (PID=1429) to work on /opt/airflow/dags/dbt_dag.py
[2025-11-08T08:58:36.174+0000] {processor.py:829} INFO - Processing file /opt/airflow/dags/dbt_dag.py for tasks to queue
[2025-11-08T08:58:36.176+0000] {logging_mixin.py:151} INFO - [2025-11-08T08:58:36.176+0000] {dagbag.py:539} INFO - Filling up the DagBag from /opt/airflow/dags/dbt_dag.py
[2025-11-08T08:58:36.242+0000] {processor.py:839} INFO - DAG(s) dict_keys(['dbt_transform']) retrieved from /opt/airflow/dags/dbt_dag.py
[2025-11-08T08:58:36.346+0000] {logging_mixin.py:151} INFO - [2025-11-08T08:58:36.345+0000] {dag.py:2915} INFO - Sync 1 DAGs
[2025-11-08T08:58:36.418+0000] {logging_mixin.py:151} INFO - [2025-11-08T08:58:36.417+0000] {dag.py:3696} INFO - Setting next_dagrun for dbt_transform to 2025-11-08T08:55:14.232303+00:00, run_after=2025-11-08T09:00:14.232303+00:00
[2025-11-08T08:58:36.483+0000] {processor.py:179} INFO - Processing /opt/airflow/dags/dbt_dag.py took 0.322 seconds
[2025-11-08T08:59:06.748+0000] {processor.py:157} INFO - Started process (PID=1434) to work on /opt/airflow/dags/dbt_dag.py
[2025-11-08T08:59:06.751+0000] {processor.py:829} INFO - Processing file /opt/airflow/dags/dbt_dag.py for tasks to queue
[2025-11-08T08:59:06.754+0000] {logging_mixin.py:151} INFO - [2025-11-08T08:59:06.753+0000] {dagbag.py:539} INFO - Filling up the DagBag from /opt/airflow/dags/dbt_dag.py
[2025-11-08T08:59:06.820+0000] {processor.py:839} INFO - DAG(s) dict_keys(['dbt_transform']) retrieved from /opt/airflow/dags/dbt_dag.py
[2025-11-08T08:59:06.909+0000] {logging_mixin.py:151} INFO - [2025-11-08T08:59:06.908+0000] {dag.py:2915} INFO - Sync 1 DAGs
[2025-11-08T08:59:06.976+0000] {logging_mixin.py:151} INFO - [2025-11-08T08:59:06.975+0000] {dag.py:3696} INFO - Setting next_dagrun for dbt_transform to 2025-11-08T08:55:14.232303+00:00, run_after=2025-11-08T09:00:14.232303+00:00
[2025-11-08T08:59:07.052+0000] {processor.py:179} INFO - Processing /opt/airflow/dags/dbt_dag.py took 0.314 seconds
[2025-11-08T08:59:37.239+0000] {processor.py:157} INFO - Started process (PID=1439) to work on /opt/airflow/dags/dbt_dag.py
[2025-11-08T08:59:37.242+0000] {processor.py:829} INFO - Processing file /opt/airflow/dags/dbt_dag.py for tasks to queue
[2025-11-08T08:59:37.247+0000] {logging_mixin.py:151} INFO - [2025-11-08T08:59:37.245+0000] {dagbag.py:539} INFO - Filling up the DagBag from /opt/airflow/dags/dbt_dag.py
[2025-11-08T08:59:37.321+0000] {processor.py:839} INFO - DAG(s) dict_keys(['dbt_transform']) retrieved from /opt/airflow/dags/dbt_dag.py
[2025-11-08T08:59:37.426+0000] {logging_mixin.py:151} INFO - [2025-11-08T08:59:37.426+0000] {dag.py:2915} INFO - Sync 1 DAGs
[2025-11-08T08:59:37.497+0000] {logging_mixin.py:151} INFO - [2025-11-08T08:59:37.497+0000] {dag.py:3696} INFO - Setting next_dagrun for dbt_transform to 2025-11-08T08:55:14.232303+00:00, run_after=2025-11-08T09:00:14.232303+00:00
[2025-11-08T08:59:37.559+0000] {processor.py:179} INFO - Processing /opt/airflow/dags/dbt_dag.py took 0.331 seconds
[2025-11-08T09:00:07.822+0000] {processor.py:157} INFO - Started process (PID=1458) to work on /opt/airflow/dags/dbt_dag.py
[2025-11-08T09:00:07.825+0000] {processor.py:829} INFO - Processing file /opt/airflow/dags/dbt_dag.py for tasks to queue
[2025-11-08T09:00:07.827+0000] {logging_mixin.py:151} INFO - [2025-11-08T09:00:07.827+0000] {dagbag.py:539} INFO - Filling up the DagBag from /opt/airflow/dags/dbt_dag.py
[2025-11-08T09:00:07.897+0000] {processor.py:839} INFO - DAG(s) dict_keys(['dbt_transform']) retrieved from /opt/airflow/dags/dbt_dag.py
[2025-11-08T09:00:08.011+0000] {logging_mixin.py:151} INFO - [2025-11-08T09:00:08.010+0000] {dag.py:2915} INFO - Sync 1 DAGs
[2025-11-08T09:00:08.078+0000] {logging_mixin.py:151} INFO - [2025-11-08T09:00:08.077+0000] {dag.py:3696} INFO - Setting next_dagrun for dbt_transform to 2025-11-08T09:00:06.362886+00:00, run_after=2025-11-08T09:05:06.362886+00:00
[2025-11-08T09:00:08.141+0000] {processor.py:179} INFO - Processing /opt/airflow/dags/dbt_dag.py took 0.333 seconds
[2025-11-08T09:00:38.746+0000] {processor.py:157} INFO - Started process (PID=1489) to work on /opt/airflow/dags/dbt_dag.py
[2025-11-08T09:00:38.757+0000] {processor.py:829} INFO - Processing file /opt/airflow/dags/dbt_dag.py for tasks to queue
[2025-11-08T09:00:38.775+0000] {logging_mixin.py:151} INFO - [2025-11-08T09:00:38.774+0000] {dagbag.py:539} INFO - Filling up the DagBag from /opt/airflow/dags/dbt_dag.py
[2025-11-08T09:00:39.142+0000] {processor.py:839} INFO - DAG(s) dict_keys(['dbt_transform']) retrieved from /opt/airflow/dags/dbt_dag.py
[2025-11-08T09:00:39.388+0000] {logging_mixin.py:151} INFO - [2025-11-08T09:00:39.387+0000] {dag.py:2915} INFO - Sync 1 DAGs
[2025-11-08T09:00:39.566+0000] {logging_mixin.py:151} INFO - [2025-11-08T09:00:39.565+0000] {dag.py:3696} INFO - Setting next_dagrun for dbt_transform to 2025-11-08T09:00:06.362886+00:00, run_after=2025-11-08T09:05:06.362886+00:00
[2025-11-08T09:00:39.682+0000] {processor.py:179} INFO - Processing /opt/airflow/dags/dbt_dag.py took 0.952 seconds
[2025-11-08T10:08:54.365+0000] {processor.py:157} INFO - Started process (PID=1496) to work on /opt/airflow/dags/dbt_dag.py
[2025-11-08T10:08:54.368+0000] {processor.py:829} INFO - Processing file /opt/airflow/dags/dbt_dag.py for tasks to queue
[2025-11-08T10:08:54.370+0000] {logging_mixin.py:151} INFO - [2025-11-08T10:08:54.370+0000] {dagbag.py:539} INFO - Filling up the DagBag from /opt/airflow/dags/dbt_dag.py
[2025-11-08T10:08:54.469+0000] {processor.py:839} INFO - DAG(s) dict_keys(['dbt_transform']) retrieved from /opt/airflow/dags/dbt_dag.py
[2025-11-08T10:08:54.582+0000] {logging_mixin.py:151} INFO - [2025-11-08T10:08:54.581+0000] {dag.py:2915} INFO - Sync 1 DAGs
[2025-11-08T10:08:54.657+0000] {logging_mixin.py:151} INFO - [2025-11-08T10:08:54.657+0000] {dag.py:3696} INFO - Setting next_dagrun for dbt_transform to 2025-11-08T10:08:53.719571+00:00, run_after=2025-11-08T10:13:53.719571+00:00
[2025-11-08T10:08:54.769+0000] {processor.py:179} INFO - Processing /opt/airflow/dags/dbt_dag.py took 0.419 seconds
[2025-11-08T10:09:25.137+0000] {processor.py:157} INFO - Started process (PID=1565) to work on /opt/airflow/dags/dbt_dag.py
[2025-11-08T10:09:25.139+0000] {processor.py:829} INFO - Processing file /opt/airflow/dags/dbt_dag.py for tasks to queue
[2025-11-08T10:09:25.141+0000] {logging_mixin.py:151} INFO - [2025-11-08T10:09:25.140+0000] {dagbag.py:539} INFO - Filling up the DagBag from /opt/airflow/dags/dbt_dag.py
[2025-11-08T10:09:25.179+0000] {processor.py:839} INFO - DAG(s) dict_keys(['dbt_transform']) retrieved from /opt/airflow/dags/dbt_dag.py
[2025-11-08T10:09:25.235+0000] {logging_mixin.py:151} INFO - [2025-11-08T10:09:25.234+0000] {dag.py:2915} INFO - Sync 1 DAGs
[2025-11-08T10:09:25.292+0000] {logging_mixin.py:151} INFO - [2025-11-08T10:09:25.292+0000] {dag.py:3696} INFO - Setting next_dagrun for dbt_transform to 2025-11-08T10:09:09.964697+00:00, run_after=2025-11-08T10:14:09.964697+00:00
[2025-11-08T10:09:25.334+0000] {processor.py:179} INFO - Processing /opt/airflow/dags/dbt_dag.py took 0.205 seconds
[2025-11-08T10:09:55.595+0000] {processor.py:157} INFO - Started process (PID=1570) to work on /opt/airflow/dags/dbt_dag.py
[2025-11-08T10:09:55.597+0000] {processor.py:829} INFO - Processing file /opt/airflow/dags/dbt_dag.py for tasks to queue
[2025-11-08T10:09:55.599+0000] {logging_mixin.py:151} INFO - [2025-11-08T10:09:55.598+0000] {dagbag.py:539} INFO - Filling up the DagBag from /opt/airflow/dags/dbt_dag.py
[2025-11-08T10:09:55.643+0000] {processor.py:839} INFO - DAG(s) dict_keys(['dbt_transform']) retrieved from /opt/airflow/dags/dbt_dag.py
[2025-11-08T10:09:55.727+0000] {logging_mixin.py:151} INFO - [2025-11-08T10:09:55.726+0000] {dag.py:2915} INFO - Sync 1 DAGs
[2025-11-08T10:09:55.785+0000] {logging_mixin.py:151} INFO - [2025-11-08T10:09:55.785+0000] {dag.py:3696} INFO - Setting next_dagrun for dbt_transform to 2025-11-08T10:09:09.964697+00:00, run_after=2025-11-08T10:14:09.964697+00:00
[2025-11-08T10:09:55.834+0000] {processor.py:179} INFO - Processing /opt/airflow/dags/dbt_dag.py took 0.249 seconds
[2025-11-08T10:10:26.193+0000] {processor.py:157} INFO - Started process (PID=1575) to work on /opt/airflow/dags/dbt_dag.py
[2025-11-08T10:10:26.194+0000] {processor.py:829} INFO - Processing file /opt/airflow/dags/dbt_dag.py for tasks to queue
[2025-11-08T10:10:26.196+0000] {logging_mixin.py:151} INFO - [2025-11-08T10:10:26.195+0000] {dagbag.py:539} INFO - Filling up the DagBag from /opt/airflow/dags/dbt_dag.py
[2025-11-08T10:10:26.234+0000] {processor.py:839} INFO - DAG(s) dict_keys(['dbt_transform']) retrieved from /opt/airflow/dags/dbt_dag.py
[2025-11-08T10:10:26.299+0000] {logging_mixin.py:151} INFO - [2025-11-08T10:10:26.299+0000] {dag.py:2915} INFO - Sync 1 DAGs
[2025-11-08T10:10:26.351+0000] {logging_mixin.py:151} INFO - [2025-11-08T10:10:26.351+0000] {dag.py:3696} INFO - Setting next_dagrun for dbt_transform to 2025-11-08T10:09:09.964697+00:00, run_after=2025-11-08T10:14:09.964697+00:00
[2025-11-08T10:10:26.405+0000] {processor.py:179} INFO - Processing /opt/airflow/dags/dbt_dag.py took 0.219 seconds
[2025-11-08T10:10:56.604+0000] {processor.py:157} INFO - Started process (PID=1580) to work on /opt/airflow/dags/dbt_dag.py
[2025-11-08T10:10:56.606+0000] {processor.py:829} INFO - Processing file /opt/airflow/dags/dbt_dag.py for tasks to queue
[2025-11-08T10:10:56.609+0000] {logging_mixin.py:151} INFO - [2025-11-08T10:10:56.608+0000] {dagbag.py:539} INFO - Filling up the DagBag from /opt/airflow/dags/dbt_dag.py
[2025-11-08T10:10:56.641+0000] {processor.py:839} INFO - DAG(s) dict_keys(['dbt_transform']) retrieved from /opt/airflow/dags/dbt_dag.py
[2025-11-08T10:10:56.692+0000] {logging_mixin.py:151} INFO - [2025-11-08T10:10:56.692+0000] {dag.py:2915} INFO - Sync 1 DAGs
[2025-11-08T10:10:56.731+0000] {logging_mixin.py:151} INFO - [2025-11-08T10:10:56.730+0000] {dag.py:3696} INFO - Setting next_dagrun for dbt_transform to 2025-11-08T10:09:09.964697+00:00, run_after=2025-11-08T10:14:09.964697+00:00
[2025-11-08T10:10:56.777+0000] {processor.py:179} INFO - Processing /opt/airflow/dags/dbt_dag.py took 0.180 seconds
[2025-11-08T10:11:26.884+0000] {processor.py:157} INFO - Started process (PID=1585) to work on /opt/airflow/dags/dbt_dag.py
[2025-11-08T10:11:26.886+0000] {processor.py:829} INFO - Processing file /opt/airflow/dags/dbt_dag.py for tasks to queue
[2025-11-08T10:11:26.889+0000] {logging_mixin.py:151} INFO - [2025-11-08T10:11:26.888+0000] {dagbag.py:539} INFO - Filling up the DagBag from /opt/airflow/dags/dbt_dag.py
[2025-11-08T10:11:26.935+0000] {processor.py:839} INFO - DAG(s) dict_keys(['dbt_transform']) retrieved from /opt/airflow/dags/dbt_dag.py
[2025-11-08T10:11:27.003+0000] {logging_mixin.py:151} INFO - [2025-11-08T10:11:27.003+0000] {dag.py:2915} INFO - Sync 1 DAGs
[2025-11-08T10:11:27.060+0000] {logging_mixin.py:151} INFO - [2025-11-08T10:11:27.059+0000] {dag.py:3696} INFO - Setting next_dagrun for dbt_transform to 2025-11-08T10:09:09.964697+00:00, run_after=2025-11-08T10:14:09.964697+00:00
[2025-11-08T10:11:27.112+0000] {processor.py:179} INFO - Processing /opt/airflow/dags/dbt_dag.py took 0.235 seconds
[2025-11-08T10:11:57.379+0000] {processor.py:157} INFO - Started process (PID=1590) to work on /opt/airflow/dags/dbt_dag.py
[2025-11-08T10:11:57.381+0000] {processor.py:829} INFO - Processing file /opt/airflow/dags/dbt_dag.py for tasks to queue
[2025-11-08T10:11:57.385+0000] {logging_mixin.py:151} INFO - [2025-11-08T10:11:57.384+0000] {dagbag.py:539} INFO - Filling up the DagBag from /opt/airflow/dags/dbt_dag.py
[2025-11-08T10:11:57.436+0000] {processor.py:839} INFO - DAG(s) dict_keys(['dbt_transform']) retrieved from /opt/airflow/dags/dbt_dag.py
[2025-11-08T10:11:57.509+0000] {logging_mixin.py:151} INFO - [2025-11-08T10:11:57.508+0000] {dag.py:2915} INFO - Sync 1 DAGs
[2025-11-08T10:11:57.580+0000] {logging_mixin.py:151} INFO - [2025-11-08T10:11:57.579+0000] {dag.py:3696} INFO - Setting next_dagrun for dbt_transform to 2025-11-08T10:09:09.964697+00:00, run_after=2025-11-08T10:14:09.964697+00:00
[2025-11-08T10:11:57.621+0000] {processor.py:179} INFO - Processing /opt/airflow/dags/dbt_dag.py took 0.251 seconds
[2025-11-08T10:12:27.727+0000] {processor.py:157} INFO - Started process (PID=1595) to work on /opt/airflow/dags/dbt_dag.py
[2025-11-08T10:12:27.728+0000] {processor.py:829} INFO - Processing file /opt/airflow/dags/dbt_dag.py for tasks to queue
[2025-11-08T10:12:27.731+0000] {logging_mixin.py:151} INFO - [2025-11-08T10:12:27.729+0000] {dagbag.py:539} INFO - Filling up the DagBag from /opt/airflow/dags/dbt_dag.py
[2025-11-08T10:12:27.770+0000] {processor.py:839} INFO - DAG(s) dict_keys(['dbt_transform']) retrieved from /opt/airflow/dags/dbt_dag.py
[2025-11-08T10:12:27.826+0000] {logging_mixin.py:151} INFO - [2025-11-08T10:12:27.826+0000] {dag.py:2915} INFO - Sync 1 DAGs
[2025-11-08T10:12:27.870+0000] {logging_mixin.py:151} INFO - [2025-11-08T10:12:27.869+0000] {dag.py:3696} INFO - Setting next_dagrun for dbt_transform to 2025-11-08T10:09:09.964697+00:00, run_after=2025-11-08T10:14:09.964697+00:00
[2025-11-08T10:12:27.912+0000] {processor.py:179} INFO - Processing /opt/airflow/dags/dbt_dag.py took 0.191 seconds
[2025-11-08T10:12:58.188+0000] {processor.py:157} INFO - Started process (PID=1600) to work on /opt/airflow/dags/dbt_dag.py
[2025-11-08T10:12:58.189+0000] {processor.py:829} INFO - Processing file /opt/airflow/dags/dbt_dag.py for tasks to queue
[2025-11-08T10:12:58.191+0000] {logging_mixin.py:151} INFO - [2025-11-08T10:12:58.190+0000] {dagbag.py:539} INFO - Filling up the DagBag from /opt/airflow/dags/dbt_dag.py
[2025-11-08T10:12:58.223+0000] {processor.py:839} INFO - DAG(s) dict_keys(['dbt_transform']) retrieved from /opt/airflow/dags/dbt_dag.py
[2025-11-08T10:12:58.276+0000] {logging_mixin.py:151} INFO - [2025-11-08T10:12:58.276+0000] {dag.py:2915} INFO - Sync 1 DAGs
[2025-11-08T10:12:58.320+0000] {logging_mixin.py:151} INFO - [2025-11-08T10:12:58.320+0000] {dag.py:3696} INFO - Setting next_dagrun for dbt_transform to 2025-11-08T10:09:09.964697+00:00, run_after=2025-11-08T10:14:09.964697+00:00
[2025-11-08T10:12:58.361+0000] {processor.py:179} INFO - Processing /opt/airflow/dags/dbt_dag.py took 0.179 seconds
[2025-11-08T10:13:28.500+0000] {processor.py:157} INFO - Started process (PID=1605) to work on /opt/airflow/dags/dbt_dag.py
[2025-11-08T10:13:28.503+0000] {processor.py:829} INFO - Processing file /opt/airflow/dags/dbt_dag.py for tasks to queue
[2025-11-08T10:13:28.506+0000] {logging_mixin.py:151} INFO - [2025-11-08T10:13:28.504+0000] {dagbag.py:539} INFO - Filling up the DagBag from /opt/airflow/dags/dbt_dag.py
[2025-11-08T10:13:28.573+0000] {processor.py:839} INFO - DAG(s) dict_keys(['dbt_transform']) retrieved from /opt/airflow/dags/dbt_dag.py
[2025-11-08T10:13:28.684+0000] {logging_mixin.py:151} INFO - [2025-11-08T10:13:28.684+0000] {dag.py:2915} INFO - Sync 1 DAGs
[2025-11-08T10:13:28.764+0000] {logging_mixin.py:151} INFO - [2025-11-08T10:13:28.764+0000] {dag.py:3696} INFO - Setting next_dagrun for dbt_transform to 2025-11-08T10:09:09.964697+00:00, run_after=2025-11-08T10:14:09.964697+00:00
[2025-11-08T10:13:28.806+0000] {processor.py:179} INFO - Processing /opt/airflow/dags/dbt_dag.py took 0.324 seconds
[2025-11-08T10:13:58.901+0000] {processor.py:157} INFO - Started process (PID=1610) to work on /opt/airflow/dags/dbt_dag.py
[2025-11-08T10:13:58.902+0000] {processor.py:829} INFO - Processing file /opt/airflow/dags/dbt_dag.py for tasks to queue
[2025-11-08T10:13:58.904+0000] {logging_mixin.py:151} INFO - [2025-11-08T10:13:58.903+0000] {dagbag.py:539} INFO - Filling up the DagBag from /opt/airflow/dags/dbt_dag.py
[2025-11-08T10:13:58.933+0000] {processor.py:839} INFO - DAG(s) dict_keys(['dbt_transform']) retrieved from /opt/airflow/dags/dbt_dag.py
[2025-11-08T10:13:58.997+0000] {logging_mixin.py:151} INFO - [2025-11-08T10:13:58.996+0000] {dag.py:2915} INFO - Sync 1 DAGs
[2025-11-08T10:13:59.041+0000] {logging_mixin.py:151} INFO - [2025-11-08T10:13:59.040+0000] {dag.py:3696} INFO - Setting next_dagrun for dbt_transform to 2025-11-08T10:09:09.964697+00:00, run_after=2025-11-08T10:14:09.964697+00:00
[2025-11-08T10:13:59.068+0000] {processor.py:179} INFO - Processing /opt/airflow/dags/dbt_dag.py took 0.172 seconds
[2025-11-08T10:14:29.299+0000] {processor.py:157} INFO - Started process (PID=1708) to work on /opt/airflow/dags/dbt_dag.py
[2025-11-08T10:14:29.302+0000] {processor.py:829} INFO - Processing file /opt/airflow/dags/dbt_dag.py for tasks to queue
[2025-11-08T10:14:29.305+0000] {logging_mixin.py:151} INFO - [2025-11-08T10:14:29.304+0000] {dagbag.py:539} INFO - Filling up the DagBag from /opt/airflow/dags/dbt_dag.py
[2025-11-08T10:14:29.351+0000] {processor.py:839} INFO - DAG(s) dict_keys(['dbt_transform']) retrieved from /opt/airflow/dags/dbt_dag.py
[2025-11-08T10:14:29.417+0000] {logging_mixin.py:151} INFO - [2025-11-08T10:14:29.416+0000] {dag.py:2915} INFO - Sync 1 DAGs
[2025-11-08T10:14:29.467+0000] {logging_mixin.py:151} INFO - [2025-11-08T10:14:29.467+0000] {dag.py:3696} INFO - Setting next_dagrun for dbt_transform to 2025-11-08T10:14:26.271035+00:00, run_after=2025-11-08T10:19:26.271035+00:00
[2025-11-08T10:14:29.517+0000] {processor.py:179} INFO - Processing /opt/airflow/dags/dbt_dag.py took 0.227 seconds
[2025-11-08T10:14:59.766+0000] {processor.py:157} INFO - Started process (PID=1727) to work on /opt/airflow/dags/dbt_dag.py
[2025-11-08T10:14:59.767+0000] {processor.py:829} INFO - Processing file /opt/airflow/dags/dbt_dag.py for tasks to queue
[2025-11-08T10:14:59.768+0000] {logging_mixin.py:151} INFO - [2025-11-08T10:14:59.768+0000] {dagbag.py:539} INFO - Filling up the DagBag from /opt/airflow/dags/dbt_dag.py
[2025-11-08T10:14:59.798+0000] {processor.py:839} INFO - DAG(s) dict_keys(['dbt_transform']) retrieved from /opt/airflow/dags/dbt_dag.py
[2025-11-08T10:14:59.851+0000] {logging_mixin.py:151} INFO - [2025-11-08T10:14:59.851+0000] {dag.py:2915} INFO - Sync 1 DAGs
[2025-11-08T10:14:59.895+0000] {logging_mixin.py:151} INFO - [2025-11-08T10:14:59.894+0000] {dag.py:3696} INFO - Setting next_dagrun for dbt_transform to 2025-11-08T10:14:30.043547+00:00, run_after=2025-11-08T10:19:30.043547+00:00
[2025-11-08T10:14:59.939+0000] {processor.py:179} INFO - Processing /opt/airflow/dags/dbt_dag.py took 0.177 seconds
[2025-11-08T10:15:30.116+0000] {processor.py:157} INFO - Started process (PID=1732) to work on /opt/airflow/dags/dbt_dag.py
[2025-11-08T10:15:30.118+0000] {processor.py:829} INFO - Processing file /opt/airflow/dags/dbt_dag.py for tasks to queue
[2025-11-08T10:15:30.121+0000] {logging_mixin.py:151} INFO - [2025-11-08T10:15:30.120+0000] {dagbag.py:539} INFO - Filling up the DagBag from /opt/airflow/dags/dbt_dag.py
[2025-11-08T10:15:30.177+0000] {processor.py:839} INFO - DAG(s) dict_keys(['dbt_transform']) retrieved from /opt/airflow/dags/dbt_dag.py
[2025-11-08T10:15:30.229+0000] {logging_mixin.py:151} INFO - [2025-11-08T10:15:30.228+0000] {dag.py:2915} INFO - Sync 1 DAGs
[2025-11-08T10:15:30.257+0000] {logging_mixin.py:151} INFO - [2025-11-08T10:15:30.257+0000] {dag.py:3696} INFO - Setting next_dagrun for dbt_transform to 2025-11-08T10:14:30.043547+00:00, run_after=2025-11-08T10:19:30.043547+00:00
[2025-11-08T10:15:30.283+0000] {processor.py:179} INFO - Processing /opt/airflow/dags/dbt_dag.py took 0.176 seconds
[2025-11-08T10:16:00.592+0000] {processor.py:157} INFO - Started process (PID=1737) to work on /opt/airflow/dags/dbt_dag.py
[2025-11-08T10:16:00.594+0000] {processor.py:829} INFO - Processing file /opt/airflow/dags/dbt_dag.py for tasks to queue
[2025-11-08T10:16:00.595+0000] {logging_mixin.py:151} INFO - [2025-11-08T10:16:00.595+0000] {dagbag.py:539} INFO - Filling up the DagBag from /opt/airflow/dags/dbt_dag.py
[2025-11-08T10:16:00.647+0000] {processor.py:839} INFO - DAG(s) dict_keys(['dbt_transform']) retrieved from /opt/airflow/dags/dbt_dag.py
[2025-11-08T10:16:00.723+0000] {logging_mixin.py:151} INFO - [2025-11-08T10:16:00.723+0000] {dag.py:2915} INFO - Sync 1 DAGs
[2025-11-08T10:16:00.781+0000] {logging_mixin.py:151} INFO - [2025-11-08T10:16:00.781+0000] {dag.py:3696} INFO - Setting next_dagrun for dbt_transform to 2025-11-08T10:14:30.043547+00:00, run_after=2025-11-08T10:19:30.043547+00:00
[2025-11-08T10:16:00.837+0000] {processor.py:179} INFO - Processing /opt/airflow/dags/dbt_dag.py took 0.251 seconds
[2025-11-08T10:16:31.186+0000] {processor.py:157} INFO - Started process (PID=1742) to work on /opt/airflow/dags/dbt_dag.py
[2025-11-08T10:16:31.188+0000] {processor.py:829} INFO - Processing file /opt/airflow/dags/dbt_dag.py for tasks to queue
[2025-11-08T10:16:31.190+0000] {logging_mixin.py:151} INFO - [2025-11-08T10:16:31.189+0000] {dagbag.py:539} INFO - Filling up the DagBag from /opt/airflow/dags/dbt_dag.py
[2025-11-08T10:16:31.233+0000] {processor.py:839} INFO - DAG(s) dict_keys(['dbt_transform']) retrieved from /opt/airflow/dags/dbt_dag.py
[2025-11-08T10:16:31.318+0000] {logging_mixin.py:151} INFO - [2025-11-08T10:16:31.317+0000] {dag.py:2915} INFO - Sync 1 DAGs
[2025-11-08T10:16:31.395+0000] {logging_mixin.py:151} INFO - [2025-11-08T10:16:31.394+0000] {dag.py:3696} INFO - Setting next_dagrun for dbt_transform to 2025-11-08T10:14:30.043547+00:00, run_after=2025-11-08T10:19:30.043547+00:00
[2025-11-08T10:16:31.446+0000] {processor.py:179} INFO - Processing /opt/airflow/dags/dbt_dag.py took 0.268 seconds
[2025-11-08T10:17:01.802+0000] {processor.py:157} INFO - Started process (PID=1747) to work on /opt/airflow/dags/dbt_dag.py
[2025-11-08T10:17:01.804+0000] {processor.py:829} INFO - Processing file /opt/airflow/dags/dbt_dag.py for tasks to queue
[2025-11-08T10:17:01.806+0000] {logging_mixin.py:151} INFO - [2025-11-08T10:17:01.806+0000] {dagbag.py:539} INFO - Filling up the DagBag from /opt/airflow/dags/dbt_dag.py
[2025-11-08T10:17:01.850+0000] {processor.py:839} INFO - DAG(s) dict_keys(['dbt_transform']) retrieved from /opt/airflow/dags/dbt_dag.py
[2025-11-08T10:17:01.928+0000] {logging_mixin.py:151} INFO - [2025-11-08T10:17:01.928+0000] {dag.py:2915} INFO - Sync 1 DAGs
[2025-11-08T10:17:02.014+0000] {logging_mixin.py:151} INFO - [2025-11-08T10:17:02.013+0000] {dag.py:3696} INFO - Setting next_dagrun for dbt_transform to 2025-11-08T10:14:30.043547+00:00, run_after=2025-11-08T10:19:30.043547+00:00
[2025-11-08T10:17:02.077+0000] {processor.py:179} INFO - Processing /opt/airflow/dags/dbt_dag.py took 0.284 seconds
[2025-11-08T10:17:32.446+0000] {processor.py:157} INFO - Started process (PID=1752) to work on /opt/airflow/dags/dbt_dag.py
[2025-11-08T10:17:32.450+0000] {processor.py:829} INFO - Processing file /opt/airflow/dags/dbt_dag.py for tasks to queue
[2025-11-08T10:17:32.454+0000] {logging_mixin.py:151} INFO - [2025-11-08T10:17:32.453+0000] {dagbag.py:539} INFO - Filling up the DagBag from /opt/airflow/dags/dbt_dag.py
[2025-11-08T10:17:32.521+0000] {processor.py:839} INFO - DAG(s) dict_keys(['dbt_transform']) retrieved from /opt/airflow/dags/dbt_dag.py
[2025-11-08T10:17:32.614+0000] {logging_mixin.py:151} INFO - [2025-11-08T10:17:32.614+0000] {dag.py:2915} INFO - Sync 1 DAGs
[2025-11-08T10:17:32.661+0000] {logging_mixin.py:151} INFO - [2025-11-08T10:17:32.661+0000] {dag.py:3696} INFO - Setting next_dagrun for dbt_transform to 2025-11-08T10:14:30.043547+00:00, run_after=2025-11-08T10:19:30.043547+00:00
[2025-11-08T10:17:32.698+0000] {processor.py:179} INFO - Processing /opt/airflow/dags/dbt_dag.py took 0.266 seconds
[2025-11-08T10:18:03.051+0000] {processor.py:157} INFO - Started process (PID=1757) to work on /opt/airflow/dags/dbt_dag.py
[2025-11-08T10:18:03.053+0000] {processor.py:829} INFO - Processing file /opt/airflow/dags/dbt_dag.py for tasks to queue
[2025-11-08T10:18:03.055+0000] {logging_mixin.py:151} INFO - [2025-11-08T10:18:03.054+0000] {dagbag.py:539} INFO - Filling up the DagBag from /opt/airflow/dags/dbt_dag.py
[2025-11-08T10:18:03.108+0000] {processor.py:839} INFO - DAG(s) dict_keys(['dbt_transform']) retrieved from /opt/airflow/dags/dbt_dag.py
[2025-11-08T10:18:03.235+0000] {logging_mixin.py:151} INFO - [2025-11-08T10:18:03.234+0000] {dag.py:2915} INFO - Sync 1 DAGs
[2025-11-08T10:18:03.307+0000] {logging_mixin.py:151} INFO - [2025-11-08T10:18:03.306+0000] {dag.py:3696} INFO - Setting next_dagrun for dbt_transform to 2025-11-08T10:14:30.043547+00:00, run_after=2025-11-08T10:19:30.043547+00:00
[2025-11-08T10:18:03.368+0000] {processor.py:179} INFO - Processing /opt/airflow/dags/dbt_dag.py took 0.323 seconds
[2025-11-08T10:18:33.717+0000] {processor.py:157} INFO - Started process (PID=1762) to work on /opt/airflow/dags/dbt_dag.py
[2025-11-08T10:18:33.719+0000] {processor.py:829} INFO - Processing file /opt/airflow/dags/dbt_dag.py for tasks to queue
[2025-11-08T10:18:33.720+0000] {logging_mixin.py:151} INFO - [2025-11-08T10:18:33.720+0000] {dagbag.py:539} INFO - Filling up the DagBag from /opt/airflow/dags/dbt_dag.py
[2025-11-08T10:18:33.781+0000] {processor.py:839} INFO - DAG(s) dict_keys(['dbt_transform']) retrieved from /opt/airflow/dags/dbt_dag.py
[2025-11-08T10:18:33.896+0000] {logging_mixin.py:151} INFO - [2025-11-08T10:18:33.896+0000] {dag.py:2915} INFO - Sync 1 DAGs
[2025-11-08T10:18:33.963+0000] {logging_mixin.py:151} INFO - [2025-11-08T10:18:33.963+0000] {dag.py:3696} INFO - Setting next_dagrun for dbt_transform to 2025-11-08T10:14:30.043547+00:00, run_after=2025-11-08T10:19:30.043547+00:00
[2025-11-08T10:18:34.024+0000] {processor.py:179} INFO - Processing /opt/airflow/dags/dbt_dag.py took 0.315 seconds
[2025-11-08T10:19:04.418+0000] {processor.py:157} INFO - Started process (PID=1767) to work on /opt/airflow/dags/dbt_dag.py
[2025-11-08T10:19:04.420+0000] {processor.py:829} INFO - Processing file /opt/airflow/dags/dbt_dag.py for tasks to queue
[2025-11-08T10:19:04.423+0000] {logging_mixin.py:151} INFO - [2025-11-08T10:19:04.422+0000] {dagbag.py:539} INFO - Filling up the DagBag from /opt/airflow/dags/dbt_dag.py
[2025-11-08T10:19:04.478+0000] {processor.py:839} INFO - DAG(s) dict_keys(['dbt_transform']) retrieved from /opt/airflow/dags/dbt_dag.py
[2025-11-08T10:19:04.560+0000] {logging_mixin.py:151} INFO - [2025-11-08T10:19:04.559+0000] {dag.py:2915} INFO - Sync 1 DAGs
[2025-11-08T10:19:04.618+0000] {logging_mixin.py:151} INFO - [2025-11-08T10:19:04.617+0000] {dag.py:3696} INFO - Setting next_dagrun for dbt_transform to 2025-11-08T10:14:30.043547+00:00, run_after=2025-11-08T10:19:30.043547+00:00
[2025-11-08T10:19:04.677+0000] {processor.py:179} INFO - Processing /opt/airflow/dags/dbt_dag.py took 0.268 seconds
[2025-11-08T10:19:35.049+0000] {processor.py:157} INFO - Started process (PID=1812) to work on /opt/airflow/dags/dbt_dag.py
[2025-11-08T10:19:35.050+0000] {processor.py:829} INFO - Processing file /opt/airflow/dags/dbt_dag.py for tasks to queue
[2025-11-08T10:19:35.052+0000] {logging_mixin.py:151} INFO - [2025-11-08T10:19:35.051+0000] {dagbag.py:539} INFO - Filling up the DagBag from /opt/airflow/dags/dbt_dag.py
[2025-11-08T10:19:35.103+0000] {processor.py:839} INFO - DAG(s) dict_keys(['dbt_transform']) retrieved from /opt/airflow/dags/dbt_dag.py
[2025-11-08T10:19:35.179+0000] {logging_mixin.py:151} INFO - [2025-11-08T10:19:35.178+0000] {dag.py:2915} INFO - Sync 1 DAGs
[2025-11-08T10:19:35.226+0000] {logging_mixin.py:151} INFO - [2025-11-08T10:19:35.226+0000] {dag.py:3696} INFO - Setting next_dagrun for dbt_transform to 2025-11-08T10:19:30.043547+00:00, run_after=2025-11-08T10:24:30.043547+00:00
[2025-11-08T10:19:35.281+0000] {processor.py:179} INFO - Processing /opt/airflow/dags/dbt_dag.py took 0.240 seconds
[2025-11-08T10:20:05.623+0000] {processor.py:157} INFO - Started process (PID=1885) to work on /opt/airflow/dags/dbt_dag.py
[2025-11-08T10:20:05.624+0000] {processor.py:829} INFO - Processing file /opt/airflow/dags/dbt_dag.py for tasks to queue
[2025-11-08T10:20:05.627+0000] {logging_mixin.py:151} INFO - [2025-11-08T10:20:05.626+0000] {dagbag.py:539} INFO - Filling up the DagBag from /opt/airflow/dags/dbt_dag.py
[2025-11-08T10:20:05.666+0000] {processor.py:839} INFO - DAG(s) dict_keys(['dbt_transform']) retrieved from /opt/airflow/dags/dbt_dag.py
[2025-11-08T10:20:05.762+0000] {logging_mixin.py:151} INFO - [2025-11-08T10:20:05.761+0000] {dag.py:2915} INFO - Sync 1 DAGs
[2025-11-08T10:20:05.831+0000] {logging_mixin.py:151} INFO - [2025-11-08T10:20:05.830+0000] {dag.py:3696} INFO - Setting next_dagrun for dbt_transform to 2025-11-08T10:19:53.779625+00:00, run_after=2025-11-08T10:24:53.779625+00:00
[2025-11-08T10:20:05.890+0000] {processor.py:179} INFO - Processing /opt/airflow/dags/dbt_dag.py took 0.274 seconds
[2025-11-08T10:20:36.247+0000] {processor.py:157} INFO - Started process (PID=1890) to work on /opt/airflow/dags/dbt_dag.py
[2025-11-08T10:20:36.249+0000] {processor.py:829} INFO - Processing file /opt/airflow/dags/dbt_dag.py for tasks to queue
[2025-11-08T10:20:36.252+0000] {logging_mixin.py:151} INFO - [2025-11-08T10:20:36.251+0000] {dagbag.py:539} INFO - Filling up the DagBag from /opt/airflow/dags/dbt_dag.py
[2025-11-08T10:20:36.288+0000] {processor.py:839} INFO - DAG(s) dict_keys(['dbt_transform']) retrieved from /opt/airflow/dags/dbt_dag.py
[2025-11-08T10:20:36.371+0000] {logging_mixin.py:151} INFO - [2025-11-08T10:20:36.370+0000] {dag.py:2915} INFO - Sync 1 DAGs
[2025-11-08T10:20:36.431+0000] {logging_mixin.py:151} INFO - [2025-11-08T10:20:36.430+0000] {dag.py:3696} INFO - Setting next_dagrun for dbt_transform to 2025-11-08T10:19:53.779625+00:00, run_after=2025-11-08T10:24:53.779625+00:00
[2025-11-08T10:20:36.483+0000] {processor.py:179} INFO - Processing /opt/airflow/dags/dbt_dag.py took 0.246 seconds
[2025-11-08T10:21:06.845+0000] {processor.py:157} INFO - Started process (PID=1895) to work on /opt/airflow/dags/dbt_dag.py
[2025-11-08T10:21:06.847+0000] {processor.py:829} INFO - Processing file /opt/airflow/dags/dbt_dag.py for tasks to queue
[2025-11-08T10:21:06.849+0000] {logging_mixin.py:151} INFO - [2025-11-08T10:21:06.848+0000] {dagbag.py:539} INFO - Filling up the DagBag from /opt/airflow/dags/dbt_dag.py
[2025-11-08T10:21:06.896+0000] {processor.py:839} INFO - DAG(s) dict_keys(['dbt_transform']) retrieved from /opt/airflow/dags/dbt_dag.py
[2025-11-08T10:21:06.962+0000] {logging_mixin.py:151} INFO - [2025-11-08T10:21:06.961+0000] {dag.py:2915} INFO - Sync 1 DAGs
[2025-11-08T10:21:07.010+0000] {logging_mixin.py:151} INFO - [2025-11-08T10:21:07.009+0000] {dag.py:3696} INFO - Setting next_dagrun for dbt_transform to 2025-11-08T10:19:53.779625+00:00, run_after=2025-11-08T10:24:53.779625+00:00
[2025-11-08T10:21:07.057+0000] {processor.py:179} INFO - Processing /opt/airflow/dags/dbt_dag.py took 0.222 seconds
[2025-11-08T10:21:37.181+0000] {processor.py:157} INFO - Started process (PID=1900) to work on /opt/airflow/dags/dbt_dag.py
[2025-11-08T10:21:37.183+0000] {processor.py:829} INFO - Processing file /opt/airflow/dags/dbt_dag.py for tasks to queue
[2025-11-08T10:21:37.186+0000] {logging_mixin.py:151} INFO - [2025-11-08T10:21:37.185+0000] {dagbag.py:539} INFO - Filling up the DagBag from /opt/airflow/dags/dbt_dag.py
[2025-11-08T10:21:37.244+0000] {processor.py:839} INFO - DAG(s) dict_keys(['dbt_transform']) retrieved from /opt/airflow/dags/dbt_dag.py
[2025-11-08T10:21:37.325+0000] {logging_mixin.py:151} INFO - [2025-11-08T10:21:37.324+0000] {dag.py:2915} INFO - Sync 1 DAGs
[2025-11-08T10:21:37.388+0000] {logging_mixin.py:151} INFO - [2025-11-08T10:21:37.387+0000] {dag.py:3696} INFO - Setting next_dagrun for dbt_transform to 2025-11-08T10:19:53.779625+00:00, run_after=2025-11-08T10:24:53.779625+00:00
[2025-11-08T10:21:37.449+0000] {processor.py:179} INFO - Processing /opt/airflow/dags/dbt_dag.py took 0.278 seconds
[2025-11-08T10:22:07.769+0000] {processor.py:157} INFO - Started process (PID=1905) to work on /opt/airflow/dags/dbt_dag.py
[2025-11-08T10:22:07.771+0000] {processor.py:829} INFO - Processing file /opt/airflow/dags/dbt_dag.py for tasks to queue
[2025-11-08T10:22:07.772+0000] {logging_mixin.py:151} INFO - [2025-11-08T10:22:07.772+0000] {dagbag.py:539} INFO - Filling up the DagBag from /opt/airflow/dags/dbt_dag.py
[2025-11-08T10:22:07.828+0000] {processor.py:839} INFO - DAG(s) dict_keys(['dbt_transform']) retrieved from /opt/airflow/dags/dbt_dag.py
[2025-11-08T10:22:07.898+0000] {logging_mixin.py:151} INFO - [2025-11-08T10:22:07.897+0000] {dag.py:2915} INFO - Sync 1 DAGs
[2025-11-08T10:22:07.949+0000] {logging_mixin.py:151} INFO - [2025-11-08T10:22:07.948+0000] {dag.py:3696} INFO - Setting next_dagrun for dbt_transform to 2025-11-08T10:19:53.779625+00:00, run_after=2025-11-08T10:24:53.779625+00:00
[2025-11-08T10:22:08.009+0000] {processor.py:179} INFO - Processing /opt/airflow/dags/dbt_dag.py took 0.248 seconds
[2025-11-08T10:22:38.350+0000] {processor.py:157} INFO - Started process (PID=1910) to work on /opt/airflow/dags/dbt_dag.py
[2025-11-08T10:22:38.352+0000] {processor.py:829} INFO - Processing file /opt/airflow/dags/dbt_dag.py for tasks to queue
[2025-11-08T10:22:38.354+0000] {logging_mixin.py:151} INFO - [2025-11-08T10:22:38.353+0000] {dagbag.py:539} INFO - Filling up the DagBag from /opt/airflow/dags/dbt_dag.py
[2025-11-08T10:22:38.396+0000] {processor.py:839} INFO - DAG(s) dict_keys(['dbt_transform']) retrieved from /opt/airflow/dags/dbt_dag.py
[2025-11-08T10:22:38.455+0000] {logging_mixin.py:151} INFO - [2025-11-08T10:22:38.454+0000] {dag.py:2915} INFO - Sync 1 DAGs
[2025-11-08T10:22:38.498+0000] {logging_mixin.py:151} INFO - [2025-11-08T10:22:38.497+0000] {dag.py:3696} INFO - Setting next_dagrun for dbt_transform to 2025-11-08T10:19:53.779625+00:00, run_after=2025-11-08T10:24:53.779625+00:00
[2025-11-08T10:22:38.533+0000] {processor.py:179} INFO - Processing /opt/airflow/dags/dbt_dag.py took 0.192 seconds
[2025-11-08T10:23:08.626+0000] {processor.py:157} INFO - Started process (PID=1915) to work on /opt/airflow/dags/dbt_dag.py
[2025-11-08T10:23:08.627+0000] {processor.py:829} INFO - Processing file /opt/airflow/dags/dbt_dag.py for tasks to queue
[2025-11-08T10:23:08.629+0000] {logging_mixin.py:151} INFO - [2025-11-08T10:23:08.628+0000] {dagbag.py:539} INFO - Filling up the DagBag from /opt/airflow/dags/dbt_dag.py
[2025-11-08T10:23:08.663+0000] {processor.py:839} INFO - DAG(s) dict_keys(['dbt_transform']) retrieved from /opt/airflow/dags/dbt_dag.py
[2025-11-08T10:23:08.713+0000] {logging_mixin.py:151} INFO - [2025-11-08T10:23:08.713+0000] {dag.py:2915} INFO - Sync 1 DAGs
[2025-11-08T10:23:08.760+0000] {logging_mixin.py:151} INFO - [2025-11-08T10:23:08.759+0000] {dag.py:3696} INFO - Setting next_dagrun for dbt_transform to 2025-11-08T10:19:53.779625+00:00, run_after=2025-11-08T10:24:53.779625+00:00
[2025-11-08T10:23:08.814+0000] {processor.py:179} INFO - Processing /opt/airflow/dags/dbt_dag.py took 0.194 seconds
[2025-11-08T10:23:39.154+0000] {processor.py:157} INFO - Started process (PID=1920) to work on /opt/airflow/dags/dbt_dag.py
[2025-11-08T10:23:39.156+0000] {processor.py:829} INFO - Processing file /opt/airflow/dags/dbt_dag.py for tasks to queue
[2025-11-08T10:23:39.157+0000] {logging_mixin.py:151} INFO - [2025-11-08T10:23:39.157+0000] {dagbag.py:539} INFO - Filling up the DagBag from /opt/airflow/dags/dbt_dag.py
[2025-11-08T10:23:39.202+0000] {processor.py:839} INFO - DAG(s) dict_keys(['dbt_transform']) retrieved from /opt/airflow/dags/dbt_dag.py
[2025-11-08T10:23:39.267+0000] {logging_mixin.py:151} INFO - [2025-11-08T10:23:39.266+0000] {dag.py:2915} INFO - Sync 1 DAGs
[2025-11-08T10:23:39.322+0000] {logging_mixin.py:151} INFO - [2025-11-08T10:23:39.322+0000] {dag.py:3696} INFO - Setting next_dagrun for dbt_transform to 2025-11-08T10:19:53.779625+00:00, run_after=2025-11-08T10:24:53.779625+00:00
[2025-11-08T10:23:39.374+0000] {processor.py:179} INFO - Processing /opt/airflow/dags/dbt_dag.py took 0.225 seconds
[2025-11-08T10:24:09.475+0000] {processor.py:157} INFO - Started process (PID=1925) to work on /opt/airflow/dags/dbt_dag.py
[2025-11-08T10:24:09.477+0000] {processor.py:829} INFO - Processing file /opt/airflow/dags/dbt_dag.py for tasks to queue
[2025-11-08T10:24:09.479+0000] {logging_mixin.py:151} INFO - [2025-11-08T10:24:09.479+0000] {dagbag.py:539} INFO - Filling up the DagBag from /opt/airflow/dags/dbt_dag.py
[2025-11-08T10:24:09.521+0000] {processor.py:839} INFO - DAG(s) dict_keys(['dbt_transform']) retrieved from /opt/airflow/dags/dbt_dag.py
[2025-11-08T10:24:09.581+0000] {logging_mixin.py:151} INFO - [2025-11-08T10:24:09.580+0000] {dag.py:2915} INFO - Sync 1 DAGs
[2025-11-08T10:24:09.626+0000] {logging_mixin.py:151} INFO - [2025-11-08T10:24:09.626+0000] {dag.py:3696} INFO - Setting next_dagrun for dbt_transform to 2025-11-08T10:19:53.779625+00:00, run_after=2025-11-08T10:24:53.779625+00:00
[2025-11-08T10:24:09.669+0000] {processor.py:179} INFO - Processing /opt/airflow/dags/dbt_dag.py took 0.201 seconds
[2025-11-08T10:24:39.962+0000] {processor.py:157} INFO - Started process (PID=1930) to work on /opt/airflow/dags/dbt_dag.py
[2025-11-08T10:24:39.964+0000] {processor.py:829} INFO - Processing file /opt/airflow/dags/dbt_dag.py for tasks to queue
[2025-11-08T10:24:39.967+0000] {logging_mixin.py:151} INFO - [2025-11-08T10:24:39.966+0000] {dagbag.py:539} INFO - Filling up the DagBag from /opt/airflow/dags/dbt_dag.py
[2025-11-08T10:24:40.016+0000] {processor.py:839} INFO - DAG(s) dict_keys(['dbt_transform']) retrieved from /opt/airflow/dags/dbt_dag.py
[2025-11-08T10:24:40.079+0000] {logging_mixin.py:151} INFO - [2025-11-08T10:24:40.079+0000] {dag.py:2915} INFO - Sync 1 DAGs
[2025-11-08T10:24:40.126+0000] {logging_mixin.py:151} INFO - [2025-11-08T10:24:40.126+0000] {dag.py:3696} INFO - Setting next_dagrun for dbt_transform to 2025-11-08T10:19:53.779625+00:00, run_after=2025-11-08T10:24:53.779625+00:00
[2025-11-08T10:24:40.177+0000] {processor.py:179} INFO - Processing /opt/airflow/dags/dbt_dag.py took 0.221 seconds
[2025-11-08T10:25:10.522+0000] {processor.py:157} INFO - Started process (PID=2014) to work on /opt/airflow/dags/dbt_dag.py
[2025-11-08T10:25:10.523+0000] {processor.py:829} INFO - Processing file /opt/airflow/dags/dbt_dag.py for tasks to queue
[2025-11-08T10:25:10.526+0000] {logging_mixin.py:151} INFO - [2025-11-08T10:25:10.525+0000] {dagbag.py:539} INFO - Filling up the DagBag from /opt/airflow/dags/dbt_dag.py
[2025-11-08T10:25:10.573+0000] {processor.py:839} INFO - DAG(s) dict_keys(['dbt_transform']) retrieved from /opt/airflow/dags/dbt_dag.py
[2025-11-08T10:25:10.642+0000] {logging_mixin.py:151} INFO - [2025-11-08T10:25:10.642+0000] {dag.py:2915} INFO - Sync 1 DAGs
[2025-11-08T10:25:10.704+0000] {logging_mixin.py:151} INFO - [2025-11-08T10:25:10.704+0000] {dag.py:3696} INFO - Setting next_dagrun for dbt_transform to 2025-11-08T10:25:10.069506+00:00, run_after=2025-11-08T10:30:10.069506+00:00
[2025-11-08T10:25:10.768+0000] {processor.py:179} INFO - Processing /opt/airflow/dags/dbt_dag.py took 0.254 seconds
[2025-11-08T10:25:41.086+0000] {processor.py:157} INFO - Started process (PID=2060) to work on /opt/airflow/dags/dbt_dag.py
[2025-11-08T10:25:41.087+0000] {processor.py:829} INFO - Processing file /opt/airflow/dags/dbt_dag.py for tasks to queue
[2025-11-08T10:25:41.088+0000] {logging_mixin.py:151} INFO - [2025-11-08T10:25:41.088+0000] {dagbag.py:539} INFO - Filling up the DagBag from /opt/airflow/dags/dbt_dag.py
[2025-11-08T10:25:41.125+0000] {processor.py:839} INFO - DAG(s) dict_keys(['dbt_transform']) retrieved from /opt/airflow/dags/dbt_dag.py
[2025-11-08T10:25:41.220+0000] {logging_mixin.py:151} INFO - [2025-11-08T10:25:41.220+0000] {dag.py:2915} INFO - Sync 1 DAGs
[2025-11-08T10:25:41.277+0000] {logging_mixin.py:151} INFO - [2025-11-08T10:25:41.277+0000] {dag.py:3696} INFO - Setting next_dagrun for dbt_transform to 2025-11-08T10:25:20.423395+00:00, run_after=2025-11-08T10:30:20.423395+00:00
[2025-11-08T10:25:41.337+0000] {processor.py:179} INFO - Processing /opt/airflow/dags/dbt_dag.py took 0.258 seconds
[2025-11-08T10:26:11.678+0000] {processor.py:157} INFO - Started process (PID=2065) to work on /opt/airflow/dags/dbt_dag.py
[2025-11-08T10:26:11.681+0000] {processor.py:829} INFO - Processing file /opt/airflow/dags/dbt_dag.py for tasks to queue
[2025-11-08T10:26:11.683+0000] {logging_mixin.py:151} INFO - [2025-11-08T10:26:11.682+0000] {dagbag.py:539} INFO - Filling up the DagBag from /opt/airflow/dags/dbt_dag.py
[2025-11-08T10:26:11.719+0000] {processor.py:839} INFO - DAG(s) dict_keys(['dbt_transform']) retrieved from /opt/airflow/dags/dbt_dag.py
[2025-11-08T10:26:11.801+0000] {logging_mixin.py:151} INFO - [2025-11-08T10:26:11.801+0000] {dag.py:2915} INFO - Sync 1 DAGs
[2025-11-08T10:26:11.860+0000] {logging_mixin.py:151} INFO - [2025-11-08T10:26:11.859+0000] {dag.py:3696} INFO - Setting next_dagrun for dbt_transform to 2025-11-08T10:25:20.423395+00:00, run_after=2025-11-08T10:30:20.423395+00:00
[2025-11-08T10:26:11.914+0000] {processor.py:179} INFO - Processing /opt/airflow/dags/dbt_dag.py took 0.243 seconds
[2025-11-08T10:26:42.227+0000] {processor.py:157} INFO - Started process (PID=2070) to work on /opt/airflow/dags/dbt_dag.py
[2025-11-08T10:26:42.228+0000] {processor.py:829} INFO - Processing file /opt/airflow/dags/dbt_dag.py for tasks to queue
[2025-11-08T10:26:42.230+0000] {logging_mixin.py:151} INFO - [2025-11-08T10:26:42.229+0000] {dagbag.py:539} INFO - Filling up the DagBag from /opt/airflow/dags/dbt_dag.py
[2025-11-08T10:26:42.263+0000] {processor.py:839} INFO - DAG(s) dict_keys(['dbt_transform']) retrieved from /opt/airflow/dags/dbt_dag.py
[2025-11-08T10:26:42.311+0000] {logging_mixin.py:151} INFO - [2025-11-08T10:26:42.311+0000] {dag.py:2915} INFO - Sync 1 DAGs
[2025-11-08T10:26:42.386+0000] {logging_mixin.py:151} INFO - [2025-11-08T10:26:42.386+0000] {dag.py:3696} INFO - Setting next_dagrun for dbt_transform to 2025-11-08T10:25:20.423395+00:00, run_after=2025-11-08T10:30:20.423395+00:00
[2025-11-08T10:26:42.439+0000] {processor.py:179} INFO - Processing /opt/airflow/dags/dbt_dag.py took 0.218 seconds
[2025-11-08T10:27:12.761+0000] {processor.py:157} INFO - Started process (PID=2075) to work on /opt/airflow/dags/dbt_dag.py
[2025-11-08T10:27:12.763+0000] {processor.py:829} INFO - Processing file /opt/airflow/dags/dbt_dag.py for tasks to queue
[2025-11-08T10:27:12.765+0000] {logging_mixin.py:151} INFO - [2025-11-08T10:27:12.764+0000] {dagbag.py:539} INFO - Filling up the DagBag from /opt/airflow/dags/dbt_dag.py
[2025-11-08T10:27:12.804+0000] {processor.py:839} INFO - DAG(s) dict_keys(['dbt_transform']) retrieved from /opt/airflow/dags/dbt_dag.py
[2025-11-08T10:27:12.870+0000] {logging_mixin.py:151} INFO - [2025-11-08T10:27:12.870+0000] {dag.py:2915} INFO - Sync 1 DAGs
[2025-11-08T10:27:12.912+0000] {logging_mixin.py:151} INFO - [2025-11-08T10:27:12.911+0000] {dag.py:3696} INFO - Setting next_dagrun for dbt_transform to 2025-11-08T10:25:20.423395+00:00, run_after=2025-11-08T10:30:20.423395+00:00
[2025-11-08T10:27:12.959+0000] {processor.py:179} INFO - Processing /opt/airflow/dags/dbt_dag.py took 0.207 seconds
[2025-11-08T10:27:43.083+0000] {processor.py:157} INFO - Started process (PID=2080) to work on /opt/airflow/dags/dbt_dag.py
[2025-11-08T10:27:43.086+0000] {processor.py:829} INFO - Processing file /opt/airflow/dags/dbt_dag.py for tasks to queue
[2025-11-08T10:27:43.089+0000] {logging_mixin.py:151} INFO - [2025-11-08T10:27:43.088+0000] {dagbag.py:539} INFO - Filling up the DagBag from /opt/airflow/dags/dbt_dag.py
[2025-11-08T10:27:43.144+0000] {processor.py:839} INFO - DAG(s) dict_keys(['dbt_transform']) retrieved from /opt/airflow/dags/dbt_dag.py
[2025-11-08T10:27:43.228+0000] {logging_mixin.py:151} INFO - [2025-11-08T10:27:43.227+0000] {dag.py:2915} INFO - Sync 1 DAGs
[2025-11-08T10:27:43.374+0000] {logging_mixin.py:151} INFO - [2025-11-08T10:27:43.373+0000] {dag.py:3696} INFO - Setting next_dagrun for dbt_transform to 2025-11-08T10:25:20.423395+00:00, run_after=2025-11-08T10:30:20.423395+00:00
[2025-11-08T10:27:43.434+0000] {processor.py:179} INFO - Processing /opt/airflow/dags/dbt_dag.py took 0.362 seconds
[2025-11-08T10:28:13.599+0000] {processor.py:157} INFO - Started process (PID=2085) to work on /opt/airflow/dags/dbt_dag.py
[2025-11-08T10:28:13.601+0000] {processor.py:829} INFO - Processing file /opt/airflow/dags/dbt_dag.py for tasks to queue
[2025-11-08T10:28:13.604+0000] {logging_mixin.py:151} INFO - [2025-11-08T10:28:13.603+0000] {dagbag.py:539} INFO - Filling up the DagBag from /opt/airflow/dags/dbt_dag.py
[2025-11-08T10:28:13.653+0000] {processor.py:839} INFO - DAG(s) dict_keys(['dbt_transform']) retrieved from /opt/airflow/dags/dbt_dag.py
[2025-11-08T10:28:13.742+0000] {logging_mixin.py:151} INFO - [2025-11-08T10:28:13.742+0000] {dag.py:2915} INFO - Sync 1 DAGs
[2025-11-08T10:28:13.799+0000] {logging_mixin.py:151} INFO - [2025-11-08T10:28:13.798+0000] {dag.py:3696} INFO - Setting next_dagrun for dbt_transform to 2025-11-08T10:25:20.423395+00:00, run_after=2025-11-08T10:30:20.423395+00:00
[2025-11-08T10:28:13.855+0000] {processor.py:179} INFO - Processing /opt/airflow/dags/dbt_dag.py took 0.263 seconds
[2025-11-08T10:28:44.112+0000] {processor.py:157} INFO - Started process (PID=2090) to work on /opt/airflow/dags/dbt_dag.py
[2025-11-08T10:28:44.113+0000] {processor.py:829} INFO - Processing file /opt/airflow/dags/dbt_dag.py for tasks to queue
[2025-11-08T10:28:44.115+0000] {logging_mixin.py:151} INFO - [2025-11-08T10:28:44.115+0000] {dagbag.py:539} INFO - Filling up the DagBag from /opt/airflow/dags/dbt_dag.py
[2025-11-08T10:28:44.159+0000] {processor.py:839} INFO - DAG(s) dict_keys(['dbt_transform']) retrieved from /opt/airflow/dags/dbt_dag.py
[2025-11-08T10:28:44.231+0000] {logging_mixin.py:151} INFO - [2025-11-08T10:28:44.230+0000] {dag.py:2915} INFO - Sync 1 DAGs
[2025-11-08T10:28:44.306+0000] {logging_mixin.py:151} INFO - [2025-11-08T10:28:44.305+0000] {dag.py:3696} INFO - Setting next_dagrun for dbt_transform to 2025-11-08T10:25:20.423395+00:00, run_after=2025-11-08T10:30:20.423395+00:00
[2025-11-08T10:28:44.372+0000] {processor.py:179} INFO - Processing /opt/airflow/dags/dbt_dag.py took 0.267 seconds
[2025-11-08T10:29:14.752+0000] {processor.py:157} INFO - Started process (PID=2095) to work on /opt/airflow/dags/dbt_dag.py
[2025-11-08T10:29:14.754+0000] {processor.py:829} INFO - Processing file /opt/airflow/dags/dbt_dag.py for tasks to queue
[2025-11-08T10:29:14.756+0000] {logging_mixin.py:151} INFO - [2025-11-08T10:29:14.755+0000] {dagbag.py:539} INFO - Filling up the DagBag from /opt/airflow/dags/dbt_dag.py
[2025-11-08T10:29:14.801+0000] {processor.py:839} INFO - DAG(s) dict_keys(['dbt_transform']) retrieved from /opt/airflow/dags/dbt_dag.py
[2025-11-08T10:29:14.862+0000] {logging_mixin.py:151} INFO - [2025-11-08T10:29:14.862+0000] {dag.py:2915} INFO - Sync 1 DAGs
[2025-11-08T10:29:14.903+0000] {logging_mixin.py:151} INFO - [2025-11-08T10:29:14.903+0000] {dag.py:3696} INFO - Setting next_dagrun for dbt_transform to 2025-11-08T10:25:20.423395+00:00, run_after=2025-11-08T10:30:20.423395+00:00
[2025-11-08T10:29:14.940+0000] {processor.py:179} INFO - Processing /opt/airflow/dags/dbt_dag.py took 0.196 seconds
[2025-11-08T10:29:45.088+0000] {processor.py:157} INFO - Started process (PID=2100) to work on /opt/airflow/dags/dbt_dag.py
[2025-11-08T10:29:45.090+0000] {processor.py:829} INFO - Processing file /opt/airflow/dags/dbt_dag.py for tasks to queue
[2025-11-08T10:29:45.092+0000] {logging_mixin.py:151} INFO - [2025-11-08T10:29:45.092+0000] {dagbag.py:539} INFO - Filling up the DagBag from /opt/airflow/dags/dbt_dag.py
[2025-11-08T10:29:45.150+0000] {processor.py:839} INFO - DAG(s) dict_keys(['dbt_transform']) retrieved from /opt/airflow/dags/dbt_dag.py
[2025-11-08T10:29:45.233+0000] {logging_mixin.py:151} INFO - [2025-11-08T10:29:45.232+0000] {dag.py:2915} INFO - Sync 1 DAGs
[2025-11-08T10:29:45.298+0000] {logging_mixin.py:151} INFO - [2025-11-08T10:29:45.298+0000] {dag.py:3696} INFO - Setting next_dagrun for dbt_transform to 2025-11-08T10:25:20.423395+00:00, run_after=2025-11-08T10:30:20.423395+00:00
[2025-11-08T10:29:45.360+0000] {processor.py:179} INFO - Processing /opt/airflow/dags/dbt_dag.py took 0.283 seconds
[2025-11-08T10:30:15.686+0000] {processor.py:157} INFO - Started process (PID=2131) to work on /opt/airflow/dags/dbt_dag.py
[2025-11-08T10:30:15.688+0000] {processor.py:829} INFO - Processing file /opt/airflow/dags/dbt_dag.py for tasks to queue
[2025-11-08T10:30:15.691+0000] {logging_mixin.py:151} INFO - [2025-11-08T10:30:15.690+0000] {dagbag.py:539} INFO - Filling up the DagBag from /opt/airflow/dags/dbt_dag.py
[2025-11-08T10:30:15.744+0000] {processor.py:839} INFO - DAG(s) dict_keys(['dbt_transform']) retrieved from /opt/airflow/dags/dbt_dag.py
[2025-11-08T10:30:15.831+0000] {logging_mixin.py:151} INFO - [2025-11-08T10:30:15.830+0000] {dag.py:2915} INFO - Sync 1 DAGs
[2025-11-08T10:30:15.894+0000] {logging_mixin.py:151} INFO - [2025-11-08T10:30:15.893+0000] {dag.py:3696} INFO - Setting next_dagrun for dbt_transform to 2025-11-08T10:25:20.423395+00:00, run_after=2025-11-08T10:30:20.423395+00:00
[2025-11-08T10:30:15.941+0000] {processor.py:179} INFO - Processing /opt/airflow/dags/dbt_dag.py took 0.265 seconds
[2025-11-08T10:30:46.268+0000] {processor.py:157} INFO - Started process (PID=2229) to work on /opt/airflow/dags/dbt_dag.py
[2025-11-08T10:30:46.271+0000] {processor.py:829} INFO - Processing file /opt/airflow/dags/dbt_dag.py for tasks to queue
[2025-11-08T10:30:46.274+0000] {logging_mixin.py:151} INFO - [2025-11-08T10:30:46.273+0000] {dagbag.py:539} INFO - Filling up the DagBag from /opt/airflow/dags/dbt_dag.py
[2025-11-08T10:30:46.330+0000] {processor.py:839} INFO - DAG(s) dict_keys(['dbt_transform']) retrieved from /opt/airflow/dags/dbt_dag.py
[2025-11-08T10:30:46.417+0000] {logging_mixin.py:151} INFO - [2025-11-08T10:30:46.416+0000] {dag.py:2915} INFO - Sync 1 DAGs
[2025-11-08T10:30:46.491+0000] {logging_mixin.py:151} INFO - [2025-11-08T10:30:46.491+0000] {dag.py:3696} INFO - Setting next_dagrun for dbt_transform to 2025-11-08T10:30:42.896417+00:00, run_after=2025-11-08T10:35:42.896417+00:00
[2025-11-08T10:30:46.545+0000] {processor.py:179} INFO - Processing /opt/airflow/dags/dbt_dag.py took 0.286 seconds
[2025-11-08T10:31:16.911+0000] {processor.py:157} INFO - Started process (PID=2247) to work on /opt/airflow/dags/dbt_dag.py
[2025-11-08T10:31:16.913+0000] {processor.py:829} INFO - Processing file /opt/airflow/dags/dbt_dag.py for tasks to queue
[2025-11-08T10:31:16.915+0000] {logging_mixin.py:151} INFO - [2025-11-08T10:31:16.914+0000] {dagbag.py:539} INFO - Filling up the DagBag from /opt/airflow/dags/dbt_dag.py
[2025-11-08T10:31:16.963+0000] {processor.py:839} INFO - DAG(s) dict_keys(['dbt_transform']) retrieved from /opt/airflow/dags/dbt_dag.py
[2025-11-08T10:31:17.056+0000] {logging_mixin.py:151} INFO - [2025-11-08T10:31:17.055+0000] {dag.py:2915} INFO - Sync 1 DAGs
[2025-11-08T10:31:17.106+0000] {logging_mixin.py:151} INFO - [2025-11-08T10:31:17.106+0000] {dag.py:3696} INFO - Setting next_dagrun for dbt_transform to 2025-11-08T10:30:48.066429+00:00, run_after=2025-11-08T10:35:48.066429+00:00
[2025-11-08T10:31:17.154+0000] {processor.py:179} INFO - Processing /opt/airflow/dags/dbt_dag.py took 0.251 seconds
[2025-11-08T10:31:47.521+0000] {processor.py:157} INFO - Started process (PID=2252) to work on /opt/airflow/dags/dbt_dag.py
[2025-11-08T10:31:47.523+0000] {processor.py:829} INFO - Processing file /opt/airflow/dags/dbt_dag.py for tasks to queue
[2025-11-08T10:31:47.529+0000] {logging_mixin.py:151} INFO - [2025-11-08T10:31:47.527+0000] {dagbag.py:539} INFO - Filling up the DagBag from /opt/airflow/dags/dbt_dag.py
[2025-11-08T10:31:47.750+0000] {processor.py:839} INFO - DAG(s) dict_keys(['dbt_transform']) retrieved from /opt/airflow/dags/dbt_dag.py
[2025-11-08T10:31:47.984+0000] {logging_mixin.py:151} INFO - [2025-11-08T10:31:47.983+0000] {dag.py:2915} INFO - Sync 1 DAGs
[2025-11-08T10:31:48.048+0000] {logging_mixin.py:151} INFO - [2025-11-08T10:31:48.048+0000] {dag.py:3696} INFO - Setting next_dagrun for dbt_transform to 2025-11-08T10:30:48.066429+00:00, run_after=2025-11-08T10:35:48.066429+00:00
[2025-11-08T10:31:48.105+0000] {processor.py:179} INFO - Processing /opt/airflow/dags/dbt_dag.py took 0.595 seconds
[2025-11-08T10:32:18.502+0000] {processor.py:157} INFO - Started process (PID=2257) to work on /opt/airflow/dags/dbt_dag.py
[2025-11-08T10:32:18.503+0000] {processor.py:829} INFO - Processing file /opt/airflow/dags/dbt_dag.py for tasks to queue
[2025-11-08T10:32:18.505+0000] {logging_mixin.py:151} INFO - [2025-11-08T10:32:18.504+0000] {dagbag.py:539} INFO - Filling up the DagBag from /opt/airflow/dags/dbt_dag.py
[2025-11-08T10:32:18.550+0000] {processor.py:839} INFO - DAG(s) dict_keys(['dbt_transform']) retrieved from /opt/airflow/dags/dbt_dag.py
[2025-11-08T10:32:18.605+0000] {logging_mixin.py:151} INFO - [2025-11-08T10:32:18.605+0000] {dag.py:2915} INFO - Sync 1 DAGs
[2025-11-08T10:32:18.647+0000] {logging_mixin.py:151} INFO - [2025-11-08T10:32:18.647+0000] {dag.py:3696} INFO - Setting next_dagrun for dbt_transform to 2025-11-08T10:30:48.066429+00:00, run_after=2025-11-08T10:35:48.066429+00:00
[2025-11-08T10:32:18.685+0000] {processor.py:179} INFO - Processing /opt/airflow/dags/dbt_dag.py took 0.189 seconds
[2025-11-08T10:32:48.829+0000] {processor.py:157} INFO - Started process (PID=2262) to work on /opt/airflow/dags/dbt_dag.py
[2025-11-08T10:32:48.832+0000] {processor.py:829} INFO - Processing file /opt/airflow/dags/dbt_dag.py for tasks to queue
[2025-11-08T10:32:48.835+0000] {logging_mixin.py:151} INFO - [2025-11-08T10:32:48.834+0000] {dagbag.py:539} INFO - Filling up the DagBag from /opt/airflow/dags/dbt_dag.py
[2025-11-08T10:32:48.894+0000] {processor.py:839} INFO - DAG(s) dict_keys(['dbt_transform']) retrieved from /opt/airflow/dags/dbt_dag.py
[2025-11-08T10:32:48.988+0000] {logging_mixin.py:151} INFO - [2025-11-08T10:32:48.988+0000] {dag.py:2915} INFO - Sync 1 DAGs
[2025-11-08T10:32:49.061+0000] {logging_mixin.py:151} INFO - [2025-11-08T10:32:49.060+0000] {dag.py:3696} INFO - Setting next_dagrun for dbt_transform to 2025-11-08T10:30:48.066429+00:00, run_after=2025-11-08T10:35:48.066429+00:00
[2025-11-08T10:32:49.126+0000] {processor.py:179} INFO - Processing /opt/airflow/dags/dbt_dag.py took 0.306 seconds
[2025-11-08T10:33:19.362+0000] {processor.py:157} INFO - Started process (PID=2267) to work on /opt/airflow/dags/dbt_dag.py
[2025-11-08T10:33:19.364+0000] {processor.py:829} INFO - Processing file /opt/airflow/dags/dbt_dag.py for tasks to queue
[2025-11-08T10:33:19.366+0000] {logging_mixin.py:151} INFO - [2025-11-08T10:33:19.365+0000] {dagbag.py:539} INFO - Filling up the DagBag from /opt/airflow/dags/dbt_dag.py
[2025-11-08T10:33:19.408+0000] {processor.py:839} INFO - DAG(s) dict_keys(['dbt_transform']) retrieved from /opt/airflow/dags/dbt_dag.py
[2025-11-08T10:33:19.478+0000] {logging_mixin.py:151} INFO - [2025-11-08T10:33:19.477+0000] {dag.py:2915} INFO - Sync 1 DAGs
[2025-11-08T10:33:19.532+0000] {logging_mixin.py:151} INFO - [2025-11-08T10:33:19.531+0000] {dag.py:3696} INFO - Setting next_dagrun for dbt_transform to 2025-11-08T10:30:48.066429+00:00, run_after=2025-11-08T10:35:48.066429+00:00
[2025-11-08T10:33:19.576+0000] {processor.py:179} INFO - Processing /opt/airflow/dags/dbt_dag.py took 0.226 seconds
[2025-11-08T10:33:49.815+0000] {processor.py:157} INFO - Started process (PID=2272) to work on /opt/airflow/dags/dbt_dag.py
[2025-11-08T10:33:49.817+0000] {processor.py:829} INFO - Processing file /opt/airflow/dags/dbt_dag.py for tasks to queue
[2025-11-08T10:33:49.820+0000] {logging_mixin.py:151} INFO - [2025-11-08T10:33:49.819+0000] {dagbag.py:539} INFO - Filling up the DagBag from /opt/airflow/dags/dbt_dag.py
[2025-11-08T10:33:49.863+0000] {processor.py:839} INFO - DAG(s) dict_keys(['dbt_transform']) retrieved from /opt/airflow/dags/dbt_dag.py
[2025-11-08T10:33:49.931+0000] {logging_mixin.py:151} INFO - [2025-11-08T10:33:49.930+0000] {dag.py:2915} INFO - Sync 1 DAGs
[2025-11-08T10:33:49.983+0000] {logging_mixin.py:151} INFO - [2025-11-08T10:33:49.982+0000] {dag.py:3696} INFO - Setting next_dagrun for dbt_transform to 2025-11-08T10:30:48.066429+00:00, run_after=2025-11-08T10:35:48.066429+00:00
[2025-11-08T10:33:50.023+0000] {processor.py:179} INFO - Processing /opt/airflow/dags/dbt_dag.py took 0.215 seconds
[2025-11-08T10:34:20.312+0000] {processor.py:157} INFO - Started process (PID=2277) to work on /opt/airflow/dags/dbt_dag.py
[2025-11-08T10:34:20.315+0000] {processor.py:829} INFO - Processing file /opt/airflow/dags/dbt_dag.py for tasks to queue
[2025-11-08T10:34:20.317+0000] {logging_mixin.py:151} INFO - [2025-11-08T10:34:20.316+0000] {dagbag.py:539} INFO - Filling up the DagBag from /opt/airflow/dags/dbt_dag.py
[2025-11-08T10:34:20.365+0000] {processor.py:839} INFO - DAG(s) dict_keys(['dbt_transform']) retrieved from /opt/airflow/dags/dbt_dag.py
[2025-11-08T10:34:20.431+0000] {logging_mixin.py:151} INFO - [2025-11-08T10:34:20.431+0000] {dag.py:2915} INFO - Sync 1 DAGs
[2025-11-08T10:34:20.484+0000] {logging_mixin.py:151} INFO - [2025-11-08T10:34:20.484+0000] {dag.py:3696} INFO - Setting next_dagrun for dbt_transform to 2025-11-08T10:30:48.066429+00:00, run_after=2025-11-08T10:35:48.066429+00:00
[2025-11-08T10:34:20.532+0000] {processor.py:179} INFO - Processing /opt/airflow/dags/dbt_dag.py took 0.229 seconds
[2025-11-08T10:34:50.743+0000] {processor.py:157} INFO - Started process (PID=2282) to work on /opt/airflow/dags/dbt_dag.py
[2025-11-08T10:34:50.745+0000] {processor.py:829} INFO - Processing file /opt/airflow/dags/dbt_dag.py for tasks to queue
[2025-11-08T10:34:50.748+0000] {logging_mixin.py:151} INFO - [2025-11-08T10:34:50.747+0000] {dagbag.py:539} INFO - Filling up the DagBag from /opt/airflow/dags/dbt_dag.py
[2025-11-08T10:34:50.800+0000] {processor.py:839} INFO - DAG(s) dict_keys(['dbt_transform']) retrieved from /opt/airflow/dags/dbt_dag.py
[2025-11-08T10:34:50.883+0000] {logging_mixin.py:151} INFO - [2025-11-08T10:34:50.883+0000] {dag.py:2915} INFO - Sync 1 DAGs
[2025-11-08T10:34:50.946+0000] {logging_mixin.py:151} INFO - [2025-11-08T10:34:50.945+0000] {dag.py:3696} INFO - Setting next_dagrun for dbt_transform to 2025-11-08T10:30:48.066429+00:00, run_after=2025-11-08T10:35:48.066429+00:00
[2025-11-08T10:34:51.009+0000] {processor.py:179} INFO - Processing /opt/airflow/dags/dbt_dag.py took 0.276 seconds
[2025-11-08T10:35:21.214+0000] {processor.py:157} INFO - Started process (PID=2287) to work on /opt/airflow/dags/dbt_dag.py
[2025-11-08T10:35:21.217+0000] {processor.py:829} INFO - Processing file /opt/airflow/dags/dbt_dag.py for tasks to queue
[2025-11-08T10:35:21.220+0000] {logging_mixin.py:151} INFO - [2025-11-08T10:35:21.219+0000] {dagbag.py:539} INFO - Filling up the DagBag from /opt/airflow/dags/dbt_dag.py
[2025-11-08T10:35:21.264+0000] {processor.py:839} INFO - DAG(s) dict_keys(['dbt_transform']) retrieved from /opt/airflow/dags/dbt_dag.py
[2025-11-08T10:35:21.337+0000] {logging_mixin.py:151} INFO - [2025-11-08T10:35:21.336+0000] {dag.py:2915} INFO - Sync 1 DAGs
[2025-11-08T10:35:21.388+0000] {logging_mixin.py:151} INFO - [2025-11-08T10:35:21.388+0000] {dag.py:3696} INFO - Setting next_dagrun for dbt_transform to 2025-11-08T10:30:48.066429+00:00, run_after=2025-11-08T10:35:48.066429+00:00
[2025-11-08T10:35:21.436+0000] {processor.py:179} INFO - Processing /opt/airflow/dags/dbt_dag.py took 0.232 seconds
[2025-11-08T10:35:51.681+0000] {processor.py:157} INFO - Started process (PID=2331) to work on /opt/airflow/dags/dbt_dag.py
[2025-11-08T10:35:51.683+0000] {processor.py:829} INFO - Processing file /opt/airflow/dags/dbt_dag.py for tasks to queue
[2025-11-08T10:35:51.685+0000] {logging_mixin.py:151} INFO - [2025-11-08T10:35:51.685+0000] {dagbag.py:539} INFO - Filling up the DagBag from /opt/airflow/dags/dbt_dag.py
[2025-11-08T10:35:51.731+0000] {processor.py:839} INFO - DAG(s) dict_keys(['dbt_transform']) retrieved from /opt/airflow/dags/dbt_dag.py
[2025-11-08T10:35:51.799+0000] {logging_mixin.py:151} INFO - [2025-11-08T10:35:51.798+0000] {dag.py:2915} INFO - Sync 1 DAGs
[2025-11-08T10:35:51.853+0000] {logging_mixin.py:151} INFO - [2025-11-08T10:35:51.852+0000] {dag.py:3696} INFO - Setting next_dagrun for dbt_transform to 2025-11-08T10:35:51.416925+00:00, run_after=2025-11-08T10:40:51.416925+00:00
[2025-11-08T10:35:51.904+0000] {processor.py:179} INFO - Processing /opt/airflow/dags/dbt_dag.py took 0.238 seconds
[2025-11-08T10:36:22.031+0000] {processor.py:157} INFO - Started process (PID=2428) to work on /opt/airflow/dags/dbt_dag.py
[2025-11-08T10:36:22.033+0000] {processor.py:829} INFO - Processing file /opt/airflow/dags/dbt_dag.py for tasks to queue
[2025-11-08T10:36:22.035+0000] {logging_mixin.py:151} INFO - [2025-11-08T10:36:22.034+0000] {dagbag.py:539} INFO - Filling up the DagBag from /opt/airflow/dags/dbt_dag.py
[2025-11-08T10:36:22.078+0000] {processor.py:839} INFO - DAG(s) dict_keys(['dbt_transform']) retrieved from /opt/airflow/dags/dbt_dag.py
[2025-11-08T10:36:22.149+0000] {logging_mixin.py:151} INFO - [2025-11-08T10:36:22.148+0000] {dag.py:2915} INFO - Sync 1 DAGs
[2025-11-08T10:36:22.216+0000] {logging_mixin.py:151} INFO - [2025-11-08T10:36:22.214+0000] {dag.py:3696} INFO - Setting next_dagrun for dbt_transform to 2025-11-08T10:36:14.236688+00:00, run_after=2025-11-08T10:41:14.236688+00:00
[2025-11-08T10:36:22.278+0000] {processor.py:179} INFO - Processing /opt/airflow/dags/dbt_dag.py took 0.255 seconds
[2025-11-08T10:36:52.537+0000] {processor.py:157} INFO - Started process (PID=2434) to work on /opt/airflow/dags/dbt_dag.py
[2025-11-08T10:36:52.540+0000] {processor.py:829} INFO - Processing file /opt/airflow/dags/dbt_dag.py for tasks to queue
[2025-11-08T10:36:52.542+0000] {logging_mixin.py:151} INFO - [2025-11-08T10:36:52.542+0000] {dagbag.py:539} INFO - Filling up the DagBag from /opt/airflow/dags/dbt_dag.py
[2025-11-08T10:36:52.588+0000] {processor.py:839} INFO - DAG(s) dict_keys(['dbt_transform']) retrieved from /opt/airflow/dags/dbt_dag.py
[2025-11-08T10:36:52.645+0000] {logging_mixin.py:151} INFO - [2025-11-08T10:36:52.644+0000] {dag.py:2915} INFO - Sync 1 DAGs
[2025-11-08T10:36:52.734+0000] {logging_mixin.py:151} INFO - [2025-11-08T10:36:52.734+0000] {dag.py:3696} INFO - Setting next_dagrun for dbt_transform to 2025-11-08T10:36:14.236688+00:00, run_after=2025-11-08T10:41:14.236688+00:00
[2025-11-08T10:36:52.781+0000] {processor.py:179} INFO - Processing /opt/airflow/dags/dbt_dag.py took 0.253 seconds
[2025-11-08T10:37:22.908+0000] {processor.py:157} INFO - Started process (PID=2439) to work on /opt/airflow/dags/dbt_dag.py
[2025-11-08T10:37:22.910+0000] {processor.py:829} INFO - Processing file /opt/airflow/dags/dbt_dag.py for tasks to queue
[2025-11-08T10:37:22.912+0000] {logging_mixin.py:151} INFO - [2025-11-08T10:37:22.911+0000] {dagbag.py:539} INFO - Filling up the DagBag from /opt/airflow/dags/dbt_dag.py
[2025-11-08T10:37:22.939+0000] {processor.py:839} INFO - DAG(s) dict_keys(['dbt_transform']) retrieved from /opt/airflow/dags/dbt_dag.py
[2025-11-08T10:37:22.981+0000] {logging_mixin.py:151} INFO - [2025-11-08T10:37:22.981+0000] {dag.py:2915} INFO - Sync 1 DAGs
[2025-11-08T10:37:23.012+0000] {logging_mixin.py:151} INFO - [2025-11-08T10:37:23.012+0000] {dag.py:3696} INFO - Setting next_dagrun for dbt_transform to 2025-11-08T10:36:14.236688+00:00, run_after=2025-11-08T10:41:14.236688+00:00
[2025-11-08T10:37:23.040+0000] {processor.py:179} INFO - Processing /opt/airflow/dags/dbt_dag.py took 0.138 seconds
[2025-11-08T10:37:53.103+0000] {processor.py:157} INFO - Started process (PID=2444) to work on /opt/airflow/dags/dbt_dag.py
[2025-11-08T10:37:53.104+0000] {processor.py:829} INFO - Processing file /opt/airflow/dags/dbt_dag.py for tasks to queue
[2025-11-08T10:37:53.105+0000] {logging_mixin.py:151} INFO - [2025-11-08T10:37:53.105+0000] {dagbag.py:539} INFO - Filling up the DagBag from /opt/airflow/dags/dbt_dag.py
[2025-11-08T10:37:53.131+0000] {processor.py:839} INFO - DAG(s) dict_keys(['dbt_transform']) retrieved from /opt/airflow/dags/dbt_dag.py
[2025-11-08T10:37:53.174+0000] {logging_mixin.py:151} INFO - [2025-11-08T10:37:53.174+0000] {dag.py:2915} INFO - Sync 1 DAGs
[2025-11-08T10:37:53.205+0000] {logging_mixin.py:151} INFO - [2025-11-08T10:37:53.205+0000] {dag.py:3696} INFO - Setting next_dagrun for dbt_transform to 2025-11-08T10:36:14.236688+00:00, run_after=2025-11-08T10:41:14.236688+00:00
[2025-11-08T10:37:53.233+0000] {processor.py:179} INFO - Processing /opt/airflow/dags/dbt_dag.py took 0.134 seconds
[2025-11-08T10:38:23.496+0000] {processor.py:157} INFO - Started process (PID=2449) to work on /opt/airflow/dags/dbt_dag.py
[2025-11-08T10:38:23.498+0000] {processor.py:829} INFO - Processing file /opt/airflow/dags/dbt_dag.py for tasks to queue
[2025-11-08T10:38:23.500+0000] {logging_mixin.py:151} INFO - [2025-11-08T10:38:23.500+0000] {dagbag.py:539} INFO - Filling up the DagBag from /opt/airflow/dags/dbt_dag.py
[2025-11-08T10:38:23.541+0000] {processor.py:839} INFO - DAG(s) dict_keys(['dbt_transform']) retrieved from /opt/airflow/dags/dbt_dag.py
[2025-11-08T10:38:23.621+0000] {logging_mixin.py:151} INFO - [2025-11-08T10:38:23.620+0000] {dag.py:2915} INFO - Sync 1 DAGs
[2025-11-08T10:38:23.665+0000] {logging_mixin.py:151} INFO - [2025-11-08T10:38:23.665+0000] {dag.py:3696} INFO - Setting next_dagrun for dbt_transform to 2025-11-08T10:36:14.236688+00:00, run_after=2025-11-08T10:41:14.236688+00:00
[2025-11-08T10:38:23.708+0000] {processor.py:179} INFO - Processing /opt/airflow/dags/dbt_dag.py took 0.219 seconds
[2025-11-08T10:38:53.876+0000] {processor.py:157} INFO - Started process (PID=2454) to work on /opt/airflow/dags/dbt_dag.py
[2025-11-08T10:38:53.878+0000] {processor.py:829} INFO - Processing file /opt/airflow/dags/dbt_dag.py for tasks to queue
[2025-11-08T10:38:53.879+0000] {logging_mixin.py:151} INFO - [2025-11-08T10:38:53.879+0000] {dagbag.py:539} INFO - Filling up the DagBag from /opt/airflow/dags/dbt_dag.py
[2025-11-08T10:38:53.924+0000] {processor.py:839} INFO - DAG(s) dict_keys(['dbt_transform']) retrieved from /opt/airflow/dags/dbt_dag.py
[2025-11-08T10:38:53.990+0000] {logging_mixin.py:151} INFO - [2025-11-08T10:38:53.989+0000] {dag.py:2915} INFO - Sync 1 DAGs
[2025-11-08T10:38:54.043+0000] {logging_mixin.py:151} INFO - [2025-11-08T10:38:54.043+0000] {dag.py:3696} INFO - Setting next_dagrun for dbt_transform to 2025-11-08T10:36:14.236688+00:00, run_after=2025-11-08T10:41:14.236688+00:00
[2025-11-08T10:38:54.088+0000] {processor.py:179} INFO - Processing /opt/airflow/dags/dbt_dag.py took 0.222 seconds
[2025-11-08T10:39:24.339+0000] {processor.py:157} INFO - Started process (PID=2459) to work on /opt/airflow/dags/dbt_dag.py
[2025-11-08T10:39:24.341+0000] {processor.py:829} INFO - Processing file /opt/airflow/dags/dbt_dag.py for tasks to queue
[2025-11-08T10:39:24.343+0000] {logging_mixin.py:151} INFO - [2025-11-08T10:39:24.343+0000] {dagbag.py:539} INFO - Filling up the DagBag from /opt/airflow/dags/dbt_dag.py
[2025-11-08T10:39:24.386+0000] {processor.py:839} INFO - DAG(s) dict_keys(['dbt_transform']) retrieved from /opt/airflow/dags/dbt_dag.py
[2025-11-08T10:39:24.453+0000] {logging_mixin.py:151} INFO - [2025-11-08T10:39:24.452+0000] {dag.py:2915} INFO - Sync 1 DAGs
[2025-11-08T10:39:24.579+0000] {logging_mixin.py:151} INFO - [2025-11-08T10:39:24.578+0000] {dag.py:3696} INFO - Setting next_dagrun for dbt_transform to 2025-11-08T10:36:14.236688+00:00, run_after=2025-11-08T10:41:14.236688+00:00
[2025-11-08T10:39:24.632+0000] {processor.py:179} INFO - Processing /opt/airflow/dags/dbt_dag.py took 0.299 seconds
[2025-11-08T10:39:54.968+0000] {processor.py:157} INFO - Started process (PID=2464) to work on /opt/airflow/dags/dbt_dag.py
[2025-11-08T10:39:54.969+0000] {processor.py:829} INFO - Processing file /opt/airflow/dags/dbt_dag.py for tasks to queue
[2025-11-08T10:39:54.973+0000] {logging_mixin.py:151} INFO - [2025-11-08T10:39:54.971+0000] {dagbag.py:539} INFO - Filling up the DagBag from /opt/airflow/dags/dbt_dag.py
[2025-11-08T10:39:55.007+0000] {processor.py:839} INFO - DAG(s) dict_keys(['dbt_transform']) retrieved from /opt/airflow/dags/dbt_dag.py
[2025-11-08T10:39:55.070+0000] {logging_mixin.py:151} INFO - [2025-11-08T10:39:55.070+0000] {dag.py:2915} INFO - Sync 1 DAGs
[2025-11-08T10:39:55.134+0000] {logging_mixin.py:151} INFO - [2025-11-08T10:39:55.134+0000] {dag.py:3696} INFO - Setting next_dagrun for dbt_transform to 2025-11-08T10:36:14.236688+00:00, run_after=2025-11-08T10:41:14.236688+00:00
[2025-11-08T10:39:55.191+0000] {processor.py:179} INFO - Processing /opt/airflow/dags/dbt_dag.py took 0.231 seconds
[2025-11-08T10:40:25.516+0000] {processor.py:157} INFO - Started process (PID=2469) to work on /opt/airflow/dags/dbt_dag.py
[2025-11-08T10:40:25.518+0000] {processor.py:829} INFO - Processing file /opt/airflow/dags/dbt_dag.py for tasks to queue
[2025-11-08T10:40:25.519+0000] {logging_mixin.py:151} INFO - [2025-11-08T10:40:25.519+0000] {dagbag.py:539} INFO - Filling up the DagBag from /opt/airflow/dags/dbt_dag.py
[2025-11-08T10:40:25.557+0000] {processor.py:839} INFO - DAG(s) dict_keys(['dbt_transform']) retrieved from /opt/airflow/dags/dbt_dag.py
[2025-11-08T10:40:25.622+0000] {logging_mixin.py:151} INFO - [2025-11-08T10:40:25.621+0000] {dag.py:2915} INFO - Sync 1 DAGs
[2025-11-08T10:40:25.700+0000] {logging_mixin.py:151} INFO - [2025-11-08T10:40:25.700+0000] {dag.py:3696} INFO - Setting next_dagrun for dbt_transform to 2025-11-08T10:36:14.236688+00:00, run_after=2025-11-08T10:41:14.236688+00:00
[2025-11-08T10:40:25.755+0000] {processor.py:179} INFO - Processing /opt/airflow/dags/dbt_dag.py took 0.247 seconds
[2025-11-08T10:40:56.087+0000] {processor.py:157} INFO - Started process (PID=2474) to work on /opt/airflow/dags/dbt_dag.py
[2025-11-08T10:40:56.090+0000] {processor.py:829} INFO - Processing file /opt/airflow/dags/dbt_dag.py for tasks to queue
[2025-11-08T10:40:56.093+0000] {logging_mixin.py:151} INFO - [2025-11-08T10:40:56.092+0000] {dagbag.py:539} INFO - Filling up the DagBag from /opt/airflow/dags/dbt_dag.py
[2025-11-08T10:40:56.140+0000] {processor.py:839} INFO - DAG(s) dict_keys(['dbt_transform']) retrieved from /opt/airflow/dags/dbt_dag.py
[2025-11-08T10:40:56.207+0000] {logging_mixin.py:151} INFO - [2025-11-08T10:40:56.206+0000] {dag.py:2915} INFO - Sync 1 DAGs
[2025-11-08T10:40:56.266+0000] {logging_mixin.py:151} INFO - [2025-11-08T10:40:56.265+0000] {dag.py:3696} INFO - Setting next_dagrun for dbt_transform to 2025-11-08T10:36:14.236688+00:00, run_after=2025-11-08T10:41:14.236688+00:00
[2025-11-08T10:40:56.315+0000] {processor.py:179} INFO - Processing /opt/airflow/dags/dbt_dag.py took 0.237 seconds
[2025-11-08T10:41:26.655+0000] {processor.py:157} INFO - Started process (PID=2560) to work on /opt/airflow/dags/dbt_dag.py
[2025-11-08T10:41:26.657+0000] {processor.py:829} INFO - Processing file /opt/airflow/dags/dbt_dag.py for tasks to queue
[2025-11-08T10:41:26.663+0000] {logging_mixin.py:151} INFO - [2025-11-08T10:41:26.660+0000] {dagbag.py:539} INFO - Filling up the DagBag from /opt/airflow/dags/dbt_dag.py
[2025-11-08T10:41:26.735+0000] {processor.py:839} INFO - DAG(s) dict_keys(['dbt_transform']) retrieved from /opt/airflow/dags/dbt_dag.py
[2025-11-08T10:41:26.856+0000] {logging_mixin.py:151} INFO - [2025-11-08T10:41:26.856+0000] {dag.py:2915} INFO - Sync 1 DAGs
[2025-11-08T10:41:26.914+0000] {logging_mixin.py:151} INFO - [2025-11-08T10:41:26.913+0000] {dag.py:3696} INFO - Setting next_dagrun for dbt_transform to 2025-11-08T10:41:17.352508+00:00, run_after=2025-11-08T10:46:17.352508+00:00
[2025-11-08T10:41:26.967+0000] {processor.py:179} INFO - Processing /opt/airflow/dags/dbt_dag.py took 0.321 seconds
[2025-11-08T10:41:57.282+0000] {processor.py:157} INFO - Started process (PID=2619) to work on /opt/airflow/dags/dbt_dag.py
[2025-11-08T10:41:57.284+0000] {processor.py:829} INFO - Processing file /opt/airflow/dags/dbt_dag.py for tasks to queue
[2025-11-08T10:41:57.286+0000] {logging_mixin.py:151} INFO - [2025-11-08T10:41:57.285+0000] {dagbag.py:539} INFO - Filling up the DagBag from /opt/airflow/dags/dbt_dag.py
[2025-11-08T10:41:57.331+0000] {processor.py:839} INFO - DAG(s) dict_keys(['dbt_transform']) retrieved from /opt/airflow/dags/dbt_dag.py
[2025-11-08T10:41:57.427+0000] {logging_mixin.py:151} INFO - [2025-11-08T10:41:57.426+0000] {dag.py:2915} INFO - Sync 1 DAGs
[2025-11-08T10:41:57.490+0000] {logging_mixin.py:151} INFO - [2025-11-08T10:41:57.489+0000] {dag.py:3696} INFO - Setting next_dagrun for dbt_transform to 2025-11-08T10:41:40.012997+00:00, run_after=2025-11-08T10:46:40.012997+00:00
[2025-11-08T10:41:57.546+0000] {processor.py:179} INFO - Processing /opt/airflow/dags/dbt_dag.py took 0.272 seconds
[2025-11-08T10:42:27.907+0000] {processor.py:157} INFO - Started process (PID=2624) to work on /opt/airflow/dags/dbt_dag.py
[2025-11-08T10:42:27.909+0000] {processor.py:829} INFO - Processing file /opt/airflow/dags/dbt_dag.py for tasks to queue
[2025-11-08T10:42:27.912+0000] {logging_mixin.py:151} INFO - [2025-11-08T10:42:27.911+0000] {dagbag.py:539} INFO - Filling up the DagBag from /opt/airflow/dags/dbt_dag.py
[2025-11-08T10:42:27.949+0000] {processor.py:839} INFO - DAG(s) dict_keys(['dbt_transform']) retrieved from /opt/airflow/dags/dbt_dag.py
[2025-11-08T10:42:28.017+0000] {logging_mixin.py:151} INFO - [2025-11-08T10:42:28.016+0000] {dag.py:2915} INFO - Sync 1 DAGs
[2025-11-08T10:42:28.076+0000] {logging_mixin.py:151} INFO - [2025-11-08T10:42:28.075+0000] {dag.py:3696} INFO - Setting next_dagrun for dbt_transform to 2025-11-08T10:41:40.012997+00:00, run_after=2025-11-08T10:46:40.012997+00:00
[2025-11-08T10:42:28.127+0000] {processor.py:179} INFO - Processing /opt/airflow/dags/dbt_dag.py took 0.227 seconds
[2025-11-08T10:42:58.462+0000] {processor.py:157} INFO - Started process (PID=2629) to work on /opt/airflow/dags/dbt_dag.py
[2025-11-08T10:42:58.464+0000] {processor.py:829} INFO - Processing file /opt/airflow/dags/dbt_dag.py for tasks to queue
[2025-11-08T10:42:58.466+0000] {logging_mixin.py:151} INFO - [2025-11-08T10:42:58.466+0000] {dagbag.py:539} INFO - Filling up the DagBag from /opt/airflow/dags/dbt_dag.py
[2025-11-08T10:42:58.510+0000] {processor.py:839} INFO - DAG(s) dict_keys(['dbt_transform']) retrieved from /opt/airflow/dags/dbt_dag.py
[2025-11-08T10:42:58.567+0000] {logging_mixin.py:151} INFO - [2025-11-08T10:42:58.566+0000] {dag.py:2915} INFO - Sync 1 DAGs
[2025-11-08T10:42:58.606+0000] {logging_mixin.py:151} INFO - [2025-11-08T10:42:58.606+0000] {dag.py:3696} INFO - Setting next_dagrun for dbt_transform to 2025-11-08T10:41:40.012997+00:00, run_after=2025-11-08T10:46:40.012997+00:00
[2025-11-08T10:42:58.642+0000] {processor.py:179} INFO - Processing /opt/airflow/dags/dbt_dag.py took 0.188 seconds
[2025-11-08T10:43:28.752+0000] {processor.py:157} INFO - Started process (PID=2634) to work on /opt/airflow/dags/dbt_dag.py
[2025-11-08T10:43:28.754+0000] {processor.py:829} INFO - Processing file /opt/airflow/dags/dbt_dag.py for tasks to queue
[2025-11-08T10:43:28.756+0000] {logging_mixin.py:151} INFO - [2025-11-08T10:43:28.755+0000] {dagbag.py:539} INFO - Filling up the DagBag from /opt/airflow/dags/dbt_dag.py
[2025-11-08T10:43:28.809+0000] {processor.py:839} INFO - DAG(s) dict_keys(['dbt_transform']) retrieved from /opt/airflow/dags/dbt_dag.py
[2025-11-08T10:43:28.886+0000] {logging_mixin.py:151} INFO - [2025-11-08T10:43:28.886+0000] {dag.py:2915} INFO - Sync 1 DAGs
[2025-11-08T10:43:29.024+0000] {logging_mixin.py:151} INFO - [2025-11-08T10:43:29.023+0000] {dag.py:3696} INFO - Setting next_dagrun for dbt_transform to 2025-11-08T10:41:40.012997+00:00, run_after=2025-11-08T10:46:40.012997+00:00
[2025-11-08T10:43:29.066+0000] {processor.py:179} INFO - Processing /opt/airflow/dags/dbt_dag.py took 0.321 seconds
[2025-11-08T10:43:59.344+0000] {processor.py:157} INFO - Started process (PID=2639) to work on /opt/airflow/dags/dbt_dag.py
[2025-11-08T10:43:59.346+0000] {processor.py:829} INFO - Processing file /opt/airflow/dags/dbt_dag.py for tasks to queue
[2025-11-08T10:43:59.351+0000] {logging_mixin.py:151} INFO - [2025-11-08T10:43:59.349+0000] {dagbag.py:539} INFO - Filling up the DagBag from /opt/airflow/dags/dbt_dag.py
[2025-11-08T10:43:59.415+0000] {processor.py:839} INFO - DAG(s) dict_keys(['dbt_transform']) retrieved from /opt/airflow/dags/dbt_dag.py
[2025-11-08T10:43:59.472+0000] {logging_mixin.py:151} INFO - [2025-11-08T10:43:59.471+0000] {dag.py:2915} INFO - Sync 1 DAGs
[2025-11-08T10:43:59.507+0000] {logging_mixin.py:151} INFO - [2025-11-08T10:43:59.506+0000] {dag.py:3696} INFO - Setting next_dagrun for dbt_transform to 2025-11-08T10:41:40.012997+00:00, run_after=2025-11-08T10:46:40.012997+00:00
[2025-11-08T10:43:59.538+0000] {processor.py:179} INFO - Processing /opt/airflow/dags/dbt_dag.py took 0.210 seconds
[2025-11-08T10:44:29.699+0000] {processor.py:157} INFO - Started process (PID=2644) to work on /opt/airflow/dags/dbt_dag.py
[2025-11-08T10:44:29.701+0000] {processor.py:829} INFO - Processing file /opt/airflow/dags/dbt_dag.py for tasks to queue
[2025-11-08T10:44:29.704+0000] {logging_mixin.py:151} INFO - [2025-11-08T10:44:29.703+0000] {dagbag.py:539} INFO - Filling up the DagBag from /opt/airflow/dags/dbt_dag.py
[2025-11-08T10:44:29.759+0000] {processor.py:839} INFO - DAG(s) dict_keys(['dbt_transform']) retrieved from /opt/airflow/dags/dbt_dag.py
[2025-11-08T10:44:29.833+0000] {logging_mixin.py:151} INFO - [2025-11-08T10:44:29.833+0000] {dag.py:2915} INFO - Sync 1 DAGs
[2025-11-08T10:44:29.879+0000] {logging_mixin.py:151} INFO - [2025-11-08T10:44:29.878+0000] {dag.py:3696} INFO - Setting next_dagrun for dbt_transform to 2025-11-08T10:41:40.012997+00:00, run_after=2025-11-08T10:46:40.012997+00:00
[2025-11-08T10:44:29.925+0000] {processor.py:179} INFO - Processing /opt/airflow/dags/dbt_dag.py took 0.236 seconds
[2025-11-08T10:45:00.117+0000] {processor.py:157} INFO - Started process (PID=2649) to work on /opt/airflow/dags/dbt_dag.py
[2025-11-08T10:45:00.119+0000] {processor.py:829} INFO - Processing file /opt/airflow/dags/dbt_dag.py for tasks to queue
[2025-11-08T10:45:00.120+0000] {logging_mixin.py:151} INFO - [2025-11-08T10:45:00.120+0000] {dagbag.py:539} INFO - Filling up the DagBag from /opt/airflow/dags/dbt_dag.py
[2025-11-08T10:45:00.156+0000] {processor.py:839} INFO - DAG(s) dict_keys(['dbt_transform']) retrieved from /opt/airflow/dags/dbt_dag.py
[2025-11-08T10:45:00.207+0000] {logging_mixin.py:151} INFO - [2025-11-08T10:45:00.206+0000] {dag.py:2915} INFO - Sync 1 DAGs
[2025-11-08T10:45:00.275+0000] {logging_mixin.py:151} INFO - [2025-11-08T10:45:00.274+0000] {dag.py:3696} INFO - Setting next_dagrun for dbt_transform to 2025-11-08T10:41:40.012997+00:00, run_after=2025-11-08T10:46:40.012997+00:00
[2025-11-08T10:45:00.310+0000] {processor.py:179} INFO - Processing /opt/airflow/dags/dbt_dag.py took 0.199 seconds
[2025-11-08T10:45:30.507+0000] {processor.py:157} INFO - Started process (PID=2654) to work on /opt/airflow/dags/dbt_dag.py
[2025-11-08T10:45:30.509+0000] {processor.py:829} INFO - Processing file /opt/airflow/dags/dbt_dag.py for tasks to queue
[2025-11-08T10:45:30.511+0000] {logging_mixin.py:151} INFO - [2025-11-08T10:45:30.510+0000] {dagbag.py:539} INFO - Filling up the DagBag from /opt/airflow/dags/dbt_dag.py
[2025-11-08T10:45:30.553+0000] {processor.py:839} INFO - DAG(s) dict_keys(['dbt_transform']) retrieved from /opt/airflow/dags/dbt_dag.py
[2025-11-08T10:45:30.619+0000] {logging_mixin.py:151} INFO - [2025-11-08T10:45:30.619+0000] {dag.py:2915} INFO - Sync 1 DAGs
[2025-11-08T10:45:30.665+0000] {logging_mixin.py:151} INFO - [2025-11-08T10:45:30.664+0000] {dag.py:3696} INFO - Setting next_dagrun for dbt_transform to 2025-11-08T10:41:40.012997+00:00, run_after=2025-11-08T10:46:40.012997+00:00
[2025-11-08T10:45:30.713+0000] {processor.py:179} INFO - Processing /opt/airflow/dags/dbt_dag.py took 0.213 seconds
[2025-11-08T10:46:00.924+0000] {processor.py:157} INFO - Started process (PID=2659) to work on /opt/airflow/dags/dbt_dag.py
[2025-11-08T10:46:00.926+0000] {processor.py:829} INFO - Processing file /opt/airflow/dags/dbt_dag.py for tasks to queue
[2025-11-08T10:46:00.928+0000] {logging_mixin.py:151} INFO - [2025-11-08T10:46:00.928+0000] {dagbag.py:539} INFO - Filling up the DagBag from /opt/airflow/dags/dbt_dag.py
[2025-11-08T10:46:00.984+0000] {processor.py:839} INFO - DAG(s) dict_keys(['dbt_transform']) retrieved from /opt/airflow/dags/dbt_dag.py
[2025-11-08T10:46:01.076+0000] {logging_mixin.py:151} INFO - [2025-11-08T10:46:01.076+0000] {dag.py:2915} INFO - Sync 1 DAGs
[2025-11-08T10:46:01.147+0000] {logging_mixin.py:151} INFO - [2025-11-08T10:46:01.146+0000] {dag.py:3696} INFO - Setting next_dagrun for dbt_transform to 2025-11-08T10:41:40.012997+00:00, run_after=2025-11-08T10:46:40.012997+00:00
[2025-11-08T10:46:01.211+0000] {processor.py:179} INFO - Processing /opt/airflow/dags/dbt_dag.py took 0.294 seconds
[2025-11-08T10:46:31.403+0000] {processor.py:157} INFO - Started process (PID=2677) to work on /opt/airflow/dags/dbt_dag.py
[2025-11-08T10:46:31.405+0000] {processor.py:829} INFO - Processing file /opt/airflow/dags/dbt_dag.py for tasks to queue
[2025-11-08T10:46:31.409+0000] {logging_mixin.py:151} INFO - [2025-11-08T10:46:31.407+0000] {dagbag.py:539} INFO - Filling up the DagBag from /opt/airflow/dags/dbt_dag.py
[2025-11-08T10:46:31.470+0000] {processor.py:839} INFO - DAG(s) dict_keys(['dbt_transform']) retrieved from /opt/airflow/dags/dbt_dag.py
[2025-11-08T10:46:31.558+0000] {logging_mixin.py:151} INFO - [2025-11-08T10:46:31.558+0000] {dag.py:2915} INFO - Sync 1 DAGs
[2025-11-08T10:46:31.620+0000] {logging_mixin.py:151} INFO - [2025-11-08T10:46:31.619+0000] {dag.py:3696} INFO - Setting next_dagrun for dbt_transform to 2025-11-08T10:41:40.012997+00:00, run_after=2025-11-08T10:46:40.012997+00:00
[2025-11-08T10:46:31.678+0000] {processor.py:179} INFO - Processing /opt/airflow/dags/dbt_dag.py took 0.291 seconds
[2025-11-08T10:47:01.867+0000] {processor.py:157} INFO - Started process (PID=2775) to work on /opt/airflow/dags/dbt_dag.py
[2025-11-08T10:47:01.869+0000] {processor.py:829} INFO - Processing file /opt/airflow/dags/dbt_dag.py for tasks to queue
[2025-11-08T10:47:01.872+0000] {logging_mixin.py:151} INFO - [2025-11-08T10:47:01.871+0000] {dagbag.py:539} INFO - Filling up the DagBag from /opt/airflow/dags/dbt_dag.py
[2025-11-08T10:47:01.919+0000] {processor.py:839} INFO - DAG(s) dict_keys(['dbt_transform']) retrieved from /opt/airflow/dags/dbt_dag.py
[2025-11-08T10:47:01.985+0000] {logging_mixin.py:151} INFO - [2025-11-08T10:47:01.984+0000] {dag.py:2915} INFO - Sync 1 DAGs
[2025-11-08T10:47:02.041+0000] {logging_mixin.py:151} INFO - [2025-11-08T10:47:02.041+0000] {dag.py:3696} INFO - Setting next_dagrun for dbt_transform to 2025-11-08T10:46:55.458860+00:00, run_after=2025-11-08T10:51:55.458860+00:00
[2025-11-08T10:47:02.095+0000] {processor.py:179} INFO - Processing /opt/airflow/dags/dbt_dag.py took 0.235 seconds
[2025-11-08T10:47:32.270+0000] {processor.py:157} INFO - Started process (PID=2793) to work on /opt/airflow/dags/dbt_dag.py
[2025-11-08T10:47:32.272+0000] {processor.py:829} INFO - Processing file /opt/airflow/dags/dbt_dag.py for tasks to queue
[2025-11-08T10:47:32.274+0000] {logging_mixin.py:151} INFO - [2025-11-08T10:47:32.273+0000] {dagbag.py:539} INFO - Filling up the DagBag from /opt/airflow/dags/dbt_dag.py
[2025-11-08T10:47:32.311+0000] {processor.py:839} INFO - DAG(s) dict_keys(['dbt_transform']) retrieved from /opt/airflow/dags/dbt_dag.py
[2025-11-08T10:47:32.391+0000] {logging_mixin.py:151} INFO - [2025-11-08T10:47:32.391+0000] {dag.py:2915} INFO - Sync 1 DAGs
[2025-11-08T10:47:32.463+0000] {logging_mixin.py:151} INFO - [2025-11-08T10:47:32.462+0000] {dag.py:3696} INFO - Setting next_dagrun for dbt_transform to 2025-11-08T10:47:07.260021+00:00, run_after=2025-11-08T10:52:07.260021+00:00
[2025-11-08T10:47:32.520+0000] {processor.py:179} INFO - Processing /opt/airflow/dags/dbt_dag.py took 0.257 seconds
[2025-11-08T10:48:02.702+0000] {processor.py:157} INFO - Started process (PID=2798) to work on /opt/airflow/dags/dbt_dag.py
[2025-11-08T10:48:02.703+0000] {processor.py:829} INFO - Processing file /opt/airflow/dags/dbt_dag.py for tasks to queue
[2025-11-08T10:48:02.706+0000] {logging_mixin.py:151} INFO - [2025-11-08T10:48:02.705+0000] {dagbag.py:539} INFO - Filling up the DagBag from /opt/airflow/dags/dbt_dag.py
[2025-11-08T10:48:02.749+0000] {processor.py:839} INFO - DAG(s) dict_keys(['dbt_transform']) retrieved from /opt/airflow/dags/dbt_dag.py
[2025-11-08T10:48:02.836+0000] {logging_mixin.py:151} INFO - [2025-11-08T10:48:02.835+0000] {dag.py:2915} INFO - Sync 1 DAGs
[2025-11-08T10:48:02.920+0000] {logging_mixin.py:151} INFO - [2025-11-08T10:48:02.919+0000] {dag.py:3696} INFO - Setting next_dagrun for dbt_transform to 2025-11-08T10:47:07.260021+00:00, run_after=2025-11-08T10:52:07.260021+00:00
[2025-11-08T10:48:02.990+0000] {processor.py:179} INFO - Processing /opt/airflow/dags/dbt_dag.py took 0.296 seconds
[2025-11-08T10:48:33.136+0000] {processor.py:157} INFO - Started process (PID=2803) to work on /opt/airflow/dags/dbt_dag.py
[2025-11-08T10:48:33.138+0000] {processor.py:829} INFO - Processing file /opt/airflow/dags/dbt_dag.py for tasks to queue
[2025-11-08T10:48:33.140+0000] {logging_mixin.py:151} INFO - [2025-11-08T10:48:33.139+0000] {dagbag.py:539} INFO - Filling up the DagBag from /opt/airflow/dags/dbt_dag.py
[2025-11-08T10:48:33.174+0000] {processor.py:839} INFO - DAG(s) dict_keys(['dbt_transform']) retrieved from /opt/airflow/dags/dbt_dag.py
[2025-11-08T10:48:33.223+0000] {logging_mixin.py:151} INFO - [2025-11-08T10:48:33.223+0000] {dag.py:2915} INFO - Sync 1 DAGs
[2025-11-08T10:48:33.256+0000] {logging_mixin.py:151} INFO - [2025-11-08T10:48:33.256+0000] {dag.py:3696} INFO - Setting next_dagrun for dbt_transform to 2025-11-08T10:47:07.260021+00:00, run_after=2025-11-08T10:52:07.260021+00:00
[2025-11-08T10:48:33.290+0000] {processor.py:179} INFO - Processing /opt/airflow/dags/dbt_dag.py took 0.160 seconds
[2025-11-08T10:49:03.684+0000] {processor.py:157} INFO - Started process (PID=2808) to work on /opt/airflow/dags/dbt_dag.py
[2025-11-08T10:49:03.686+0000] {processor.py:829} INFO - Processing file /opt/airflow/dags/dbt_dag.py for tasks to queue
[2025-11-08T10:49:03.688+0000] {logging_mixin.py:151} INFO - [2025-11-08T10:49:03.687+0000] {dagbag.py:539} INFO - Filling up the DagBag from /opt/airflow/dags/dbt_dag.py
[2025-11-08T10:49:03.739+0000] {processor.py:839} INFO - DAG(s) dict_keys(['dbt_transform']) retrieved from /opt/airflow/dags/dbt_dag.py
[2025-11-08T10:49:03.790+0000] {logging_mixin.py:151} INFO - [2025-11-08T10:49:03.789+0000] {dag.py:2915} INFO - Sync 1 DAGs
[2025-11-08T10:49:03.914+0000] {logging_mixin.py:151} INFO - [2025-11-08T10:49:03.914+0000] {dag.py:3696} INFO - Setting next_dagrun for dbt_transform to 2025-11-08T10:47:07.260021+00:00, run_after=2025-11-08T10:52:07.260021+00:00
[2025-11-08T10:49:03.964+0000] {processor.py:179} INFO - Processing /opt/airflow/dags/dbt_dag.py took 0.286 seconds
[2025-11-08T10:49:34.066+0000] {processor.py:157} INFO - Started process (PID=2813) to work on /opt/airflow/dags/dbt_dag.py
[2025-11-08T10:49:34.067+0000] {processor.py:829} INFO - Processing file /opt/airflow/dags/dbt_dag.py for tasks to queue
[2025-11-08T10:49:34.069+0000] {logging_mixin.py:151} INFO - [2025-11-08T10:49:34.068+0000] {dagbag.py:539} INFO - Filling up the DagBag from /opt/airflow/dags/dbt_dag.py
[2025-11-08T10:49:34.109+0000] {processor.py:839} INFO - DAG(s) dict_keys(['dbt_transform']) retrieved from /opt/airflow/dags/dbt_dag.py
[2025-11-08T10:49:34.169+0000] {logging_mixin.py:151} INFO - [2025-11-08T10:49:34.168+0000] {dag.py:2915} INFO - Sync 1 DAGs
[2025-11-08T10:49:34.212+0000] {logging_mixin.py:151} INFO - [2025-11-08T10:49:34.212+0000] {dag.py:3696} INFO - Setting next_dagrun for dbt_transform to 2025-11-08T10:47:07.260021+00:00, run_after=2025-11-08T10:52:07.260021+00:00
[2025-11-08T10:49:34.250+0000] {processor.py:179} INFO - Processing /opt/airflow/dags/dbt_dag.py took 0.191 seconds
[2025-11-08T10:50:04.579+0000] {processor.py:157} INFO - Started process (PID=2818) to work on /opt/airflow/dags/dbt_dag.py
[2025-11-08T10:50:04.581+0000] {processor.py:829} INFO - Processing file /opt/airflow/dags/dbt_dag.py for tasks to queue
[2025-11-08T10:50:04.582+0000] {logging_mixin.py:151} INFO - [2025-11-08T10:50:04.582+0000] {dagbag.py:539} INFO - Filling up the DagBag from /opt/airflow/dags/dbt_dag.py
[2025-11-08T10:50:04.625+0000] {processor.py:839} INFO - DAG(s) dict_keys(['dbt_transform']) retrieved from /opt/airflow/dags/dbt_dag.py
[2025-11-08T10:50:04.690+0000] {logging_mixin.py:151} INFO - [2025-11-08T10:50:04.689+0000] {dag.py:2915} INFO - Sync 1 DAGs
[2025-11-08T10:50:04.739+0000] {logging_mixin.py:151} INFO - [2025-11-08T10:50:04.738+0000] {dag.py:3696} INFO - Setting next_dagrun for dbt_transform to 2025-11-08T10:47:07.260021+00:00, run_after=2025-11-08T10:52:07.260021+00:00
[2025-11-08T10:50:04.811+0000] {processor.py:179} INFO - Processing /opt/airflow/dags/dbt_dag.py took 0.237 seconds
[2025-11-08T10:50:34.891+0000] {processor.py:157} INFO - Started process (PID=2823) to work on /opt/airflow/dags/dbt_dag.py
[2025-11-08T10:50:34.893+0000] {processor.py:829} INFO - Processing file /opt/airflow/dags/dbt_dag.py for tasks to queue
[2025-11-08T10:50:34.896+0000] {logging_mixin.py:151} INFO - [2025-11-08T10:50:34.895+0000] {dagbag.py:539} INFO - Filling up the DagBag from /opt/airflow/dags/dbt_dag.py
[2025-11-08T10:50:34.965+0000] {processor.py:839} INFO - DAG(s) dict_keys(['dbt_transform']) retrieved from /opt/airflow/dags/dbt_dag.py
[2025-11-08T10:50:35.070+0000] {logging_mixin.py:151} INFO - [2025-11-08T10:50:35.069+0000] {dag.py:2915} INFO - Sync 1 DAGs
[2025-11-08T10:50:35.151+0000] {logging_mixin.py:151} INFO - [2025-11-08T10:50:35.150+0000] {dag.py:3696} INFO - Setting next_dagrun for dbt_transform to 2025-11-08T10:47:07.260021+00:00, run_after=2025-11-08T10:52:07.260021+00:00
[2025-11-08T10:50:35.215+0000] {processor.py:179} INFO - Processing /opt/airflow/dags/dbt_dag.py took 0.330 seconds
[2025-11-08T10:51:05.415+0000] {processor.py:157} INFO - Started process (PID=2828) to work on /opt/airflow/dags/dbt_dag.py
[2025-11-08T10:51:05.417+0000] {processor.py:829} INFO - Processing file /opt/airflow/dags/dbt_dag.py for tasks to queue
[2025-11-08T10:51:05.419+0000] {logging_mixin.py:151} INFO - [2025-11-08T10:51:05.418+0000] {dagbag.py:539} INFO - Filling up the DagBag from /opt/airflow/dags/dbt_dag.py
[2025-11-08T10:51:05.468+0000] {processor.py:839} INFO - DAG(s) dict_keys(['dbt_transform']) retrieved from /opt/airflow/dags/dbt_dag.py
[2025-11-08T10:51:05.534+0000] {logging_mixin.py:151} INFO - [2025-11-08T10:51:05.533+0000] {dag.py:2915} INFO - Sync 1 DAGs
[2025-11-08T10:51:05.581+0000] {logging_mixin.py:151} INFO - [2025-11-08T10:51:05.581+0000] {dag.py:3696} INFO - Setting next_dagrun for dbt_transform to 2025-11-08T10:47:07.260021+00:00, run_after=2025-11-08T10:52:07.260021+00:00
[2025-11-08T10:51:05.633+0000] {processor.py:179} INFO - Processing /opt/airflow/dags/dbt_dag.py took 0.227 seconds
[2025-11-08T10:51:35.803+0000] {processor.py:157} INFO - Started process (PID=2833) to work on /opt/airflow/dags/dbt_dag.py
[2025-11-08T10:51:35.805+0000] {processor.py:829} INFO - Processing file /opt/airflow/dags/dbt_dag.py for tasks to queue
[2025-11-08T10:51:35.806+0000] {logging_mixin.py:151} INFO - [2025-11-08T10:51:35.806+0000] {dagbag.py:539} INFO - Filling up the DagBag from /opt/airflow/dags/dbt_dag.py
[2025-11-08T10:51:35.842+0000] {processor.py:839} INFO - DAG(s) dict_keys(['dbt_transform']) retrieved from /opt/airflow/dags/dbt_dag.py
[2025-11-08T10:51:35.912+0000] {logging_mixin.py:151} INFO - [2025-11-08T10:51:35.911+0000] {dag.py:2915} INFO - Sync 1 DAGs
[2025-11-08T10:51:35.975+0000] {logging_mixin.py:151} INFO - [2025-11-08T10:51:35.975+0000] {dag.py:3696} INFO - Setting next_dagrun for dbt_transform to 2025-11-08T10:47:07.260021+00:00, run_after=2025-11-08T10:52:07.260021+00:00
[2025-11-08T10:51:36.016+0000] {processor.py:179} INFO - Processing /opt/airflow/dags/dbt_dag.py took 0.221 seconds
[2025-11-08T10:52:06.231+0000] {processor.py:157} INFO - Started process (PID=2864) to work on /opt/airflow/dags/dbt_dag.py
[2025-11-08T10:52:06.233+0000] {processor.py:829} INFO - Processing file /opt/airflow/dags/dbt_dag.py for tasks to queue
[2025-11-08T10:52:06.236+0000] {logging_mixin.py:151} INFO - [2025-11-08T10:52:06.235+0000] {dagbag.py:539} INFO - Filling up the DagBag from /opt/airflow/dags/dbt_dag.py
[2025-11-08T10:52:06.283+0000] {processor.py:839} INFO - DAG(s) dict_keys(['dbt_transform']) retrieved from /opt/airflow/dags/dbt_dag.py
[2025-11-08T10:52:06.345+0000] {logging_mixin.py:151} INFO - [2025-11-08T10:52:06.344+0000] {dag.py:2915} INFO - Sync 1 DAGs
[2025-11-08T10:52:06.394+0000] {logging_mixin.py:151} INFO - [2025-11-08T10:52:06.393+0000] {dag.py:3696} INFO - Setting next_dagrun for dbt_transform to 2025-11-08T10:47:07.260021+00:00, run_after=2025-11-08T10:52:07.260021+00:00
[2025-11-08T10:52:06.444+0000] {processor.py:179} INFO - Processing /opt/airflow/dags/dbt_dag.py took 0.222 seconds
[2025-11-08T10:52:36.642+0000] {processor.py:157} INFO - Started process (PID=2951) to work on /opt/airflow/dags/dbt_dag.py
[2025-11-08T10:52:36.643+0000] {processor.py:829} INFO - Processing file /opt/airflow/dags/dbt_dag.py for tasks to queue
[2025-11-08T10:52:36.648+0000] {logging_mixin.py:151} INFO - [2025-11-08T10:52:36.647+0000] {dagbag.py:539} INFO - Filling up the DagBag from /opt/airflow/dags/dbt_dag.py
[2025-11-08T10:52:36.695+0000] {processor.py:839} INFO - DAG(s) dict_keys(['dbt_transform']) retrieved from /opt/airflow/dags/dbt_dag.py
[2025-11-08T10:52:36.761+0000] {logging_mixin.py:151} INFO - [2025-11-08T10:52:36.760+0000] {dag.py:2915} INFO - Sync 1 DAGs
[2025-11-08T10:52:36.810+0000] {logging_mixin.py:151} INFO - [2025-11-08T10:52:36.809+0000] {dag.py:3696} INFO - Setting next_dagrun for dbt_transform to 2025-11-08T10:52:32.550703+00:00, run_after=2025-11-08T10:57:32.550703+00:00
[2025-11-08T10:52:36.850+0000] {processor.py:179} INFO - Processing /opt/airflow/dags/dbt_dag.py took 0.219 seconds
[2025-11-08T10:53:07.038+0000] {processor.py:157} INFO - Started process (PID=2956) to work on /opt/airflow/dags/dbt_dag.py
[2025-11-08T10:53:07.040+0000] {processor.py:829} INFO - Processing file /opt/airflow/dags/dbt_dag.py for tasks to queue
[2025-11-08T10:53:07.041+0000] {logging_mixin.py:151} INFO - [2025-11-08T10:53:07.041+0000] {dagbag.py:539} INFO - Filling up the DagBag from /opt/airflow/dags/dbt_dag.py
[2025-11-08T10:53:07.083+0000] {processor.py:839} INFO - DAG(s) dict_keys(['dbt_transform']) retrieved from /opt/airflow/dags/dbt_dag.py
[2025-11-08T10:53:07.154+0000] {logging_mixin.py:151} INFO - [2025-11-08T10:53:07.153+0000] {dag.py:2915} INFO - Sync 1 DAGs
[2025-11-08T10:53:07.203+0000] {logging_mixin.py:151} INFO - [2025-11-08T10:53:07.202+0000] {dag.py:3696} INFO - Setting next_dagrun for dbt_transform to 2025-11-08T10:52:32.550703+00:00, run_after=2025-11-08T10:57:32.550703+00:00
[2025-11-08T10:53:07.266+0000] {processor.py:179} INFO - Processing /opt/airflow/dags/dbt_dag.py took 0.240 seconds
[2025-11-08T10:53:37.429+0000] {processor.py:157} INFO - Started process (PID=2961) to work on /opt/airflow/dags/dbt_dag.py
[2025-11-08T10:53:37.430+0000] {processor.py:829} INFO - Processing file /opt/airflow/dags/dbt_dag.py for tasks to queue
[2025-11-08T10:53:37.432+0000] {logging_mixin.py:151} INFO - [2025-11-08T10:53:37.432+0000] {dagbag.py:539} INFO - Filling up the DagBag from /opt/airflow/dags/dbt_dag.py
[2025-11-08T10:53:37.466+0000] {processor.py:839} INFO - DAG(s) dict_keys(['dbt_transform']) retrieved from /opt/airflow/dags/dbt_dag.py
[2025-11-08T10:53:37.524+0000] {logging_mixin.py:151} INFO - [2025-11-08T10:53:37.524+0000] {dag.py:2915} INFO - Sync 1 DAGs
[2025-11-08T10:53:37.574+0000] {logging_mixin.py:151} INFO - [2025-11-08T10:53:37.574+0000] {dag.py:3696} INFO - Setting next_dagrun for dbt_transform to 2025-11-08T10:52:32.550703+00:00, run_after=2025-11-08T10:57:32.550703+00:00
[2025-11-08T10:53:37.620+0000] {processor.py:179} INFO - Processing /opt/airflow/dags/dbt_dag.py took 0.197 seconds
[2025-11-08T10:54:07.898+0000] {processor.py:157} INFO - Started process (PID=2966) to work on /opt/airflow/dags/dbt_dag.py
[2025-11-08T10:54:07.900+0000] {processor.py:829} INFO - Processing file /opt/airflow/dags/dbt_dag.py for tasks to queue
[2025-11-08T10:54:07.902+0000] {logging_mixin.py:151} INFO - [2025-11-08T10:54:07.901+0000] {dagbag.py:539} INFO - Filling up the DagBag from /opt/airflow/dags/dbt_dag.py
[2025-11-08T10:54:07.943+0000] {processor.py:839} INFO - DAG(s) dict_keys(['dbt_transform']) retrieved from /opt/airflow/dags/dbt_dag.py
[2025-11-08T10:54:07.999+0000] {logging_mixin.py:151} INFO - [2025-11-08T10:54:07.999+0000] {dag.py:2915} INFO - Sync 1 DAGs
[2025-11-08T10:54:08.046+0000] {logging_mixin.py:151} INFO - [2025-11-08T10:54:08.046+0000] {dag.py:3696} INFO - Setting next_dagrun for dbt_transform to 2025-11-08T10:52:32.550703+00:00, run_after=2025-11-08T10:57:32.550703+00:00
[2025-11-08T10:54:08.090+0000] {processor.py:179} INFO - Processing /opt/airflow/dags/dbt_dag.py took 0.198 seconds
[2025-11-08T10:54:38.203+0000] {processor.py:157} INFO - Started process (PID=2971) to work on /opt/airflow/dags/dbt_dag.py
[2025-11-08T10:54:38.205+0000] {processor.py:829} INFO - Processing file /opt/airflow/dags/dbt_dag.py for tasks to queue
[2025-11-08T10:54:38.207+0000] {logging_mixin.py:151} INFO - [2025-11-08T10:54:38.206+0000] {dagbag.py:539} INFO - Filling up the DagBag from /opt/airflow/dags/dbt_dag.py
[2025-11-08T10:54:38.247+0000] {processor.py:839} INFO - DAG(s) dict_keys(['dbt_transform']) retrieved from /opt/airflow/dags/dbt_dag.py
[2025-11-08T10:54:38.310+0000] {logging_mixin.py:151} INFO - [2025-11-08T10:54:38.310+0000] {dag.py:2915} INFO - Sync 1 DAGs
[2025-11-08T10:54:38.369+0000] {logging_mixin.py:151} INFO - [2025-11-08T10:54:38.369+0000] {dag.py:3696} INFO - Setting next_dagrun for dbt_transform to 2025-11-08T10:52:32.550703+00:00, run_after=2025-11-08T10:57:32.550703+00:00
[2025-11-08T10:54:38.418+0000] {processor.py:179} INFO - Processing /opt/airflow/dags/dbt_dag.py took 0.222 seconds
[2025-11-08T10:55:08.682+0000] {processor.py:157} INFO - Started process (PID=2976) to work on /opt/airflow/dags/dbt_dag.py
[2025-11-08T10:55:08.684+0000] {processor.py:829} INFO - Processing file /opt/airflow/dags/dbt_dag.py for tasks to queue
[2025-11-08T10:55:08.685+0000] {logging_mixin.py:151} INFO - [2025-11-08T10:55:08.685+0000] {dagbag.py:539} INFO - Filling up the DagBag from /opt/airflow/dags/dbt_dag.py
[2025-11-08T10:55:08.721+0000] {processor.py:839} INFO - DAG(s) dict_keys(['dbt_transform']) retrieved from /opt/airflow/dags/dbt_dag.py
[2025-11-08T10:55:08.775+0000] {logging_mixin.py:151} INFO - [2025-11-08T10:55:08.774+0000] {dag.py:2915} INFO - Sync 1 DAGs
[2025-11-08T10:55:08.813+0000] {logging_mixin.py:151} INFO - [2025-11-08T10:55:08.813+0000] {dag.py:3696} INFO - Setting next_dagrun for dbt_transform to 2025-11-08T10:52:32.550703+00:00, run_after=2025-11-08T10:57:32.550703+00:00
[2025-11-08T10:55:08.857+0000] {processor.py:179} INFO - Processing /opt/airflow/dags/dbt_dag.py took 0.181 seconds
[2025-11-08T10:55:39.019+0000] {processor.py:157} INFO - Started process (PID=2981) to work on /opt/airflow/dags/dbt_dag.py
[2025-11-08T10:55:39.021+0000] {processor.py:829} INFO - Processing file /opt/airflow/dags/dbt_dag.py for tasks to queue
[2025-11-08T10:55:39.023+0000] {logging_mixin.py:151} INFO - [2025-11-08T10:55:39.022+0000] {dagbag.py:539} INFO - Filling up the DagBag from /opt/airflow/dags/dbt_dag.py
[2025-11-08T10:55:39.057+0000] {processor.py:839} INFO - DAG(s) dict_keys(['dbt_transform']) retrieved from /opt/airflow/dags/dbt_dag.py
[2025-11-08T10:55:39.116+0000] {logging_mixin.py:151} INFO - [2025-11-08T10:55:39.116+0000] {dag.py:2915} INFO - Sync 1 DAGs
[2025-11-08T10:55:39.182+0000] {logging_mixin.py:151} INFO - [2025-11-08T10:55:39.181+0000] {dag.py:3696} INFO - Setting next_dagrun for dbt_transform to 2025-11-08T10:52:32.550703+00:00, run_after=2025-11-08T10:57:32.550703+00:00
[2025-11-08T10:55:39.251+0000] {processor.py:179} INFO - Processing /opt/airflow/dags/dbt_dag.py took 0.239 seconds
[2025-11-08T10:56:09.448+0000] {processor.py:157} INFO - Started process (PID=2986) to work on /opt/airflow/dags/dbt_dag.py
[2025-11-08T10:56:09.450+0000] {processor.py:829} INFO - Processing file /opt/airflow/dags/dbt_dag.py for tasks to queue
[2025-11-08T10:56:09.452+0000] {logging_mixin.py:151} INFO - [2025-11-08T10:56:09.451+0000] {dagbag.py:539} INFO - Filling up the DagBag from /opt/airflow/dags/dbt_dag.py
[2025-11-08T10:56:09.491+0000] {processor.py:839} INFO - DAG(s) dict_keys(['dbt_transform']) retrieved from /opt/airflow/dags/dbt_dag.py
[2025-11-08T10:56:09.563+0000] {logging_mixin.py:151} INFO - [2025-11-08T10:56:09.563+0000] {dag.py:2915} INFO - Sync 1 DAGs
[2025-11-08T10:56:09.614+0000] {logging_mixin.py:151} INFO - [2025-11-08T10:56:09.614+0000] {dag.py:3696} INFO - Setting next_dagrun for dbt_transform to 2025-11-08T10:52:32.550703+00:00, run_after=2025-11-08T10:57:32.550703+00:00
[2025-11-08T10:56:09.663+0000] {processor.py:179} INFO - Processing /opt/airflow/dags/dbt_dag.py took 0.228 seconds
[2025-11-08T10:56:39.858+0000] {processor.py:157} INFO - Started process (PID=2991) to work on /opt/airflow/dags/dbt_dag.py
[2025-11-08T10:56:39.860+0000] {processor.py:829} INFO - Processing file /opt/airflow/dags/dbt_dag.py for tasks to queue
[2025-11-08T10:56:39.862+0000] {logging_mixin.py:151} INFO - [2025-11-08T10:56:39.861+0000] {dagbag.py:539} INFO - Filling up the DagBag from /opt/airflow/dags/dbt_dag.py
[2025-11-08T10:56:39.898+0000] {processor.py:839} INFO - DAG(s) dict_keys(['dbt_transform']) retrieved from /opt/airflow/dags/dbt_dag.py
[2025-11-08T10:56:39.947+0000] {logging_mixin.py:151} INFO - [2025-11-08T10:56:39.946+0000] {dag.py:2915} INFO - Sync 1 DAGs
[2025-11-08T10:56:40.019+0000] {logging_mixin.py:151} INFO - [2025-11-08T10:56:40.018+0000] {dag.py:3696} INFO - Setting next_dagrun for dbt_transform to 2025-11-08T10:52:32.550703+00:00, run_after=2025-11-08T10:57:32.550703+00:00
[2025-11-08T10:56:40.085+0000] {processor.py:179} INFO - Processing /opt/airflow/dags/dbt_dag.py took 0.233 seconds
[2025-11-08T10:57:10.334+0000] {processor.py:157} INFO - Started process (PID=2996) to work on /opt/airflow/dags/dbt_dag.py
[2025-11-08T10:57:10.336+0000] {processor.py:829} INFO - Processing file /opt/airflow/dags/dbt_dag.py for tasks to queue
[2025-11-08T10:57:10.338+0000] {logging_mixin.py:151} INFO - [2025-11-08T10:57:10.337+0000] {dagbag.py:539} INFO - Filling up the DagBag from /opt/airflow/dags/dbt_dag.py
[2025-11-08T10:57:10.376+0000] {processor.py:839} INFO - DAG(s) dict_keys(['dbt_transform']) retrieved from /opt/airflow/dags/dbt_dag.py
[2025-11-08T10:57:10.430+0000] {logging_mixin.py:151} INFO - [2025-11-08T10:57:10.430+0000] {dag.py:2915} INFO - Sync 1 DAGs
[2025-11-08T10:57:10.490+0000] {logging_mixin.py:151} INFO - [2025-11-08T10:57:10.490+0000] {dag.py:3696} INFO - Setting next_dagrun for dbt_transform to 2025-11-08T10:52:32.550703+00:00, run_after=2025-11-08T10:57:32.550703+00:00
[2025-11-08T10:57:10.545+0000] {processor.py:179} INFO - Processing /opt/airflow/dags/dbt_dag.py took 0.219 seconds
[2025-11-08T10:57:40.718+0000] {processor.py:157} INFO - Started process (PID=3072) to work on /opt/airflow/dags/dbt_dag.py
[2025-11-08T10:57:40.719+0000] {processor.py:829} INFO - Processing file /opt/airflow/dags/dbt_dag.py for tasks to queue
[2025-11-08T10:57:40.721+0000] {logging_mixin.py:151} INFO - [2025-11-08T10:57:40.720+0000] {dagbag.py:539} INFO - Filling up the DagBag from /opt/airflow/dags/dbt_dag.py
[2025-11-08T10:57:40.766+0000] {processor.py:839} INFO - DAG(s) dict_keys(['dbt_transform']) retrieved from /opt/airflow/dags/dbt_dag.py
[2025-11-08T10:57:40.840+0000] {logging_mixin.py:151} INFO - [2025-11-08T10:57:40.840+0000] {dag.py:2915} INFO - Sync 1 DAGs
[2025-11-08T10:57:40.897+0000] {logging_mixin.py:151} INFO - [2025-11-08T10:57:40.896+0000] {dag.py:3696} INFO - Setting next_dagrun for dbt_transform to 2025-11-08T10:57:37.877938+00:00, run_after=2025-11-08T11:02:37.877938+00:00
[2025-11-08T10:57:40.951+0000] {processor.py:179} INFO - Processing /opt/airflow/dags/dbt_dag.py took 0.241 seconds
[2025-11-08T10:58:11.124+0000] {processor.py:157} INFO - Started process (PID=3127) to work on /opt/airflow/dags/dbt_dag.py
[2025-11-08T10:58:11.126+0000] {processor.py:829} INFO - Processing file /opt/airflow/dags/dbt_dag.py for tasks to queue
[2025-11-08T10:58:11.127+0000] {logging_mixin.py:151} INFO - [2025-11-08T10:58:11.127+0000] {dagbag.py:539} INFO - Filling up the DagBag from /opt/airflow/dags/dbt_dag.py
[2025-11-08T10:58:11.166+0000] {processor.py:839} INFO - DAG(s) dict_keys(['dbt_transform']) retrieved from /opt/airflow/dags/dbt_dag.py
[2025-11-08T10:58:11.223+0000] {logging_mixin.py:151} INFO - [2025-11-08T10:58:11.222+0000] {dag.py:2915} INFO - Sync 1 DAGs
[2025-11-08T10:58:11.265+0000] {logging_mixin.py:151} INFO - [2025-11-08T10:58:11.264+0000] {dag.py:3696} INFO - Setting next_dagrun for dbt_transform to 2025-11-08T10:57:58.332463+00:00, run_after=2025-11-08T11:02:58.332463+00:00
[2025-11-08T10:58:11.301+0000] {processor.py:179} INFO - Processing /opt/airflow/dags/dbt_dag.py took 0.184 seconds
[2025-11-08T10:58:41.524+0000] {processor.py:157} INFO - Started process (PID=3132) to work on /opt/airflow/dags/dbt_dag.py
[2025-11-08T10:58:41.526+0000] {processor.py:829} INFO - Processing file /opt/airflow/dags/dbt_dag.py for tasks to queue
[2025-11-08T10:58:41.528+0000] {logging_mixin.py:151} INFO - [2025-11-08T10:58:41.527+0000] {dagbag.py:539} INFO - Filling up the DagBag from /opt/airflow/dags/dbt_dag.py
[2025-11-08T10:58:41.563+0000] {processor.py:839} INFO - DAG(s) dict_keys(['dbt_transform']) retrieved from /opt/airflow/dags/dbt_dag.py
[2025-11-08T10:58:41.618+0000] {logging_mixin.py:151} INFO - [2025-11-08T10:58:41.618+0000] {dag.py:2915} INFO - Sync 1 DAGs
[2025-11-08T10:58:41.660+0000] {logging_mixin.py:151} INFO - [2025-11-08T10:58:41.659+0000] {dag.py:3696} INFO - Setting next_dagrun for dbt_transform to 2025-11-08T10:57:58.332463+00:00, run_after=2025-11-08T11:02:58.332463+00:00
[2025-11-08T10:58:41.703+0000] {processor.py:179} INFO - Processing /opt/airflow/dags/dbt_dag.py took 0.186 seconds
[2025-11-08T10:59:11.853+0000] {processor.py:157} INFO - Started process (PID=3137) to work on /opt/airflow/dags/dbt_dag.py
[2025-11-08T10:59:11.855+0000] {processor.py:829} INFO - Processing file /opt/airflow/dags/dbt_dag.py for tasks to queue
[2025-11-08T10:59:11.857+0000] {logging_mixin.py:151} INFO - [2025-11-08T10:59:11.856+0000] {dagbag.py:539} INFO - Filling up the DagBag from /opt/airflow/dags/dbt_dag.py
[2025-11-08T10:59:11.894+0000] {processor.py:839} INFO - DAG(s) dict_keys(['dbt_transform']) retrieved from /opt/airflow/dags/dbt_dag.py
[2025-11-08T10:59:11.944+0000] {logging_mixin.py:151} INFO - [2025-11-08T10:59:11.943+0000] {dag.py:2915} INFO - Sync 1 DAGs
[2025-11-08T10:59:11.983+0000] {logging_mixin.py:151} INFO - [2025-11-08T10:59:11.982+0000] {dag.py:3696} INFO - Setting next_dagrun for dbt_transform to 2025-11-08T10:57:58.332463+00:00, run_after=2025-11-08T11:02:58.332463+00:00
[2025-11-08T10:59:12.017+0000] {processor.py:179} INFO - Processing /opt/airflow/dags/dbt_dag.py took 0.171 seconds
[2025-11-08T10:59:42.333+0000] {processor.py:157} INFO - Started process (PID=3142) to work on /opt/airflow/dags/dbt_dag.py
[2025-11-08T10:59:42.335+0000] {processor.py:829} INFO - Processing file /opt/airflow/dags/dbt_dag.py for tasks to queue
[2025-11-08T10:59:42.337+0000] {logging_mixin.py:151} INFO - [2025-11-08T10:59:42.336+0000] {dagbag.py:539} INFO - Filling up the DagBag from /opt/airflow/dags/dbt_dag.py
[2025-11-08T10:59:42.371+0000] {processor.py:839} INFO - DAG(s) dict_keys(['dbt_transform']) retrieved from /opt/airflow/dags/dbt_dag.py
[2025-11-08T10:59:42.418+0000] {logging_mixin.py:151} INFO - [2025-11-08T10:59:42.418+0000] {dag.py:2915} INFO - Sync 1 DAGs
[2025-11-08T10:59:42.455+0000] {logging_mixin.py:151} INFO - [2025-11-08T10:59:42.454+0000] {dag.py:3696} INFO - Setting next_dagrun for dbt_transform to 2025-11-08T10:57:58.332463+00:00, run_after=2025-11-08T11:02:58.332463+00:00
[2025-11-08T10:59:42.491+0000] {processor.py:179} INFO - Processing /opt/airflow/dags/dbt_dag.py took 0.165 seconds
[2025-11-08T11:00:12.637+0000] {processor.py:157} INFO - Started process (PID=3147) to work on /opt/airflow/dags/dbt_dag.py
[2025-11-08T11:00:12.639+0000] {processor.py:829} INFO - Processing file /opt/airflow/dags/dbt_dag.py for tasks to queue
[2025-11-08T11:00:12.640+0000] {logging_mixin.py:151} INFO - [2025-11-08T11:00:12.640+0000] {dagbag.py:539} INFO - Filling up the DagBag from /opt/airflow/dags/dbt_dag.py
[2025-11-08T11:00:12.680+0000] {processor.py:839} INFO - DAG(s) dict_keys(['dbt_transform']) retrieved from /opt/airflow/dags/dbt_dag.py
[2025-11-08T11:00:12.745+0000] {logging_mixin.py:151} INFO - [2025-11-08T11:00:12.745+0000] {dag.py:2915} INFO - Sync 1 DAGs
[2025-11-08T11:00:12.792+0000] {logging_mixin.py:151} INFO - [2025-11-08T11:00:12.792+0000] {dag.py:3696} INFO - Setting next_dagrun for dbt_transform to 2025-11-08T10:57:58.332463+00:00, run_after=2025-11-08T11:02:58.332463+00:00
[2025-11-08T11:00:12.850+0000] {processor.py:179} INFO - Processing /opt/airflow/dags/dbt_dag.py took 0.220 seconds
[2025-11-08T11:00:43.011+0000] {processor.py:157} INFO - Started process (PID=3152) to work on /opt/airflow/dags/dbt_dag.py
[2025-11-08T11:00:43.012+0000] {processor.py:829} INFO - Processing file /opt/airflow/dags/dbt_dag.py for tasks to queue
[2025-11-08T11:00:43.014+0000] {logging_mixin.py:151} INFO - [2025-11-08T11:00:43.013+0000] {dagbag.py:539} INFO - Filling up the DagBag from /opt/airflow/dags/dbt_dag.py
[2025-11-08T11:00:43.038+0000] {processor.py:839} INFO - DAG(s) dict_keys(['dbt_transform']) retrieved from /opt/airflow/dags/dbt_dag.py
[2025-11-08T11:00:43.079+0000] {logging_mixin.py:151} INFO - [2025-11-08T11:00:43.079+0000] {dag.py:2915} INFO - Sync 1 DAGs
[2025-11-08T11:00:43.109+0000] {logging_mixin.py:151} INFO - [2025-11-08T11:00:43.109+0000] {dag.py:3696} INFO - Setting next_dagrun for dbt_transform to 2025-11-08T10:57:58.332463+00:00, run_after=2025-11-08T11:02:58.332463+00:00
[2025-11-08T11:00:43.135+0000] {processor.py:179} INFO - Processing /opt/airflow/dags/dbt_dag.py took 0.128 seconds
[2025-11-08T11:01:13.300+0000] {processor.py:157} INFO - Started process (PID=3157) to work on /opt/airflow/dags/dbt_dag.py
[2025-11-08T11:01:13.301+0000] {processor.py:829} INFO - Processing file /opt/airflow/dags/dbt_dag.py for tasks to queue
[2025-11-08T11:01:13.302+0000] {logging_mixin.py:151} INFO - [2025-11-08T11:01:13.302+0000] {dagbag.py:539} INFO - Filling up the DagBag from /opt/airflow/dags/dbt_dag.py
[2025-11-08T11:01:13.359+0000] {processor.py:839} INFO - DAG(s) dict_keys(['dbt_transform']) retrieved from /opt/airflow/dags/dbt_dag.py
[2025-11-08T11:01:13.418+0000] {logging_mixin.py:151} INFO - [2025-11-08T11:01:13.418+0000] {dag.py:2915} INFO - Sync 1 DAGs
[2025-11-08T11:01:13.448+0000] {logging_mixin.py:151} INFO - [2025-11-08T11:01:13.447+0000] {dag.py:3696} INFO - Setting next_dagrun for dbt_transform to 2025-11-08T10:57:58.332463+00:00, run_after=2025-11-08T11:02:58.332463+00:00
[2025-11-08T11:01:13.473+0000] {processor.py:179} INFO - Processing /opt/airflow/dags/dbt_dag.py took 0.179 seconds
[2025-11-08T11:01:43.552+0000] {processor.py:157} INFO - Started process (PID=3162) to work on /opt/airflow/dags/dbt_dag.py
[2025-11-08T11:01:43.554+0000] {processor.py:829} INFO - Processing file /opt/airflow/dags/dbt_dag.py for tasks to queue
[2025-11-08T11:01:43.555+0000] {logging_mixin.py:151} INFO - [2025-11-08T11:01:43.555+0000] {dagbag.py:539} INFO - Filling up the DagBag from /opt/airflow/dags/dbt_dag.py
[2025-11-08T11:01:43.592+0000] {processor.py:839} INFO - DAG(s) dict_keys(['dbt_transform']) retrieved from /opt/airflow/dags/dbt_dag.py
[2025-11-08T11:01:43.641+0000] {logging_mixin.py:151} INFO - [2025-11-08T11:01:43.640+0000] {dag.py:2915} INFO - Sync 1 DAGs
[2025-11-08T11:01:43.674+0000] {logging_mixin.py:151} INFO - [2025-11-08T11:01:43.674+0000] {dag.py:3696} INFO - Setting next_dagrun for dbt_transform to 2025-11-08T10:57:58.332463+00:00, run_after=2025-11-08T11:02:58.332463+00:00
[2025-11-08T11:01:43.705+0000] {processor.py:179} INFO - Processing /opt/airflow/dags/dbt_dag.py took 0.159 seconds
[2025-11-08T11:02:14.460+0000] {processor.py:157} INFO - Started process (PID=3167) to work on /opt/airflow/dags/dbt_dag.py
[2025-11-08T11:02:14.462+0000] {processor.py:829} INFO - Processing file /opt/airflow/dags/dbt_dag.py for tasks to queue
[2025-11-08T11:02:14.465+0000] {logging_mixin.py:151} INFO - [2025-11-08T11:02:14.464+0000] {dagbag.py:539} INFO - Filling up the DagBag from /opt/airflow/dags/dbt_dag.py
[2025-11-08T11:02:14.502+0000] {processor.py:839} INFO - DAG(s) dict_keys(['dbt_transform']) retrieved from /opt/airflow/dags/dbt_dag.py
[2025-11-08T11:02:14.546+0000] {logging_mixin.py:151} INFO - [2025-11-08T11:02:14.545+0000] {dag.py:2915} INFO - Sync 1 DAGs
[2025-11-08T11:02:14.579+0000] {logging_mixin.py:151} INFO - [2025-11-08T11:02:14.579+0000] {dag.py:3696} INFO - Setting next_dagrun for dbt_transform to 2025-11-08T10:57:58.332463+00:00, run_after=2025-11-08T11:02:58.332463+00:00
[2025-11-08T11:02:14.607+0000] {processor.py:179} INFO - Processing /opt/airflow/dags/dbt_dag.py took 0.156 seconds
[2025-11-08T11:02:44.702+0000] {processor.py:157} INFO - Started process (PID=3174) to work on /opt/airflow/dags/dbt_dag.py
[2025-11-08T11:02:44.703+0000] {processor.py:829} INFO - Processing file /opt/airflow/dags/dbt_dag.py for tasks to queue
[2025-11-08T11:02:44.705+0000] {logging_mixin.py:151} INFO - [2025-11-08T11:02:44.704+0000] {dagbag.py:539} INFO - Filling up the DagBag from /opt/airflow/dags/dbt_dag.py
[2025-11-08T11:02:44.735+0000] {processor.py:839} INFO - DAG(s) dict_keys(['dbt_transform']) retrieved from /opt/airflow/dags/dbt_dag.py
[2025-11-08T11:02:44.777+0000] {logging_mixin.py:151} INFO - [2025-11-08T11:02:44.776+0000] {dag.py:2915} INFO - Sync 1 DAGs
[2025-11-08T11:02:44.808+0000] {logging_mixin.py:151} INFO - [2025-11-08T11:02:44.807+0000] {dag.py:3696} INFO - Setting next_dagrun for dbt_transform to 2025-11-08T10:57:58.332463+00:00, run_after=2025-11-08T11:02:58.332463+00:00
[2025-11-08T11:02:44.834+0000] {processor.py:179} INFO - Processing /opt/airflow/dags/dbt_dag.py took 0.138 seconds
[2025-11-08T11:03:15.011+0000] {processor.py:157} INFO - Started process (PID=3285) to work on /opt/airflow/dags/dbt_dag.py
[2025-11-08T11:03:15.013+0000] {processor.py:829} INFO - Processing file /opt/airflow/dags/dbt_dag.py for tasks to queue
[2025-11-08T11:03:15.014+0000] {logging_mixin.py:151} INFO - [2025-11-08T11:03:15.014+0000] {dagbag.py:539} INFO - Filling up the DagBag from /opt/airflow/dags/dbt_dag.py
[2025-11-08T11:03:15.049+0000] {processor.py:839} INFO - DAG(s) dict_keys(['dbt_transform']) retrieved from /opt/airflow/dags/dbt_dag.py
[2025-11-08T11:03:15.086+0000] {logging_mixin.py:151} INFO - [2025-11-08T11:03:15.085+0000] {dag.py:2915} INFO - Sync 1 DAGs
[2025-11-08T11:03:15.110+0000] {logging_mixin.py:151} INFO - [2025-11-08T11:03:15.110+0000] {dag.py:3696} INFO - Setting next_dagrun for dbt_transform to 2025-11-08T11:03:05.592766+00:00, run_after=2025-11-08T11:08:05.592766+00:00
[2025-11-08T11:03:15.135+0000] {processor.py:179} INFO - Processing /opt/airflow/dags/dbt_dag.py took 0.129 seconds
[2025-11-08T11:03:45.208+0000] {processor.py:157} INFO - Started process (PID=3303) to work on /opt/airflow/dags/dbt_dag.py
[2025-11-08T11:03:45.209+0000] {processor.py:829} INFO - Processing file /opt/airflow/dags/dbt_dag.py for tasks to queue
[2025-11-08T11:03:45.211+0000] {logging_mixin.py:151} INFO - [2025-11-08T11:03:45.210+0000] {dagbag.py:539} INFO - Filling up the DagBag from /opt/airflow/dags/dbt_dag.py
[2025-11-08T11:03:45.236+0000] {processor.py:839} INFO - DAG(s) dict_keys(['dbt_transform']) retrieved from /opt/airflow/dags/dbt_dag.py
[2025-11-08T11:03:45.274+0000] {logging_mixin.py:151} INFO - [2025-11-08T11:03:45.274+0000] {dag.py:2915} INFO - Sync 1 DAGs
[2025-11-08T11:03:45.298+0000] {logging_mixin.py:151} INFO - [2025-11-08T11:03:45.298+0000] {dag.py:3696} INFO - Setting next_dagrun for dbt_transform to 2025-11-08T11:03:18.918937+00:00, run_after=2025-11-08T11:08:18.918937+00:00
[2025-11-08T11:03:45.323+0000] {processor.py:179} INFO - Processing /opt/airflow/dags/dbt_dag.py took 0.119 seconds
[2025-11-08T11:04:15.532+0000] {processor.py:157} INFO - Started process (PID=3308) to work on /opt/airflow/dags/dbt_dag.py
[2025-11-08T11:04:15.533+0000] {processor.py:829} INFO - Processing file /opt/airflow/dags/dbt_dag.py for tasks to queue
[2025-11-08T11:04:15.534+0000] {logging_mixin.py:151} INFO - [2025-11-08T11:04:15.534+0000] {dagbag.py:539} INFO - Filling up the DagBag from /opt/airflow/dags/dbt_dag.py
[2025-11-08T11:04:15.559+0000] {processor.py:839} INFO - DAG(s) dict_keys(['dbt_transform']) retrieved from /opt/airflow/dags/dbt_dag.py
[2025-11-08T11:04:15.591+0000] {logging_mixin.py:151} INFO - [2025-11-08T11:04:15.591+0000] {dag.py:2915} INFO - Sync 1 DAGs
[2025-11-08T11:04:15.645+0000] {logging_mixin.py:151} INFO - [2025-11-08T11:04:15.644+0000] {dag.py:3696} INFO - Setting next_dagrun for dbt_transform to 2025-11-08T11:03:18.918937+00:00, run_after=2025-11-08T11:08:18.918937+00:00
[2025-11-08T11:04:15.669+0000] {processor.py:179} INFO - Processing /opt/airflow/dags/dbt_dag.py took 0.141 seconds
[2025-11-08T11:04:45.760+0000] {processor.py:157} INFO - Started process (PID=3313) to work on /opt/airflow/dags/dbt_dag.py
[2025-11-08T11:04:45.762+0000] {processor.py:829} INFO - Processing file /opt/airflow/dags/dbt_dag.py for tasks to queue
[2025-11-08T11:04:45.763+0000] {logging_mixin.py:151} INFO - [2025-11-08T11:04:45.763+0000] {dagbag.py:539} INFO - Filling up the DagBag from /opt/airflow/dags/dbt_dag.py
[2025-11-08T11:04:45.790+0000] {processor.py:839} INFO - DAG(s) dict_keys(['dbt_transform']) retrieved from /opt/airflow/dags/dbt_dag.py
[2025-11-08T11:04:45.828+0000] {logging_mixin.py:151} INFO - [2025-11-08T11:04:45.827+0000] {dag.py:2915} INFO - Sync 1 DAGs
[2025-11-08T11:04:45.857+0000] {logging_mixin.py:151} INFO - [2025-11-08T11:04:45.857+0000] {dag.py:3696} INFO - Setting next_dagrun for dbt_transform to 2025-11-08T11:03:18.918937+00:00, run_after=2025-11-08T11:08:18.918937+00:00
[2025-11-08T11:04:45.884+0000] {processor.py:179} INFO - Processing /opt/airflow/dags/dbt_dag.py took 0.129 seconds
[2025-11-08T11:05:16.097+0000] {processor.py:157} INFO - Started process (PID=3318) to work on /opt/airflow/dags/dbt_dag.py
[2025-11-08T11:05:16.098+0000] {processor.py:829} INFO - Processing file /opt/airflow/dags/dbt_dag.py for tasks to queue
[2025-11-08T11:05:16.099+0000] {logging_mixin.py:151} INFO - [2025-11-08T11:05:16.099+0000] {dagbag.py:539} INFO - Filling up the DagBag from /opt/airflow/dags/dbt_dag.py
[2025-11-08T11:05:16.127+0000] {processor.py:839} INFO - DAG(s) dict_keys(['dbt_transform']) retrieved from /opt/airflow/dags/dbt_dag.py
[2025-11-08T11:05:16.168+0000] {logging_mixin.py:151} INFO - [2025-11-08T11:05:16.167+0000] {dag.py:2915} INFO - Sync 1 DAGs
[2025-11-08T11:05:16.196+0000] {logging_mixin.py:151} INFO - [2025-11-08T11:05:16.196+0000] {dag.py:3696} INFO - Setting next_dagrun for dbt_transform to 2025-11-08T11:03:18.918937+00:00, run_after=2025-11-08T11:08:18.918937+00:00
[2025-11-08T11:05:16.220+0000] {processor.py:179} INFO - Processing /opt/airflow/dags/dbt_dag.py took 0.127 seconds
[2025-11-08T11:05:46.288+0000] {processor.py:157} INFO - Started process (PID=3323) to work on /opt/airflow/dags/dbt_dag.py
[2025-11-08T11:05:46.289+0000] {processor.py:829} INFO - Processing file /opt/airflow/dags/dbt_dag.py for tasks to queue
[2025-11-08T11:05:46.290+0000] {logging_mixin.py:151} INFO - [2025-11-08T11:05:46.290+0000] {dagbag.py:539} INFO - Filling up the DagBag from /opt/airflow/dags/dbt_dag.py
[2025-11-08T11:05:46.317+0000] {processor.py:839} INFO - DAG(s) dict_keys(['dbt_transform']) retrieved from /opt/airflow/dags/dbt_dag.py
[2025-11-08T11:05:46.358+0000] {logging_mixin.py:151} INFO - [2025-11-08T11:05:46.358+0000] {dag.py:2915} INFO - Sync 1 DAGs
[2025-11-08T11:05:46.385+0000] {logging_mixin.py:151} INFO - [2025-11-08T11:05:46.385+0000] {dag.py:3696} INFO - Setting next_dagrun for dbt_transform to 2025-11-08T11:03:18.918937+00:00, run_after=2025-11-08T11:08:18.918937+00:00
[2025-11-08T11:05:46.409+0000] {processor.py:179} INFO - Processing /opt/airflow/dags/dbt_dag.py took 0.126 seconds
[2025-11-08T11:16:27.536+0000] {processor.py:157} INFO - Started process (PID=3329) to work on /opt/airflow/dags/dbt_dag.py
[2025-11-08T11:16:27.545+0000] {processor.py:829} INFO - Processing file /opt/airflow/dags/dbt_dag.py for tasks to queue
[2025-11-08T11:16:27.575+0000] {logging_mixin.py:151} INFO - [2025-11-08T11:16:27.564+0000] {dagbag.py:539} INFO - Filling up the DagBag from /opt/airflow/dags/dbt_dag.py
[2025-11-08T11:16:28.286+0000] {processor.py:839} INFO - DAG(s) dict_keys(['dbt_transform']) retrieved from /opt/airflow/dags/dbt_dag.py
[2025-11-08T11:16:28.645+0000] {logging_mixin.py:151} INFO - [2025-11-08T11:16:28.644+0000] {dag.py:2915} INFO - Sync 1 DAGs
[2025-11-08T11:16:29.020+0000] {logging_mixin.py:151} INFO - [2025-11-08T11:16:29.019+0000] {dag.py:3696} INFO - Setting next_dagrun for dbt_transform to 2025-11-08T11:16:23.475480+00:00, run_after=2025-11-08T11:21:23.475480+00:00
[2025-11-08T11:16:29.139+0000] {processor.py:179} INFO - Processing /opt/airflow/dags/dbt_dag.py took 1.820 seconds
[2025-11-08T11:16:59.616+0000] {processor.py:157} INFO - Started process (PID=3432) to work on /opt/airflow/dags/dbt_dag.py
[2025-11-08T11:16:59.618+0000] {processor.py:829} INFO - Processing file /opt/airflow/dags/dbt_dag.py for tasks to queue
[2025-11-08T11:16:59.619+0000] {logging_mixin.py:151} INFO - [2025-11-08T11:16:59.618+0000] {dagbag.py:539} INFO - Filling up the DagBag from /opt/airflow/dags/dbt_dag.py
[2025-11-08T11:16:59.644+0000] {processor.py:839} INFO - DAG(s) dict_keys(['dbt_transform']) retrieved from /opt/airflow/dags/dbt_dag.py
[2025-11-08T11:16:59.691+0000] {logging_mixin.py:151} INFO - [2025-11-08T11:16:59.690+0000] {dag.py:2915} INFO - Sync 1 DAGs
[2025-11-08T11:16:59.722+0000] {logging_mixin.py:151} INFO - [2025-11-08T11:16:59.721+0000] {dag.py:3696} INFO - Setting next_dagrun for dbt_transform to 2025-11-08T11:16:50.448026+00:00, run_after=2025-11-08T11:21:50.448026+00:00
[2025-11-08T11:16:59.762+0000] {processor.py:179} INFO - Processing /opt/airflow/dags/dbt_dag.py took 0.150 seconds
[2025-11-08T11:17:29.873+0000] {processor.py:157} INFO - Started process (PID=3437) to work on /opt/airflow/dags/dbt_dag.py
[2025-11-08T11:17:29.875+0000] {processor.py:829} INFO - Processing file /opt/airflow/dags/dbt_dag.py for tasks to queue
[2025-11-08T11:17:29.877+0000] {logging_mixin.py:151} INFO - [2025-11-08T11:17:29.876+0000] {dagbag.py:539} INFO - Filling up the DagBag from /opt/airflow/dags/dbt_dag.py
[2025-11-08T11:17:29.934+0000] {processor.py:839} INFO - DAG(s) dict_keys(['dbt_transform']) retrieved from /opt/airflow/dags/dbt_dag.py
[2025-11-08T11:17:30.008+0000] {logging_mixin.py:151} INFO - [2025-11-08T11:17:30.007+0000] {dag.py:2915} INFO - Sync 1 DAGs
[2025-11-08T11:17:30.093+0000] {logging_mixin.py:151} INFO - [2025-11-08T11:17:30.092+0000] {dag.py:3696} INFO - Setting next_dagrun for dbt_transform to 2025-11-08T11:16:50.448026+00:00, run_after=2025-11-08T11:21:50.448026+00:00
[2025-11-08T11:17:30.146+0000] {processor.py:179} INFO - Processing /opt/airflow/dags/dbt_dag.py took 0.288 seconds
[2025-11-08T11:18:00.380+0000] {processor.py:157} INFO - Started process (PID=3442) to work on /opt/airflow/dags/dbt_dag.py
[2025-11-08T11:18:00.382+0000] {processor.py:829} INFO - Processing file /opt/airflow/dags/dbt_dag.py for tasks to queue
[2025-11-08T11:18:00.383+0000] {logging_mixin.py:151} INFO - [2025-11-08T11:18:00.382+0000] {dagbag.py:539} INFO - Filling up the DagBag from /opt/airflow/dags/dbt_dag.py
[2025-11-08T11:18:00.410+0000] {processor.py:839} INFO - DAG(s) dict_keys(['dbt_transform']) retrieved from /opt/airflow/dags/dbt_dag.py
[2025-11-08T11:18:00.454+0000] {logging_mixin.py:151} INFO - [2025-11-08T11:18:00.453+0000] {dag.py:2915} INFO - Sync 1 DAGs
[2025-11-08T11:18:00.489+0000] {logging_mixin.py:151} INFO - [2025-11-08T11:18:00.489+0000] {dag.py:3696} INFO - Setting next_dagrun for dbt_transform to 2025-11-08T11:16:50.448026+00:00, run_after=2025-11-08T11:21:50.448026+00:00
[2025-11-08T11:18:00.518+0000] {processor.py:179} INFO - Processing /opt/airflow/dags/dbt_dag.py took 0.144 seconds
[2025-11-08T11:18:30.711+0000] {processor.py:157} INFO - Started process (PID=3447) to work on /opt/airflow/dags/dbt_dag.py
[2025-11-08T11:18:30.711+0000] {processor.py:829} INFO - Processing file /opt/airflow/dags/dbt_dag.py for tasks to queue
[2025-11-08T11:18:30.712+0000] {logging_mixin.py:151} INFO - [2025-11-08T11:18:30.712+0000] {dagbag.py:539} INFO - Filling up the DagBag from /opt/airflow/dags/dbt_dag.py
[2025-11-08T11:18:30.736+0000] {processor.py:839} INFO - DAG(s) dict_keys(['dbt_transform']) retrieved from /opt/airflow/dags/dbt_dag.py
[2025-11-08T11:18:30.772+0000] {logging_mixin.py:151} INFO - [2025-11-08T11:18:30.772+0000] {dag.py:2915} INFO - Sync 1 DAGs
[2025-11-08T11:18:30.797+0000] {logging_mixin.py:151} INFO - [2025-11-08T11:18:30.796+0000] {dag.py:3696} INFO - Setting next_dagrun for dbt_transform to 2025-11-08T11:16:50.448026+00:00, run_after=2025-11-08T11:21:50.448026+00:00
[2025-11-08T11:18:30.823+0000] {processor.py:179} INFO - Processing /opt/airflow/dags/dbt_dag.py took 0.116 seconds
[2025-11-08T11:19:00.922+0000] {processor.py:157} INFO - Started process (PID=3452) to work on /opt/airflow/dags/dbt_dag.py
[2025-11-08T11:19:00.923+0000] {processor.py:829} INFO - Processing file /opt/airflow/dags/dbt_dag.py for tasks to queue
[2025-11-08T11:19:00.924+0000] {logging_mixin.py:151} INFO - [2025-11-08T11:19:00.924+0000] {dagbag.py:539} INFO - Filling up the DagBag from /opt/airflow/dags/dbt_dag.py
[2025-11-08T11:19:00.948+0000] {processor.py:839} INFO - DAG(s) dict_keys(['dbt_transform']) retrieved from /opt/airflow/dags/dbt_dag.py
[2025-11-08T11:19:00.985+0000] {logging_mixin.py:151} INFO - [2025-11-08T11:19:00.985+0000] {dag.py:2915} INFO - Sync 1 DAGs
[2025-11-08T11:19:01.014+0000] {logging_mixin.py:151} INFO - [2025-11-08T11:19:01.013+0000] {dag.py:3696} INFO - Setting next_dagrun for dbt_transform to 2025-11-08T11:16:50.448026+00:00, run_after=2025-11-08T11:21:50.448026+00:00
[2025-11-08T11:19:01.036+0000] {processor.py:179} INFO - Processing /opt/airflow/dags/dbt_dag.py took 0.119 seconds
[2025-11-08T11:19:31.184+0000] {processor.py:157} INFO - Started process (PID=3457) to work on /opt/airflow/dags/dbt_dag.py
[2025-11-08T11:19:31.185+0000] {processor.py:829} INFO - Processing file /opt/airflow/dags/dbt_dag.py for tasks to queue
[2025-11-08T11:19:31.186+0000] {logging_mixin.py:151} INFO - [2025-11-08T11:19:31.186+0000] {dagbag.py:539} INFO - Filling up the DagBag from /opt/airflow/dags/dbt_dag.py
[2025-11-08T11:19:31.214+0000] {processor.py:839} INFO - DAG(s) dict_keys(['dbt_transform']) retrieved from /opt/airflow/dags/dbt_dag.py
[2025-11-08T11:19:31.250+0000] {logging_mixin.py:151} INFO - [2025-11-08T11:19:31.250+0000] {dag.py:2915} INFO - Sync 1 DAGs
[2025-11-08T11:19:31.282+0000] {logging_mixin.py:151} INFO - [2025-11-08T11:19:31.281+0000] {dag.py:3696} INFO - Setting next_dagrun for dbt_transform to 2025-11-08T11:16:50.448026+00:00, run_after=2025-11-08T11:21:50.448026+00:00
[2025-11-08T11:19:31.307+0000] {processor.py:179} INFO - Processing /opt/airflow/dags/dbt_dag.py took 0.127 seconds
[2025-11-08T11:20:01.406+0000] {processor.py:157} INFO - Started process (PID=3462) to work on /opt/airflow/dags/dbt_dag.py
[2025-11-08T11:20:01.407+0000] {processor.py:829} INFO - Processing file /opt/airflow/dags/dbt_dag.py for tasks to queue
[2025-11-08T11:20:01.408+0000] {logging_mixin.py:151} INFO - [2025-11-08T11:20:01.407+0000] {dagbag.py:539} INFO - Filling up the DagBag from /opt/airflow/dags/dbt_dag.py
[2025-11-08T11:20:01.434+0000] {processor.py:839} INFO - DAG(s) dict_keys(['dbt_transform']) retrieved from /opt/airflow/dags/dbt_dag.py
[2025-11-08T11:20:01.469+0000] {logging_mixin.py:151} INFO - [2025-11-08T11:20:01.469+0000] {dag.py:2915} INFO - Sync 1 DAGs
[2025-11-08T11:20:01.500+0000] {logging_mixin.py:151} INFO - [2025-11-08T11:20:01.499+0000] {dag.py:3696} INFO - Setting next_dagrun for dbt_transform to 2025-11-08T11:16:50.448026+00:00, run_after=2025-11-08T11:21:50.448026+00:00
[2025-11-08T11:20:01.522+0000] {processor.py:179} INFO - Processing /opt/airflow/dags/dbt_dag.py took 0.120 seconds
[2025-11-08T11:20:31.698+0000] {processor.py:157} INFO - Started process (PID=3467) to work on /opt/airflow/dags/dbt_dag.py
[2025-11-08T11:20:31.700+0000] {processor.py:829} INFO - Processing file /opt/airflow/dags/dbt_dag.py for tasks to queue
[2025-11-08T11:20:31.701+0000] {logging_mixin.py:151} INFO - [2025-11-08T11:20:31.701+0000] {dagbag.py:539} INFO - Filling up the DagBag from /opt/airflow/dags/dbt_dag.py
[2025-11-08T11:20:31.722+0000] {processor.py:839} INFO - DAG(s) dict_keys(['dbt_transform']) retrieved from /opt/airflow/dags/dbt_dag.py
[2025-11-08T11:20:31.754+0000] {logging_mixin.py:151} INFO - [2025-11-08T11:20:31.754+0000] {dag.py:2915} INFO - Sync 1 DAGs
[2025-11-08T11:20:31.783+0000] {logging_mixin.py:151} INFO - [2025-11-08T11:20:31.783+0000] {dag.py:3696} INFO - Setting next_dagrun for dbt_transform to 2025-11-08T11:16:50.448026+00:00, run_after=2025-11-08T11:21:50.448026+00:00
[2025-11-08T11:20:31.817+0000] {processor.py:179} INFO - Processing /opt/airflow/dags/dbt_dag.py took 0.124 seconds
[2025-11-08T11:21:01.899+0000] {processor.py:157} INFO - Started process (PID=3472) to work on /opt/airflow/dags/dbt_dag.py
[2025-11-08T11:21:01.900+0000] {processor.py:829} INFO - Processing file /opt/airflow/dags/dbt_dag.py for tasks to queue
[2025-11-08T11:21:01.902+0000] {logging_mixin.py:151} INFO - [2025-11-08T11:21:01.902+0000] {dagbag.py:539} INFO - Filling up the DagBag from /opt/airflow/dags/dbt_dag.py
[2025-11-08T11:21:01.926+0000] {processor.py:839} INFO - DAG(s) dict_keys(['dbt_transform']) retrieved from /opt/airflow/dags/dbt_dag.py
[2025-11-08T11:21:01.964+0000] {logging_mixin.py:151} INFO - [2025-11-08T11:21:01.964+0000] {dag.py:2915} INFO - Sync 1 DAGs
[2025-11-08T11:21:01.993+0000] {logging_mixin.py:151} INFO - [2025-11-08T11:21:01.993+0000] {dag.py:3696} INFO - Setting next_dagrun for dbt_transform to 2025-11-08T11:16:50.448026+00:00, run_after=2025-11-08T11:21:50.448026+00:00
[2025-11-08T11:21:02.018+0000] {processor.py:179} INFO - Processing /opt/airflow/dags/dbt_dag.py took 0.126 seconds
[2025-11-08T11:21:32.225+0000] {processor.py:157} INFO - Started process (PID=3477) to work on /opt/airflow/dags/dbt_dag.py
[2025-11-08T11:21:32.227+0000] {processor.py:829} INFO - Processing file /opt/airflow/dags/dbt_dag.py for tasks to queue
[2025-11-08T11:21:32.228+0000] {logging_mixin.py:151} INFO - [2025-11-08T11:21:32.228+0000] {dagbag.py:539} INFO - Filling up the DagBag from /opt/airflow/dags/dbt_dag.py
[2025-11-08T11:21:32.256+0000] {processor.py:839} INFO - DAG(s) dict_keys(['dbt_transform']) retrieved from /opt/airflow/dags/dbt_dag.py
[2025-11-08T11:21:32.291+0000] {logging_mixin.py:151} INFO - [2025-11-08T11:21:32.291+0000] {dag.py:2915} INFO - Sync 1 DAGs
[2025-11-08T11:21:32.320+0000] {logging_mixin.py:151} INFO - [2025-11-08T11:21:32.320+0000] {dag.py:3696} INFO - Setting next_dagrun for dbt_transform to 2025-11-08T11:16:50.448026+00:00, run_after=2025-11-08T11:21:50.448026+00:00
[2025-11-08T11:21:32.349+0000] {processor.py:179} INFO - Processing /opt/airflow/dags/dbt_dag.py took 0.127 seconds
[2025-11-08T11:22:02.440+0000] {processor.py:157} INFO - Started process (PID=3562) to work on /opt/airflow/dags/dbt_dag.py
[2025-11-08T11:22:02.441+0000] {processor.py:829} INFO - Processing file /opt/airflow/dags/dbt_dag.py for tasks to queue
[2025-11-08T11:22:02.442+0000] {logging_mixin.py:151} INFO - [2025-11-08T11:22:02.442+0000] {dagbag.py:539} INFO - Filling up the DagBag from /opt/airflow/dags/dbt_dag.py
[2025-11-08T11:22:02.475+0000] {processor.py:839} INFO - DAG(s) dict_keys(['dbt_transform']) retrieved from /opt/airflow/dags/dbt_dag.py
[2025-11-08T11:22:02.534+0000] {logging_mixin.py:151} INFO - [2025-11-08T11:22:02.534+0000] {dag.py:2915} INFO - Sync 1 DAGs
[2025-11-08T11:22:02.569+0000] {logging_mixin.py:151} INFO - [2025-11-08T11:22:02.569+0000] {dag.py:3696} INFO - Setting next_dagrun for dbt_transform to 2025-11-08T11:21:57.624931+00:00, run_after=2025-11-08T11:26:57.624931+00:00
[2025-11-08T11:22:02.600+0000] {processor.py:179} INFO - Processing /opt/airflow/dags/dbt_dag.py took 0.167 seconds
[2025-11-08T11:22:32.745+0000] {processor.py:157} INFO - Started process (PID=3580) to work on /opt/airflow/dags/dbt_dag.py
[2025-11-08T11:22:32.746+0000] {processor.py:829} INFO - Processing file /opt/airflow/dags/dbt_dag.py for tasks to queue
[2025-11-08T11:22:32.747+0000] {logging_mixin.py:151} INFO - [2025-11-08T11:22:32.747+0000] {dagbag.py:539} INFO - Filling up the DagBag from /opt/airflow/dags/dbt_dag.py
[2025-11-08T11:22:32.772+0000] {processor.py:839} INFO - DAG(s) dict_keys(['dbt_transform']) retrieved from /opt/airflow/dags/dbt_dag.py
[2025-11-08T11:22:32.812+0000] {logging_mixin.py:151} INFO - [2025-11-08T11:22:32.812+0000] {dag.py:2915} INFO - Sync 1 DAGs
[2025-11-08T11:22:32.841+0000] {logging_mixin.py:151} INFO - [2025-11-08T11:22:32.841+0000] {dag.py:3696} INFO - Setting next_dagrun for dbt_transform to 2025-11-08T11:22:07.995925+00:00, run_after=2025-11-08T11:27:07.995925+00:00
[2025-11-08T11:22:32.865+0000] {processor.py:179} INFO - Processing /opt/airflow/dags/dbt_dag.py took 0.126 seconds
[2025-11-08T11:23:02.991+0000] {processor.py:157} INFO - Started process (PID=3585) to work on /opt/airflow/dags/dbt_dag.py
[2025-11-08T11:23:02.992+0000] {processor.py:829} INFO - Processing file /opt/airflow/dags/dbt_dag.py for tasks to queue
[2025-11-08T11:23:02.996+0000] {logging_mixin.py:151} INFO - [2025-11-08T11:23:02.995+0000] {dagbag.py:539} INFO - Filling up the DagBag from /opt/airflow/dags/dbt_dag.py
[2025-11-08T11:23:03.029+0000] {processor.py:839} INFO - DAG(s) dict_keys(['dbt_transform']) retrieved from /opt/airflow/dags/dbt_dag.py
[2025-11-08T11:23:03.095+0000] {logging_mixin.py:151} INFO - [2025-11-08T11:23:03.094+0000] {dag.py:2915} INFO - Sync 1 DAGs
[2025-11-08T11:23:03.139+0000] {logging_mixin.py:151} INFO - [2025-11-08T11:23:03.139+0000] {dag.py:3696} INFO - Setting next_dagrun for dbt_transform to 2025-11-08T11:22:07.995925+00:00, run_after=2025-11-08T11:27:07.995925+00:00
[2025-11-08T11:23:03.178+0000] {processor.py:179} INFO - Processing /opt/airflow/dags/dbt_dag.py took 0.198 seconds
[2025-11-08T11:30:34.385+0000] {processor.py:157} INFO - Started process (PID=3596) to work on /opt/airflow/dags/dbt_dag.py
[2025-11-08T11:30:34.391+0000] {processor.py:829} INFO - Processing file /opt/airflow/dags/dbt_dag.py for tasks to queue
[2025-11-08T11:30:34.400+0000] {logging_mixin.py:151} INFO - [2025-11-08T11:30:34.399+0000] {dagbag.py:539} INFO - Filling up the DagBag from /opt/airflow/dags/dbt_dag.py
[2025-11-08T11:30:34.597+0000] {processor.py:839} INFO - DAG(s) dict_keys(['dbt_transform']) retrieved from /opt/airflow/dags/dbt_dag.py
[2025-11-08T11:30:34.749+0000] {logging_mixin.py:151} INFO - [2025-11-08T11:30:34.748+0000] {dag.py:2915} INFO - Sync 1 DAGs
[2025-11-08T11:30:34.848+0000] {logging_mixin.py:151} INFO - [2025-11-08T11:30:34.847+0000] {dag.py:3696} INFO - Setting next_dagrun for dbt_transform to 2025-11-08T11:27:07.995925+00:00, run_after=2025-11-08T11:32:07.995925+00:00
[2025-11-08T11:30:34.928+0000] {processor.py:179} INFO - Processing /opt/airflow/dags/dbt_dag.py took 0.550 seconds
[2025-11-08T11:31:05.317+0000] {processor.py:157} INFO - Started process (PID=3676) to work on /opt/airflow/dags/dbt_dag.py
[2025-11-08T11:31:05.318+0000] {processor.py:829} INFO - Processing file /opt/airflow/dags/dbt_dag.py for tasks to queue
[2025-11-08T11:31:05.320+0000] {logging_mixin.py:151} INFO - [2025-11-08T11:31:05.319+0000] {dagbag.py:539} INFO - Filling up the DagBag from /opt/airflow/dags/dbt_dag.py
[2025-11-08T11:31:05.357+0000] {processor.py:839} INFO - DAG(s) dict_keys(['dbt_transform']) retrieved from /opt/airflow/dags/dbt_dag.py
[2025-11-08T11:31:05.416+0000] {logging_mixin.py:151} INFO - [2025-11-08T11:31:05.416+0000] {dag.py:2915} INFO - Sync 1 DAGs
[2025-11-08T11:31:05.453+0000] {logging_mixin.py:151} INFO - [2025-11-08T11:31:05.453+0000] {dag.py:3696} INFO - Setting next_dagrun for dbt_transform to 2025-11-08T11:30:44.193030+00:00, run_after=2025-11-08T11:35:44.193030+00:00
[2025-11-08T11:31:05.485+0000] {processor.py:179} INFO - Processing /opt/airflow/dags/dbt_dag.py took 0.175 seconds
[2025-11-08T11:31:35.708+0000] {processor.py:157} INFO - Started process (PID=3681) to work on /opt/airflow/dags/dbt_dag.py
[2025-11-08T11:31:35.710+0000] {processor.py:829} INFO - Processing file /opt/airflow/dags/dbt_dag.py for tasks to queue
[2025-11-08T11:31:35.716+0000] {logging_mixin.py:151} INFO - [2025-11-08T11:31:35.714+0000] {dagbag.py:539} INFO - Filling up the DagBag from /opt/airflow/dags/dbt_dag.py
[2025-11-08T11:31:35.752+0000] {processor.py:839} INFO - DAG(s) dict_keys(['dbt_transform']) retrieved from /opt/airflow/dags/dbt_dag.py
[2025-11-08T11:31:35.807+0000] {logging_mixin.py:151} INFO - [2025-11-08T11:31:35.806+0000] {dag.py:2915} INFO - Sync 1 DAGs
[2025-11-08T11:31:35.842+0000] {logging_mixin.py:151} INFO - [2025-11-08T11:31:35.842+0000] {dag.py:3696} INFO - Setting next_dagrun for dbt_transform to 2025-11-08T11:30:44.193030+00:00, run_after=2025-11-08T11:35:44.193030+00:00
[2025-11-08T11:31:35.872+0000] {processor.py:179} INFO - Processing /opt/airflow/dags/dbt_dag.py took 0.170 seconds
[2025-11-08T11:32:06.099+0000] {processor.py:157} INFO - Started process (PID=3686) to work on /opt/airflow/dags/dbt_dag.py
[2025-11-08T11:32:06.101+0000] {processor.py:829} INFO - Processing file /opt/airflow/dags/dbt_dag.py for tasks to queue
[2025-11-08T11:32:06.102+0000] {logging_mixin.py:151} INFO - [2025-11-08T11:32:06.102+0000] {dagbag.py:539} INFO - Filling up the DagBag from /opt/airflow/dags/dbt_dag.py
[2025-11-08T11:32:06.129+0000] {processor.py:839} INFO - DAG(s) dict_keys(['dbt_transform']) retrieved from /opt/airflow/dags/dbt_dag.py
[2025-11-08T11:32:06.176+0000] {logging_mixin.py:151} INFO - [2025-11-08T11:32:06.176+0000] {dag.py:2915} INFO - Sync 1 DAGs
[2025-11-08T11:32:06.210+0000] {logging_mixin.py:151} INFO - [2025-11-08T11:32:06.210+0000] {dag.py:3696} INFO - Setting next_dagrun for dbt_transform to 2025-11-08T11:30:44.193030+00:00, run_after=2025-11-08T11:35:44.193030+00:00
[2025-11-08T11:32:06.240+0000] {processor.py:179} INFO - Processing /opt/airflow/dags/dbt_dag.py took 0.147 seconds
[2025-11-08T11:32:36.325+0000] {processor.py:157} INFO - Started process (PID=3691) to work on /opt/airflow/dags/dbt_dag.py
[2025-11-08T11:32:36.326+0000] {processor.py:829} INFO - Processing file /opt/airflow/dags/dbt_dag.py for tasks to queue
[2025-11-08T11:32:36.330+0000] {logging_mixin.py:151} INFO - [2025-11-08T11:32:36.327+0000] {dagbag.py:539} INFO - Filling up the DagBag from /opt/airflow/dags/dbt_dag.py
[2025-11-08T11:32:36.362+0000] {processor.py:839} INFO - DAG(s) dict_keys(['dbt_transform']) retrieved from /opt/airflow/dags/dbt_dag.py
[2025-11-08T11:32:36.406+0000] {logging_mixin.py:151} INFO - [2025-11-08T11:32:36.405+0000] {dag.py:2915} INFO - Sync 1 DAGs
[2025-11-08T11:32:36.435+0000] {logging_mixin.py:151} INFO - [2025-11-08T11:32:36.434+0000] {dag.py:3696} INFO - Setting next_dagrun for dbt_transform to 2025-11-08T11:30:44.193030+00:00, run_after=2025-11-08T11:35:44.193030+00:00
[2025-11-08T11:32:36.461+0000] {processor.py:179} INFO - Processing /opt/airflow/dags/dbt_dag.py took 0.145 seconds
[2025-11-08T11:33:06.639+0000] {processor.py:157} INFO - Started process (PID=3696) to work on /opt/airflow/dags/dbt_dag.py
[2025-11-08T11:33:06.640+0000] {processor.py:829} INFO - Processing file /opt/airflow/dags/dbt_dag.py for tasks to queue
[2025-11-08T11:33:06.641+0000] {logging_mixin.py:151} INFO - [2025-11-08T11:33:06.641+0000] {dagbag.py:539} INFO - Filling up the DagBag from /opt/airflow/dags/dbt_dag.py
[2025-11-08T11:33:06.669+0000] {processor.py:839} INFO - DAG(s) dict_keys(['dbt_transform']) retrieved from /opt/airflow/dags/dbt_dag.py
[2025-11-08T11:33:06.708+0000] {logging_mixin.py:151} INFO - [2025-11-08T11:33:06.708+0000] {dag.py:2915} INFO - Sync 1 DAGs
[2025-11-08T11:33:06.731+0000] {logging_mixin.py:151} INFO - [2025-11-08T11:33:06.731+0000] {dag.py:3696} INFO - Setting next_dagrun for dbt_transform to 2025-11-08T11:30:44.193030+00:00, run_after=2025-11-08T11:35:44.193030+00:00
[2025-11-08T11:33:06.759+0000] {processor.py:179} INFO - Processing /opt/airflow/dags/dbt_dag.py took 0.123 seconds
[2025-11-08T11:33:36.860+0000] {processor.py:157} INFO - Started process (PID=3701) to work on /opt/airflow/dags/dbt_dag.py
[2025-11-08T11:33:36.861+0000] {processor.py:829} INFO - Processing file /opt/airflow/dags/dbt_dag.py for tasks to queue
[2025-11-08T11:33:36.862+0000] {logging_mixin.py:151} INFO - [2025-11-08T11:33:36.862+0000] {dagbag.py:539} INFO - Filling up the DagBag from /opt/airflow/dags/dbt_dag.py
[2025-11-08T11:33:36.893+0000] {processor.py:839} INFO - DAG(s) dict_keys(['dbt_transform']) retrieved from /opt/airflow/dags/dbt_dag.py
[2025-11-08T11:33:36.934+0000] {logging_mixin.py:151} INFO - [2025-11-08T11:33:36.934+0000] {dag.py:2915} INFO - Sync 1 DAGs
[2025-11-08T11:33:36.964+0000] {logging_mixin.py:151} INFO - [2025-11-08T11:33:36.964+0000] {dag.py:3696} INFO - Setting next_dagrun for dbt_transform to 2025-11-08T11:30:44.193030+00:00, run_after=2025-11-08T11:35:44.193030+00:00
[2025-11-08T11:33:36.995+0000] {processor.py:179} INFO - Processing /opt/airflow/dags/dbt_dag.py took 0.142 seconds
[2025-11-08T11:34:07.174+0000] {processor.py:157} INFO - Started process (PID=3706) to work on /opt/airflow/dags/dbt_dag.py
[2025-11-08T11:34:07.175+0000] {processor.py:829} INFO - Processing file /opt/airflow/dags/dbt_dag.py for tasks to queue
[2025-11-08T11:34:07.176+0000] {logging_mixin.py:151} INFO - [2025-11-08T11:34:07.176+0000] {dagbag.py:539} INFO - Filling up the DagBag from /opt/airflow/dags/dbt_dag.py
[2025-11-08T11:34:07.241+0000] {processor.py:839} INFO - DAG(s) dict_keys(['dbt_transform']) retrieved from /opt/airflow/dags/dbt_dag.py
[2025-11-08T11:34:07.284+0000] {logging_mixin.py:151} INFO - [2025-11-08T11:34:07.284+0000] {dag.py:2915} INFO - Sync 1 DAGs
[2025-11-08T11:34:07.316+0000] {logging_mixin.py:151} INFO - [2025-11-08T11:34:07.316+0000] {dag.py:3696} INFO - Setting next_dagrun for dbt_transform to 2025-11-08T11:30:44.193030+00:00, run_after=2025-11-08T11:35:44.193030+00:00
[2025-11-08T11:34:07.349+0000] {processor.py:179} INFO - Processing /opt/airflow/dags/dbt_dag.py took 0.179 seconds
[2025-11-08T11:34:37.565+0000] {processor.py:157} INFO - Started process (PID=3711) to work on /opt/airflow/dags/dbt_dag.py
[2025-11-08T11:34:37.566+0000] {processor.py:829} INFO - Processing file /opt/airflow/dags/dbt_dag.py for tasks to queue
[2025-11-08T11:34:37.567+0000] {logging_mixin.py:151} INFO - [2025-11-08T11:34:37.567+0000] {dagbag.py:539} INFO - Filling up the DagBag from /opt/airflow/dags/dbt_dag.py
[2025-11-08T11:34:37.598+0000] {processor.py:839} INFO - DAG(s) dict_keys(['dbt_transform']) retrieved from /opt/airflow/dags/dbt_dag.py
[2025-11-08T11:34:37.639+0000] {logging_mixin.py:151} INFO - [2025-11-08T11:34:37.639+0000] {dag.py:2915} INFO - Sync 1 DAGs
[2025-11-08T11:34:37.674+0000] {logging_mixin.py:151} INFO - [2025-11-08T11:34:37.674+0000] {dag.py:3696} INFO - Setting next_dagrun for dbt_transform to 2025-11-08T11:30:44.193030+00:00, run_after=2025-11-08T11:35:44.193030+00:00
[2025-11-08T11:34:37.732+0000] {processor.py:179} INFO - Processing /opt/airflow/dags/dbt_dag.py took 0.171 seconds
[2025-11-08T11:35:07.958+0000] {processor.py:157} INFO - Started process (PID=3716) to work on /opt/airflow/dags/dbt_dag.py
[2025-11-08T11:35:07.959+0000] {processor.py:829} INFO - Processing file /opt/airflow/dags/dbt_dag.py for tasks to queue
[2025-11-08T11:35:07.962+0000] {logging_mixin.py:151} INFO - [2025-11-08T11:35:07.961+0000] {dagbag.py:539} INFO - Filling up the DagBag from /opt/airflow/dags/dbt_dag.py
[2025-11-08T11:35:07.991+0000] {processor.py:839} INFO - DAG(s) dict_keys(['dbt_transform']) retrieved from /opt/airflow/dags/dbt_dag.py
[2025-11-08T11:35:08.036+0000] {logging_mixin.py:151} INFO - [2025-11-08T11:35:08.036+0000] {dag.py:2915} INFO - Sync 1 DAGs
[2025-11-08T11:35:08.068+0000] {logging_mixin.py:151} INFO - [2025-11-08T11:35:08.068+0000] {dag.py:3696} INFO - Setting next_dagrun for dbt_transform to 2025-11-08T11:30:44.193030+00:00, run_after=2025-11-08T11:35:44.193030+00:00
[2025-11-08T11:35:08.100+0000] {processor.py:179} INFO - Processing /opt/airflow/dags/dbt_dag.py took 0.146 seconds
[2025-11-08T11:35:38.204+0000] {processor.py:157} INFO - Started process (PID=3721) to work on /opt/airflow/dags/dbt_dag.py
[2025-11-08T11:35:38.205+0000] {processor.py:829} INFO - Processing file /opt/airflow/dags/dbt_dag.py for tasks to queue
[2025-11-08T11:35:38.207+0000] {logging_mixin.py:151} INFO - [2025-11-08T11:35:38.207+0000] {dagbag.py:539} INFO - Filling up the DagBag from /opt/airflow/dags/dbt_dag.py
[2025-11-08T11:35:38.234+0000] {processor.py:839} INFO - DAG(s) dict_keys(['dbt_transform']) retrieved from /opt/airflow/dags/dbt_dag.py
[2025-11-08T11:35:38.273+0000] {logging_mixin.py:151} INFO - [2025-11-08T11:35:38.273+0000] {dag.py:2915} INFO - Sync 1 DAGs
[2025-11-08T11:35:38.302+0000] {logging_mixin.py:151} INFO - [2025-11-08T11:35:38.302+0000] {dag.py:3696} INFO - Setting next_dagrun for dbt_transform to 2025-11-08T11:30:44.193030+00:00, run_after=2025-11-08T11:35:44.193030+00:00
[2025-11-08T11:35:38.330+0000] {processor.py:179} INFO - Processing /opt/airflow/dags/dbt_dag.py took 0.132 seconds
[2025-11-08T11:36:08.535+0000] {processor.py:157} INFO - Started process (PID=3805) to work on /opt/airflow/dags/dbt_dag.py
[2025-11-08T11:36:08.536+0000] {processor.py:829} INFO - Processing file /opt/airflow/dags/dbt_dag.py for tasks to queue
[2025-11-08T11:36:08.538+0000] {logging_mixin.py:151} INFO - [2025-11-08T11:36:08.537+0000] {dagbag.py:539} INFO - Filling up the DagBag from /opt/airflow/dags/dbt_dag.py
[2025-11-08T11:36:08.582+0000] {processor.py:839} INFO - DAG(s) dict_keys(['dbt_transform']) retrieved from /opt/airflow/dags/dbt_dag.py
[2025-11-08T11:36:08.632+0000] {logging_mixin.py:151} INFO - [2025-11-08T11:36:08.632+0000] {dag.py:2915} INFO - Sync 1 DAGs
[2025-11-08T11:36:08.668+0000] {logging_mixin.py:151} INFO - [2025-11-08T11:36:08.667+0000] {dag.py:3696} INFO - Setting next_dagrun for dbt_transform to 2025-11-08T11:36:00.431067+00:00, run_after=2025-11-08T11:41:00.431067+00:00
[2025-11-08T11:36:08.700+0000] {processor.py:179} INFO - Processing /opt/airflow/dags/dbt_dag.py took 0.170 seconds
[2025-11-08T11:36:38.923+0000] {processor.py:157} INFO - Started process (PID=3810) to work on /opt/airflow/dags/dbt_dag.py
[2025-11-08T11:36:38.924+0000] {processor.py:829} INFO - Processing file /opt/airflow/dags/dbt_dag.py for tasks to queue
[2025-11-08T11:36:38.925+0000] {logging_mixin.py:151} INFO - [2025-11-08T11:36:38.925+0000] {dagbag.py:539} INFO - Filling up the DagBag from /opt/airflow/dags/dbt_dag.py
[2025-11-08T11:36:38.957+0000] {processor.py:839} INFO - DAG(s) dict_keys(['dbt_transform']) retrieved from /opt/airflow/dags/dbt_dag.py
[2025-11-08T11:36:39.000+0000] {logging_mixin.py:151} INFO - [2025-11-08T11:36:38.999+0000] {dag.py:2915} INFO - Sync 1 DAGs
[2025-11-08T11:36:39.031+0000] {logging_mixin.py:151} INFO - [2025-11-08T11:36:39.031+0000] {dag.py:3696} INFO - Setting next_dagrun for dbt_transform to 2025-11-08T11:36:00.431067+00:00, run_after=2025-11-08T11:41:00.431067+00:00
[2025-11-08T11:36:39.094+0000] {processor.py:179} INFO - Processing /opt/airflow/dags/dbt_dag.py took 0.178 seconds
[2025-11-08T11:37:09.320+0000] {processor.py:157} INFO - Started process (PID=3815) to work on /opt/airflow/dags/dbt_dag.py
[2025-11-08T11:37:09.321+0000] {processor.py:829} INFO - Processing file /opt/airflow/dags/dbt_dag.py for tasks to queue
[2025-11-08T11:37:09.322+0000] {logging_mixin.py:151} INFO - [2025-11-08T11:37:09.321+0000] {dagbag.py:539} INFO - Filling up the DagBag from /opt/airflow/dags/dbt_dag.py
[2025-11-08T11:37:09.350+0000] {processor.py:839} INFO - DAG(s) dict_keys(['dbt_transform']) retrieved from /opt/airflow/dags/dbt_dag.py
[2025-11-08T11:37:09.405+0000] {logging_mixin.py:151} INFO - [2025-11-08T11:37:09.404+0000] {dag.py:2915} INFO - Sync 1 DAGs
[2025-11-08T11:37:09.435+0000] {logging_mixin.py:151} INFO - [2025-11-08T11:37:09.434+0000] {dag.py:3696} INFO - Setting next_dagrun for dbt_transform to 2025-11-08T11:36:00.431067+00:00, run_after=2025-11-08T11:41:00.431067+00:00
[2025-11-08T11:37:09.466+0000] {processor.py:179} INFO - Processing /opt/airflow/dags/dbt_dag.py took 0.150 seconds
[2025-11-08T11:37:39.671+0000] {processor.py:157} INFO - Started process (PID=3820) to work on /opt/airflow/dags/dbt_dag.py
[2025-11-08T11:37:39.672+0000] {processor.py:829} INFO - Processing file /opt/airflow/dags/dbt_dag.py for tasks to queue
[2025-11-08T11:37:39.673+0000] {logging_mixin.py:151} INFO - [2025-11-08T11:37:39.672+0000] {dagbag.py:539} INFO - Filling up the DagBag from /opt/airflow/dags/dbt_dag.py
[2025-11-08T11:37:39.698+0000] {processor.py:839} INFO - DAG(s) dict_keys(['dbt_transform']) retrieved from /opt/airflow/dags/dbt_dag.py
[2025-11-08T11:37:39.734+0000] {logging_mixin.py:151} INFO - [2025-11-08T11:37:39.733+0000] {dag.py:2915} INFO - Sync 1 DAGs
[2025-11-08T11:37:39.760+0000] {logging_mixin.py:151} INFO - [2025-11-08T11:37:39.759+0000] {dag.py:3696} INFO - Setting next_dagrun for dbt_transform to 2025-11-08T11:36:00.431067+00:00, run_after=2025-11-08T11:41:00.431067+00:00
[2025-11-08T11:37:39.789+0000] {processor.py:179} INFO - Processing /opt/airflow/dags/dbt_dag.py took 0.124 seconds
[2025-11-08T11:38:09.851+0000] {processor.py:157} INFO - Started process (PID=3825) to work on /opt/airflow/dags/dbt_dag.py
[2025-11-08T11:38:09.852+0000] {processor.py:829} INFO - Processing file /opt/airflow/dags/dbt_dag.py for tasks to queue
[2025-11-08T11:38:09.853+0000] {logging_mixin.py:151} INFO - [2025-11-08T11:38:09.853+0000] {dagbag.py:539} INFO - Filling up the DagBag from /opt/airflow/dags/dbt_dag.py
[2025-11-08T11:38:09.876+0000] {processor.py:839} INFO - DAG(s) dict_keys(['dbt_transform']) retrieved from /opt/airflow/dags/dbt_dag.py
[2025-11-08T11:38:09.915+0000] {logging_mixin.py:151} INFO - [2025-11-08T11:38:09.915+0000] {dag.py:2915} INFO - Sync 1 DAGs
[2025-11-08T11:38:09.944+0000] {logging_mixin.py:151} INFO - [2025-11-08T11:38:09.944+0000] {dag.py:3696} INFO - Setting next_dagrun for dbt_transform to 2025-11-08T11:36:00.431067+00:00, run_after=2025-11-08T11:41:00.431067+00:00
[2025-11-08T11:38:09.974+0000] {processor.py:179} INFO - Processing /opt/airflow/dags/dbt_dag.py took 0.127 seconds
[2025-11-08T11:38:40.187+0000] {processor.py:157} INFO - Started process (PID=3830) to work on /opt/airflow/dags/dbt_dag.py
[2025-11-08T11:38:40.188+0000] {processor.py:829} INFO - Processing file /opt/airflow/dags/dbt_dag.py for tasks to queue
[2025-11-08T11:38:40.189+0000] {logging_mixin.py:151} INFO - [2025-11-08T11:38:40.189+0000] {dagbag.py:539} INFO - Filling up the DagBag from /opt/airflow/dags/dbt_dag.py
[2025-11-08T11:38:40.218+0000] {processor.py:839} INFO - DAG(s) dict_keys(['dbt_transform']) retrieved from /opt/airflow/dags/dbt_dag.py
[2025-11-08T11:38:40.255+0000] {logging_mixin.py:151} INFO - [2025-11-08T11:38:40.255+0000] {dag.py:2915} INFO - Sync 1 DAGs
[2025-11-08T11:38:40.289+0000] {logging_mixin.py:151} INFO - [2025-11-08T11:38:40.289+0000] {dag.py:3696} INFO - Setting next_dagrun for dbt_transform to 2025-11-08T11:36:00.431067+00:00, run_after=2025-11-08T11:41:00.431067+00:00
[2025-11-08T11:38:40.348+0000] {processor.py:179} INFO - Processing /opt/airflow/dags/dbt_dag.py took 0.165 seconds
[2025-11-08T11:39:10.561+0000] {processor.py:157} INFO - Started process (PID=3835) to work on /opt/airflow/dags/dbt_dag.py
[2025-11-08T11:39:10.562+0000] {processor.py:829} INFO - Processing file /opt/airflow/dags/dbt_dag.py for tasks to queue
[2025-11-08T11:39:10.563+0000] {logging_mixin.py:151} INFO - [2025-11-08T11:39:10.562+0000] {dagbag.py:539} INFO - Filling up the DagBag from /opt/airflow/dags/dbt_dag.py
[2025-11-08T11:39:10.589+0000] {processor.py:839} INFO - DAG(s) dict_keys(['dbt_transform']) retrieved from /opt/airflow/dags/dbt_dag.py
[2025-11-08T11:39:10.626+0000] {logging_mixin.py:151} INFO - [2025-11-08T11:39:10.626+0000] {dag.py:2915} INFO - Sync 1 DAGs
[2025-11-08T11:39:10.655+0000] {logging_mixin.py:151} INFO - [2025-11-08T11:39:10.654+0000] {dag.py:3696} INFO - Setting next_dagrun for dbt_transform to 2025-11-08T11:36:00.431067+00:00, run_after=2025-11-08T11:41:00.431067+00:00
[2025-11-08T11:39:10.688+0000] {processor.py:179} INFO - Processing /opt/airflow/dags/dbt_dag.py took 0.131 seconds
[2025-11-08T11:39:40.762+0000] {processor.py:157} INFO - Started process (PID=3840) to work on /opt/airflow/dags/dbt_dag.py
[2025-11-08T11:39:40.763+0000] {processor.py:829} INFO - Processing file /opt/airflow/dags/dbt_dag.py for tasks to queue
[2025-11-08T11:39:40.764+0000] {logging_mixin.py:151} INFO - [2025-11-08T11:39:40.764+0000] {dagbag.py:539} INFO - Filling up the DagBag from /opt/airflow/dags/dbt_dag.py
[2025-11-08T11:39:40.793+0000] {processor.py:839} INFO - DAG(s) dict_keys(['dbt_transform']) retrieved from /opt/airflow/dags/dbt_dag.py
[2025-11-08T11:39:40.830+0000] {logging_mixin.py:151} INFO - [2025-11-08T11:39:40.830+0000] {dag.py:2915} INFO - Sync 1 DAGs
[2025-11-08T11:39:40.863+0000] {logging_mixin.py:151} INFO - [2025-11-08T11:39:40.862+0000] {dag.py:3696} INFO - Setting next_dagrun for dbt_transform to 2025-11-08T11:36:00.431067+00:00, run_after=2025-11-08T11:41:00.431067+00:00
[2025-11-08T11:39:40.890+0000] {processor.py:179} INFO - Processing /opt/airflow/dags/dbt_dag.py took 0.132 seconds
[2025-11-08T11:40:11.105+0000] {processor.py:157} INFO - Started process (PID=3845) to work on /opt/airflow/dags/dbt_dag.py
[2025-11-08T11:40:11.107+0000] {processor.py:829} INFO - Processing file /opt/airflow/dags/dbt_dag.py for tasks to queue
[2025-11-08T11:40:11.109+0000] {logging_mixin.py:151} INFO - [2025-11-08T11:40:11.109+0000] {dagbag.py:539} INFO - Filling up the DagBag from /opt/airflow/dags/dbt_dag.py
[2025-11-08T11:40:11.136+0000] {processor.py:839} INFO - DAG(s) dict_keys(['dbt_transform']) retrieved from /opt/airflow/dags/dbt_dag.py
[2025-11-08T11:40:11.177+0000] {logging_mixin.py:151} INFO - [2025-11-08T11:40:11.177+0000] {dag.py:2915} INFO - Sync 1 DAGs
[2025-11-08T11:40:11.206+0000] {logging_mixin.py:151} INFO - [2025-11-08T11:40:11.206+0000] {dag.py:3696} INFO - Setting next_dagrun for dbt_transform to 2025-11-08T11:36:00.431067+00:00, run_after=2025-11-08T11:41:00.431067+00:00
[2025-11-08T11:40:11.235+0000] {processor.py:179} INFO - Processing /opt/airflow/dags/dbt_dag.py took 0.136 seconds
[2025-11-08T11:40:41.327+0000] {processor.py:157} INFO - Started process (PID=3850) to work on /opt/airflow/dags/dbt_dag.py
[2025-11-08T11:40:41.328+0000] {processor.py:829} INFO - Processing file /opt/airflow/dags/dbt_dag.py for tasks to queue
[2025-11-08T11:40:41.329+0000] {logging_mixin.py:151} INFO - [2025-11-08T11:40:41.329+0000] {dagbag.py:539} INFO - Filling up the DagBag from /opt/airflow/dags/dbt_dag.py
[2025-11-08T11:40:41.357+0000] {processor.py:839} INFO - DAG(s) dict_keys(['dbt_transform']) retrieved from /opt/airflow/dags/dbt_dag.py
[2025-11-08T11:40:41.394+0000] {logging_mixin.py:151} INFO - [2025-11-08T11:40:41.393+0000] {dag.py:2915} INFO - Sync 1 DAGs
[2025-11-08T11:40:41.424+0000] {logging_mixin.py:151} INFO - [2025-11-08T11:40:41.424+0000] {dag.py:3696} INFO - Setting next_dagrun for dbt_transform to 2025-11-08T11:36:00.431067+00:00, run_after=2025-11-08T11:41:00.431067+00:00
[2025-11-08T11:40:41.452+0000] {processor.py:179} INFO - Processing /opt/airflow/dags/dbt_dag.py took 0.129 seconds
[2025-11-08T13:20:06.036+0000] {processor.py:157} INFO - Started process (PID=3862) to work on /opt/airflow/dags/dbt_dag.py
[2025-11-08T13:20:06.061+0000] {processor.py:829} INFO - Processing file /opt/airflow/dags/dbt_dag.py for tasks to queue
[2025-11-08T13:20:06.083+0000] {logging_mixin.py:151} INFO - [2025-11-08T13:20:06.082+0000] {dagbag.py:539} INFO - Filling up the DagBag from /opt/airflow/dags/dbt_dag.py
[2025-11-08T13:41:39.214+0000] {processor.py:839} INFO - DAG(s) dict_keys(['dbt_transform']) retrieved from /opt/airflow/dags/dbt_dag.py
[2025-11-08T13:41:39.424+0000] {logging_mixin.py:151} INFO - [2025-11-08T13:41:39.423+0000] {dag.py:2915} INFO - Sync 1 DAGs
[2025-11-08T13:41:39.602+0000] {logging_mixin.py:151} INFO - [2025-11-08T13:41:39.592+0000] {dag.py:3696} INFO - Setting next_dagrun for dbt_transform to 2025-11-08T13:36:39.591513+00:00, run_after=2025-11-08T13:41:39.591513+00:00
[2025-11-08T13:41:39.741+0000] {processor.py:179} INFO - Processing /opt/airflow/dags/dbt_dag.py took 1.387 seconds
[2025-11-08T13:42:10.481+0000] {processor.py:157} INFO - Started process (PID=3942) to work on /opt/airflow/dags/dbt_dag.py
[2025-11-08T13:42:10.491+0000] {processor.py:829} INFO - Processing file /opt/airflow/dags/dbt_dag.py for tasks to queue
[2025-11-08T13:42:10.494+0000] {logging_mixin.py:151} INFO - [2025-11-08T13:42:10.493+0000] {dagbag.py:539} INFO - Filling up the DagBag from /opt/airflow/dags/dbt_dag.py
[2025-11-08T13:42:10.619+0000] {processor.py:839} INFO - DAG(s) dict_keys(['dbt_transform']) retrieved from /opt/airflow/dags/dbt_dag.py
[2025-11-08T13:42:10.699+0000] {logging_mixin.py:151} INFO - [2025-11-08T13:42:10.698+0000] {dag.py:2915} INFO - Sync 1 DAGs
[2025-11-08T13:42:10.775+0000] {logging_mixin.py:151} INFO - [2025-11-08T13:42:10.774+0000] {dag.py:3696} INFO - Setting next_dagrun for dbt_transform to 2025-11-08T13:41:39.591513+00:00, run_after=2025-11-08T13:46:39.591513+00:00
[2025-11-08T13:42:10.842+0000] {processor.py:179} INFO - Processing /opt/airflow/dags/dbt_dag.py took 0.367 seconds
[2025-11-08T13:42:41.152+0000] {processor.py:157} INFO - Started process (PID=3972) to work on /opt/airflow/dags/dbt_dag.py
[2025-11-08T13:42:41.154+0000] {processor.py:829} INFO - Processing file /opt/airflow/dags/dbt_dag.py for tasks to queue
[2025-11-08T13:42:41.156+0000] {logging_mixin.py:151} INFO - [2025-11-08T13:42:41.156+0000] {dagbag.py:539} INFO - Filling up the DagBag from /opt/airflow/dags/dbt_dag.py
[2025-11-08T13:42:41.185+0000] {processor.py:839} INFO - DAG(s) dict_keys(['dbt_transform']) retrieved from /opt/airflow/dags/dbt_dag.py
[2025-11-08T13:42:41.227+0000] {logging_mixin.py:151} INFO - [2025-11-08T13:42:41.227+0000] {dag.py:2915} INFO - Sync 1 DAGs
[2025-11-08T13:42:41.260+0000] {logging_mixin.py:151} INFO - [2025-11-08T13:42:41.260+0000] {dag.py:3696} INFO - Setting next_dagrun for dbt_transform to 2025-11-08T13:42:12.662089+00:00, run_after=2025-11-08T13:47:12.662089+00:00
[2025-11-08T13:42:41.305+0000] {processor.py:179} INFO - Processing /opt/airflow/dags/dbt_dag.py took 0.158 seconds
[2025-11-08T13:43:11.375+0000] {processor.py:157} INFO - Started process (PID=3977) to work on /opt/airflow/dags/dbt_dag.py
[2025-11-08T13:43:11.376+0000] {processor.py:829} INFO - Processing file /opt/airflow/dags/dbt_dag.py for tasks to queue
[2025-11-08T13:43:11.378+0000] {logging_mixin.py:151} INFO - [2025-11-08T13:43:11.377+0000] {dagbag.py:539} INFO - Filling up the DagBag from /opt/airflow/dags/dbt_dag.py
[2025-11-08T13:43:11.416+0000] {processor.py:839} INFO - DAG(s) dict_keys(['dbt_transform']) retrieved from /opt/airflow/dags/dbt_dag.py
[2025-11-08T13:43:11.478+0000] {logging_mixin.py:151} INFO - [2025-11-08T13:43:11.478+0000] {dag.py:2915} INFO - Sync 1 DAGs
[2025-11-08T13:43:11.519+0000] {logging_mixin.py:151} INFO - [2025-11-08T13:43:11.518+0000] {dag.py:3696} INFO - Setting next_dagrun for dbt_transform to 2025-11-08T13:42:12.662089+00:00, run_after=2025-11-08T13:47:12.662089+00:00
[2025-11-08T13:43:11.558+0000] {processor.py:179} INFO - Processing /opt/airflow/dags/dbt_dag.py took 0.190 seconds
[2025-11-08T13:43:41.742+0000] {processor.py:157} INFO - Started process (PID=3982) to work on /opt/airflow/dags/dbt_dag.py
[2025-11-08T13:43:41.744+0000] {processor.py:829} INFO - Processing file /opt/airflow/dags/dbt_dag.py for tasks to queue
[2025-11-08T13:43:41.746+0000] {logging_mixin.py:151} INFO - [2025-11-08T13:43:41.746+0000] {dagbag.py:539} INFO - Filling up the DagBag from /opt/airflow/dags/dbt_dag.py
[2025-11-08T13:43:41.785+0000] {processor.py:839} INFO - DAG(s) dict_keys(['dbt_transform']) retrieved from /opt/airflow/dags/dbt_dag.py
[2025-11-08T13:43:41.828+0000] {logging_mixin.py:151} INFO - [2025-11-08T13:43:41.828+0000] {dag.py:2915} INFO - Sync 1 DAGs
[2025-11-08T13:43:41.872+0000] {logging_mixin.py:151} INFO - [2025-11-08T13:43:41.872+0000] {dag.py:3696} INFO - Setting next_dagrun for dbt_transform to 2025-11-08T13:42:12.662089+00:00, run_after=2025-11-08T13:47:12.662089+00:00
[2025-11-08T13:43:41.905+0000] {processor.py:179} INFO - Processing /opt/airflow/dags/dbt_dag.py took 0.170 seconds
[2025-11-08T13:44:11.987+0000] {processor.py:157} INFO - Started process (PID=3987) to work on /opt/airflow/dags/dbt_dag.py
[2025-11-08T13:44:11.988+0000] {processor.py:829} INFO - Processing file /opt/airflow/dags/dbt_dag.py for tasks to queue
[2025-11-08T13:44:11.990+0000] {logging_mixin.py:151} INFO - [2025-11-08T13:44:11.989+0000] {dagbag.py:539} INFO - Filling up the DagBag from /opt/airflow/dags/dbt_dag.py
[2025-11-08T13:44:12.021+0000] {processor.py:839} INFO - DAG(s) dict_keys(['dbt_transform']) retrieved from /opt/airflow/dags/dbt_dag.py
[2025-11-08T13:44:12.065+0000] {logging_mixin.py:151} INFO - [2025-11-08T13:44:12.065+0000] {dag.py:2915} INFO - Sync 1 DAGs
[2025-11-08T13:44:12.099+0000] {logging_mixin.py:151} INFO - [2025-11-08T13:44:12.099+0000] {dag.py:3696} INFO - Setting next_dagrun for dbt_transform to 2025-11-08T13:42:12.662089+00:00, run_after=2025-11-08T13:47:12.662089+00:00
[2025-11-08T13:44:12.131+0000] {processor.py:179} INFO - Processing /opt/airflow/dags/dbt_dag.py took 0.150 seconds
[2025-11-08T13:44:42.318+0000] {processor.py:157} INFO - Started process (PID=3992) to work on /opt/airflow/dags/dbt_dag.py
[2025-11-08T13:44:42.319+0000] {processor.py:829} INFO - Processing file /opt/airflow/dags/dbt_dag.py for tasks to queue
[2025-11-08T13:44:42.320+0000] {logging_mixin.py:151} INFO - [2025-11-08T13:44:42.320+0000] {dagbag.py:539} INFO - Filling up the DagBag from /opt/airflow/dags/dbt_dag.py
[2025-11-08T13:44:42.347+0000] {processor.py:839} INFO - DAG(s) dict_keys(['dbt_transform']) retrieved from /opt/airflow/dags/dbt_dag.py
[2025-11-08T13:44:42.386+0000] {logging_mixin.py:151} INFO - [2025-11-08T13:44:42.386+0000] {dag.py:2915} INFO - Sync 1 DAGs
[2025-11-08T13:44:42.416+0000] {logging_mixin.py:151} INFO - [2025-11-08T13:44:42.416+0000] {dag.py:3696} INFO - Setting next_dagrun for dbt_transform to 2025-11-08T13:42:12.662089+00:00, run_after=2025-11-08T13:47:12.662089+00:00
[2025-11-08T13:44:42.451+0000] {processor.py:179} INFO - Processing /opt/airflow/dags/dbt_dag.py took 0.136 seconds
[2025-11-08T13:45:12.523+0000] {processor.py:157} INFO - Started process (PID=3997) to work on /opt/airflow/dags/dbt_dag.py
[2025-11-08T13:45:12.525+0000] {processor.py:829} INFO - Processing file /opt/airflow/dags/dbt_dag.py for tasks to queue
[2025-11-08T13:45:12.527+0000] {logging_mixin.py:151} INFO - [2025-11-08T13:45:12.526+0000] {dagbag.py:539} INFO - Filling up the DagBag from /opt/airflow/dags/dbt_dag.py
[2025-11-08T13:45:12.550+0000] {processor.py:839} INFO - DAG(s) dict_keys(['dbt_transform']) retrieved from /opt/airflow/dags/dbt_dag.py
[2025-11-08T13:45:12.587+0000] {logging_mixin.py:151} INFO - [2025-11-08T13:45:12.587+0000] {dag.py:2915} INFO - Sync 1 DAGs
[2025-11-08T13:45:12.613+0000] {logging_mixin.py:151} INFO - [2025-11-08T13:45:12.613+0000] {dag.py:3696} INFO - Setting next_dagrun for dbt_transform to 2025-11-08T13:42:12.662089+00:00, run_after=2025-11-08T13:47:12.662089+00:00
[2025-11-08T13:45:12.641+0000] {processor.py:179} INFO - Processing /opt/airflow/dags/dbt_dag.py took 0.124 seconds
[2025-11-08T13:45:42.851+0000] {processor.py:157} INFO - Started process (PID=4002) to work on /opt/airflow/dags/dbt_dag.py
[2025-11-08T13:45:42.852+0000] {processor.py:829} INFO - Processing file /opt/airflow/dags/dbt_dag.py for tasks to queue
[2025-11-08T13:45:42.853+0000] {logging_mixin.py:151} INFO - [2025-11-08T13:45:42.853+0000] {dagbag.py:539} INFO - Filling up the DagBag from /opt/airflow/dags/dbt_dag.py
[2025-11-08T13:45:42.881+0000] {processor.py:839} INFO - DAG(s) dict_keys(['dbt_transform']) retrieved from /opt/airflow/dags/dbt_dag.py
[2025-11-08T13:45:42.916+0000] {logging_mixin.py:151} INFO - [2025-11-08T13:45:42.916+0000] {dag.py:2915} INFO - Sync 1 DAGs
[2025-11-08T13:45:42.944+0000] {logging_mixin.py:151} INFO - [2025-11-08T13:45:42.944+0000] {dag.py:3696} INFO - Setting next_dagrun for dbt_transform to 2025-11-08T13:42:12.662089+00:00, run_after=2025-11-08T13:47:12.662089+00:00
[2025-11-08T13:45:42.969+0000] {processor.py:179} INFO - Processing /opt/airflow/dags/dbt_dag.py took 0.121 seconds
[2025-11-08T13:46:13.055+0000] {processor.py:157} INFO - Started process (PID=4007) to work on /opt/airflow/dags/dbt_dag.py
[2025-11-08T13:46:13.056+0000] {processor.py:829} INFO - Processing file /opt/airflow/dags/dbt_dag.py for tasks to queue
[2025-11-08T13:46:13.057+0000] {logging_mixin.py:151} INFO - [2025-11-08T13:46:13.057+0000] {dagbag.py:539} INFO - Filling up the DagBag from /opt/airflow/dags/dbt_dag.py
[2025-11-08T13:46:13.085+0000] {processor.py:839} INFO - DAG(s) dict_keys(['dbt_transform']) retrieved from /opt/airflow/dags/dbt_dag.py
[2025-11-08T13:46:13.128+0000] {logging_mixin.py:151} INFO - [2025-11-08T13:46:13.128+0000] {dag.py:2915} INFO - Sync 1 DAGs
[2025-11-08T13:46:13.159+0000] {logging_mixin.py:151} INFO - [2025-11-08T13:46:13.159+0000] {dag.py:3696} INFO - Setting next_dagrun for dbt_transform to 2025-11-08T13:42:12.662089+00:00, run_after=2025-11-08T13:47:12.662089+00:00
[2025-11-08T13:46:13.194+0000] {processor.py:179} INFO - Processing /opt/airflow/dags/dbt_dag.py took 0.145 seconds
[2025-11-08T13:46:43.378+0000] {processor.py:157} INFO - Started process (PID=4012) to work on /opt/airflow/dags/dbt_dag.py
[2025-11-08T13:46:43.379+0000] {processor.py:829} INFO - Processing file /opt/airflow/dags/dbt_dag.py for tasks to queue
[2025-11-08T13:46:43.380+0000] {logging_mixin.py:151} INFO - [2025-11-08T13:46:43.380+0000] {dagbag.py:539} INFO - Filling up the DagBag from /opt/airflow/dags/dbt_dag.py
[2025-11-08T13:46:43.405+0000] {processor.py:839} INFO - DAG(s) dict_keys(['dbt_transform']) retrieved from /opt/airflow/dags/dbt_dag.py
[2025-11-08T13:46:43.441+0000] {logging_mixin.py:151} INFO - [2025-11-08T13:46:43.441+0000] {dag.py:2915} INFO - Sync 1 DAGs
[2025-11-08T13:46:43.466+0000] {logging_mixin.py:151} INFO - [2025-11-08T13:46:43.466+0000] {dag.py:3696} INFO - Setting next_dagrun for dbt_transform to 2025-11-08T13:42:12.662089+00:00, run_after=2025-11-08T13:47:12.662089+00:00
[2025-11-08T13:46:43.492+0000] {processor.py:179} INFO - Processing /opt/airflow/dags/dbt_dag.py took 0.118 seconds
[2025-11-08T13:47:13.576+0000] {processor.py:157} INFO - Started process (PID=4033) to work on /opt/airflow/dags/dbt_dag.py
[2025-11-08T13:47:13.578+0000] {processor.py:829} INFO - Processing file /opt/airflow/dags/dbt_dag.py for tasks to queue
[2025-11-08T13:47:13.580+0000] {logging_mixin.py:151} INFO - [2025-11-08T13:47:13.579+0000] {dagbag.py:539} INFO - Filling up the DagBag from /opt/airflow/dags/dbt_dag.py
[2025-11-08T13:47:13.617+0000] {processor.py:839} INFO - DAG(s) dict_keys(['dbt_transform']) retrieved from /opt/airflow/dags/dbt_dag.py
[2025-11-08T13:47:13.679+0000] {logging_mixin.py:151} INFO - [2025-11-08T13:47:13.678+0000] {dag.py:2915} INFO - Sync 1 DAGs
[2025-11-08T13:47:13.718+0000] {logging_mixin.py:151} INFO - [2025-11-08T13:47:13.718+0000] {dag.py:3696} INFO - Setting next_dagrun for dbt_transform to 2025-11-08T13:47:12.662089+00:00, run_after=2025-11-08T13:52:12.662089+00:00
[2025-11-08T13:47:13.752+0000] {processor.py:179} INFO - Processing /opt/airflow/dags/dbt_dag.py took 0.184 seconds
[2025-11-08T13:47:43.899+0000] {processor.py:157} INFO - Started process (PID=4172) to work on /opt/airflow/dags/dbt_dag.py
[2025-11-08T13:47:43.900+0000] {processor.py:829} INFO - Processing file /opt/airflow/dags/dbt_dag.py for tasks to queue
[2025-11-08T13:47:43.903+0000] {logging_mixin.py:151} INFO - [2025-11-08T13:47:43.903+0000] {dagbag.py:539} INFO - Filling up the DagBag from /opt/airflow/dags/dbt_dag.py
[2025-11-08T13:47:43.933+0000] {processor.py:839} INFO - DAG(s) dict_keys(['dbt_transform']) retrieved from /opt/airflow/dags/dbt_dag.py
[2025-11-08T13:47:43.974+0000] {logging_mixin.py:151} INFO - [2025-11-08T13:47:43.973+0000] {dag.py:2915} INFO - Sync 1 DAGs
[2025-11-08T13:47:44.014+0000] {logging_mixin.py:151} INFO - [2025-11-08T13:47:44.013+0000] {dag.py:3696} INFO - Setting next_dagrun for dbt_transform to 2025-11-08T13:47:35.149825+00:00, run_after=2025-11-08T13:52:35.149825+00:00
[2025-11-08T13:47:44.044+0000] {processor.py:179} INFO - Processing /opt/airflow/dags/dbt_dag.py took 0.150 seconds
[2025-11-08T13:48:14.182+0000] {processor.py:157} INFO - Started process (PID=4177) to work on /opt/airflow/dags/dbt_dag.py
[2025-11-08T13:48:14.183+0000] {processor.py:829} INFO - Processing file /opt/airflow/dags/dbt_dag.py for tasks to queue
[2025-11-08T13:48:14.185+0000] {logging_mixin.py:151} INFO - [2025-11-08T13:48:14.184+0000] {dagbag.py:539} INFO - Filling up the DagBag from /opt/airflow/dags/dbt_dag.py
[2025-11-08T13:48:14.215+0000] {processor.py:839} INFO - DAG(s) dict_keys(['dbt_transform']) retrieved from /opt/airflow/dags/dbt_dag.py
[2025-11-08T13:48:14.259+0000] {logging_mixin.py:151} INFO - [2025-11-08T13:48:14.259+0000] {dag.py:2915} INFO - Sync 1 DAGs
[2025-11-08T13:48:14.292+0000] {logging_mixin.py:151} INFO - [2025-11-08T13:48:14.291+0000] {dag.py:3696} INFO - Setting next_dagrun for dbt_transform to 2025-11-08T13:47:35.149825+00:00, run_after=2025-11-08T13:52:35.149825+00:00
[2025-11-08T13:48:14.323+0000] {processor.py:179} INFO - Processing /opt/airflow/dags/dbt_dag.py took 0.146 seconds
[2025-11-08T13:48:44.420+0000] {processor.py:157} INFO - Started process (PID=4182) to work on /opt/airflow/dags/dbt_dag.py
[2025-11-08T13:48:44.421+0000] {processor.py:829} INFO - Processing file /opt/airflow/dags/dbt_dag.py for tasks to queue
[2025-11-08T13:48:44.422+0000] {logging_mixin.py:151} INFO - [2025-11-08T13:48:44.421+0000] {dagbag.py:539} INFO - Filling up the DagBag from /opt/airflow/dags/dbt_dag.py
[2025-11-08T13:48:44.447+0000] {processor.py:839} INFO - DAG(s) dict_keys(['dbt_transform']) retrieved from /opt/airflow/dags/dbt_dag.py
[2025-11-08T13:48:44.486+0000] {logging_mixin.py:151} INFO - [2025-11-08T13:48:44.486+0000] {dag.py:2915} INFO - Sync 1 DAGs
[2025-11-08T13:48:44.516+0000] {logging_mixin.py:151} INFO - [2025-11-08T13:48:44.516+0000] {dag.py:3696} INFO - Setting next_dagrun for dbt_transform to 2025-11-08T13:47:35.149825+00:00, run_after=2025-11-08T13:52:35.149825+00:00
[2025-11-08T13:48:44.542+0000] {processor.py:179} INFO - Processing /opt/airflow/dags/dbt_dag.py took 0.126 seconds
[2025-11-08T13:49:14.713+0000] {processor.py:157} INFO - Started process (PID=4187) to work on /opt/airflow/dags/dbt_dag.py
[2025-11-08T13:49:14.714+0000] {processor.py:829} INFO - Processing file /opt/airflow/dags/dbt_dag.py for tasks to queue
[2025-11-08T13:49:14.715+0000] {logging_mixin.py:151} INFO - [2025-11-08T13:49:14.715+0000] {dagbag.py:539} INFO - Filling up the DagBag from /opt/airflow/dags/dbt_dag.py
[2025-11-08T13:49:14.742+0000] {processor.py:839} INFO - DAG(s) dict_keys(['dbt_transform']) retrieved from /opt/airflow/dags/dbt_dag.py
[2025-11-08T13:49:14.779+0000] {logging_mixin.py:151} INFO - [2025-11-08T13:49:14.779+0000] {dag.py:2915} INFO - Sync 1 DAGs
[2025-11-08T13:49:14.817+0000] {logging_mixin.py:151} INFO - [2025-11-08T13:49:14.816+0000] {dag.py:3696} INFO - Setting next_dagrun for dbt_transform to 2025-11-08T13:47:35.149825+00:00, run_after=2025-11-08T13:52:35.149825+00:00
[2025-11-08T13:49:14.845+0000] {processor.py:179} INFO - Processing /opt/airflow/dags/dbt_dag.py took 0.135 seconds
[2025-11-08T13:49:44.905+0000] {processor.py:157} INFO - Started process (PID=4192) to work on /opt/airflow/dags/dbt_dag.py
[2025-11-08T13:49:44.906+0000] {processor.py:829} INFO - Processing file /opt/airflow/dags/dbt_dag.py for tasks to queue
[2025-11-08T13:49:44.907+0000] {logging_mixin.py:151} INFO - [2025-11-08T13:49:44.907+0000] {dagbag.py:539} INFO - Filling up the DagBag from /opt/airflow/dags/dbt_dag.py
[2025-11-08T13:49:44.930+0000] {processor.py:839} INFO - DAG(s) dict_keys(['dbt_transform']) retrieved from /opt/airflow/dags/dbt_dag.py
[2025-11-08T13:49:44.965+0000] {logging_mixin.py:151} INFO - [2025-11-08T13:49:44.964+0000] {dag.py:2915} INFO - Sync 1 DAGs
[2025-11-08T13:49:44.990+0000] {logging_mixin.py:151} INFO - [2025-11-08T13:49:44.990+0000] {dag.py:3696} INFO - Setting next_dagrun for dbt_transform to 2025-11-08T13:47:35.149825+00:00, run_after=2025-11-08T13:52:35.149825+00:00
[2025-11-08T13:49:45.022+0000] {processor.py:179} INFO - Processing /opt/airflow/dags/dbt_dag.py took 0.122 seconds
[2025-11-08T13:50:15.301+0000] {processor.py:157} INFO - Started process (PID=4197) to work on /opt/airflow/dags/dbt_dag.py
[2025-11-08T13:50:15.303+0000] {processor.py:829} INFO - Processing file /opt/airflow/dags/dbt_dag.py for tasks to queue
[2025-11-08T13:50:15.305+0000] {logging_mixin.py:151} INFO - [2025-11-08T13:50:15.304+0000] {dagbag.py:539} INFO - Filling up the DagBag from /opt/airflow/dags/dbt_dag.py
[2025-11-08T13:50:15.347+0000] {processor.py:839} INFO - DAG(s) dict_keys(['dbt_transform']) retrieved from /opt/airflow/dags/dbt_dag.py
[2025-11-08T13:50:15.410+0000] {logging_mixin.py:151} INFO - [2025-11-08T13:50:15.409+0000] {dag.py:2915} INFO - Sync 1 DAGs
[2025-11-08T13:50:15.454+0000] {logging_mixin.py:151} INFO - [2025-11-08T13:50:15.453+0000] {dag.py:3696} INFO - Setting next_dagrun for dbt_transform to 2025-11-08T13:47:35.149825+00:00, run_after=2025-11-08T13:52:35.149825+00:00
[2025-11-08T13:50:15.494+0000] {processor.py:179} INFO - Processing /opt/airflow/dags/dbt_dag.py took 0.199 seconds
[2025-11-08T13:50:45.603+0000] {processor.py:157} INFO - Started process (PID=4202) to work on /opt/airflow/dags/dbt_dag.py
[2025-11-08T13:50:45.605+0000] {processor.py:829} INFO - Processing file /opt/airflow/dags/dbt_dag.py for tasks to queue
[2025-11-08T13:50:45.606+0000] {logging_mixin.py:151} INFO - [2025-11-08T13:50:45.606+0000] {dagbag.py:539} INFO - Filling up the DagBag from /opt/airflow/dags/dbt_dag.py
[2025-11-08T13:50:45.646+0000] {processor.py:839} INFO - DAG(s) dict_keys(['dbt_transform']) retrieved from /opt/airflow/dags/dbt_dag.py
[2025-11-08T13:50:45.700+0000] {logging_mixin.py:151} INFO - [2025-11-08T13:50:45.700+0000] {dag.py:2915} INFO - Sync 1 DAGs
[2025-11-08T13:50:45.777+0000] {logging_mixin.py:151} INFO - [2025-11-08T13:50:45.776+0000] {dag.py:3696} INFO - Setting next_dagrun for dbt_transform to 2025-11-08T13:47:35.149825+00:00, run_after=2025-11-08T13:52:35.149825+00:00
[2025-11-08T13:50:45.848+0000] {processor.py:179} INFO - Processing /opt/airflow/dags/dbt_dag.py took 0.250 seconds
[2025-11-08T13:51:16.068+0000] {processor.py:157} INFO - Started process (PID=4207) to work on /opt/airflow/dags/dbt_dag.py
[2025-11-08T13:51:16.070+0000] {processor.py:829} INFO - Processing file /opt/airflow/dags/dbt_dag.py for tasks to queue
[2025-11-08T13:51:16.071+0000] {logging_mixin.py:151} INFO - [2025-11-08T13:51:16.071+0000] {dagbag.py:539} INFO - Filling up the DagBag from /opt/airflow/dags/dbt_dag.py
[2025-11-08T13:51:16.106+0000] {processor.py:839} INFO - DAG(s) dict_keys(['dbt_transform']) retrieved from /opt/airflow/dags/dbt_dag.py
[2025-11-08T13:51:16.158+0000] {logging_mixin.py:151} INFO - [2025-11-08T13:51:16.157+0000] {dag.py:2915} INFO - Sync 1 DAGs
[2025-11-08T13:51:16.197+0000] {logging_mixin.py:151} INFO - [2025-11-08T13:51:16.197+0000] {dag.py:3696} INFO - Setting next_dagrun for dbt_transform to 2025-11-08T13:47:35.149825+00:00, run_after=2025-11-08T13:52:35.149825+00:00
[2025-11-08T13:51:16.229+0000] {processor.py:179} INFO - Processing /opt/airflow/dags/dbt_dag.py took 0.169 seconds
[2025-11-08T13:51:46.525+0000] {processor.py:157} INFO - Started process (PID=4212) to work on /opt/airflow/dags/dbt_dag.py
[2025-11-08T13:51:46.527+0000] {processor.py:829} INFO - Processing file /opt/airflow/dags/dbt_dag.py for tasks to queue
[2025-11-08T13:51:46.529+0000] {logging_mixin.py:151} INFO - [2025-11-08T13:51:46.528+0000] {dagbag.py:539} INFO - Filling up the DagBag from /opt/airflow/dags/dbt_dag.py
[2025-11-08T13:51:46.566+0000] {processor.py:839} INFO - DAG(s) dict_keys(['dbt_transform']) retrieved from /opt/airflow/dags/dbt_dag.py
[2025-11-08T13:51:46.615+0000] {logging_mixin.py:151} INFO - [2025-11-08T13:51:46.614+0000] {dag.py:2915} INFO - Sync 1 DAGs
[2025-11-08T13:51:46.654+0000] {logging_mixin.py:151} INFO - [2025-11-08T13:51:46.653+0000] {dag.py:3696} INFO - Setting next_dagrun for dbt_transform to 2025-11-08T13:47:35.149825+00:00, run_after=2025-11-08T13:52:35.149825+00:00
[2025-11-08T13:51:46.687+0000] {processor.py:179} INFO - Processing /opt/airflow/dags/dbt_dag.py took 0.168 seconds
[2025-11-08T13:52:16.907+0000] {processor.py:157} INFO - Started process (PID=4217) to work on /opt/airflow/dags/dbt_dag.py
[2025-11-08T13:52:16.909+0000] {processor.py:829} INFO - Processing file /opt/airflow/dags/dbt_dag.py for tasks to queue
[2025-11-08T13:52:16.911+0000] {logging_mixin.py:151} INFO - [2025-11-08T13:52:16.911+0000] {dagbag.py:539} INFO - Filling up the DagBag from /opt/airflow/dags/dbt_dag.py
[2025-11-08T13:52:16.968+0000] {processor.py:839} INFO - DAG(s) dict_keys(['dbt_transform']) retrieved from /opt/airflow/dags/dbt_dag.py
[2025-11-08T13:52:17.051+0000] {logging_mixin.py:151} INFO - [2025-11-08T13:52:17.050+0000] {dag.py:2915} INFO - Sync 1 DAGs
[2025-11-08T13:52:17.102+0000] {logging_mixin.py:151} INFO - [2025-11-08T13:52:17.102+0000] {dag.py:3696} INFO - Setting next_dagrun for dbt_transform to 2025-11-08T13:47:35.149825+00:00, run_after=2025-11-08T13:52:35.149825+00:00
[2025-11-08T13:52:17.151+0000] {processor.py:179} INFO - Processing /opt/airflow/dags/dbt_dag.py took 0.257 seconds
[2025-11-08T13:52:47.311+0000] {processor.py:157} INFO - Started process (PID=4325) to work on /opt/airflow/dags/dbt_dag.py
[2025-11-08T13:52:47.319+0000] {processor.py:829} INFO - Processing file /opt/airflow/dags/dbt_dag.py for tasks to queue
[2025-11-08T13:52:47.322+0000] {logging_mixin.py:151} INFO - [2025-11-08T13:52:47.321+0000] {dagbag.py:539} INFO - Filling up the DagBag from /opt/airflow/dags/dbt_dag.py
[2025-11-08T13:52:47.378+0000] {processor.py:839} INFO - DAG(s) dict_keys(['dbt_transform']) retrieved from /opt/airflow/dags/dbt_dag.py
[2025-11-08T13:52:47.467+0000] {logging_mixin.py:151} INFO - [2025-11-08T13:52:47.467+0000] {dag.py:2915} INFO - Sync 1 DAGs
[2025-11-08T13:52:47.583+0000] {logging_mixin.py:151} INFO - [2025-11-08T13:52:47.583+0000] {dag.py:3696} INFO - Setting next_dagrun for dbt_transform to 2025-11-08T13:52:47.027439+00:00, run_after=2025-11-08T13:57:47.027439+00:00
[2025-11-08T13:52:47.632+0000] {processor.py:179} INFO - Processing /opt/airflow/dags/dbt_dag.py took 0.330 seconds
[2025-11-08T13:53:17.767+0000] {processor.py:157} INFO - Started process (PID=4381) to work on /opt/airflow/dags/dbt_dag.py
[2025-11-08T13:53:17.769+0000] {processor.py:829} INFO - Processing file /opt/airflow/dags/dbt_dag.py for tasks to queue
[2025-11-08T13:53:17.772+0000] {logging_mixin.py:151} INFO - [2025-11-08T13:53:17.771+0000] {dagbag.py:539} INFO - Filling up the DagBag from /opt/airflow/dags/dbt_dag.py
[2025-11-08T13:53:17.817+0000] {processor.py:839} INFO - DAG(s) dict_keys(['dbt_transform']) retrieved from /opt/airflow/dags/dbt_dag.py
[2025-11-08T13:53:17.884+0000] {logging_mixin.py:151} INFO - [2025-11-08T13:53:17.884+0000] {dag.py:2915} INFO - Sync 1 DAGs
[2025-11-08T13:53:17.936+0000] {logging_mixin.py:151} INFO - [2025-11-08T13:53:17.936+0000] {dag.py:3696} INFO - Setting next_dagrun for dbt_transform to 2025-11-08T13:52:57.996579+00:00, run_after=2025-11-08T13:57:57.996579+00:00
[2025-11-08T13:53:17.987+0000] {processor.py:179} INFO - Processing /opt/airflow/dags/dbt_dag.py took 0.229 seconds
[2025-11-08T13:53:48.228+0000] {processor.py:157} INFO - Started process (PID=4386) to work on /opt/airflow/dags/dbt_dag.py
[2025-11-08T13:53:48.229+0000] {processor.py:829} INFO - Processing file /opt/airflow/dags/dbt_dag.py for tasks to queue
[2025-11-08T13:53:48.231+0000] {logging_mixin.py:151} INFO - [2025-11-08T13:53:48.230+0000] {dagbag.py:539} INFO - Filling up the DagBag from /opt/airflow/dags/dbt_dag.py
[2025-11-08T13:53:48.268+0000] {processor.py:839} INFO - DAG(s) dict_keys(['dbt_transform']) retrieved from /opt/airflow/dags/dbt_dag.py
[2025-11-08T13:53:48.343+0000] {logging_mixin.py:151} INFO - [2025-11-08T13:53:48.342+0000] {dag.py:2915} INFO - Sync 1 DAGs
[2025-11-08T13:53:48.414+0000] {logging_mixin.py:151} INFO - [2025-11-08T13:53:48.414+0000] {dag.py:3696} INFO - Setting next_dagrun for dbt_transform to 2025-11-08T13:52:57.996579+00:00, run_after=2025-11-08T13:57:57.996579+00:00
[2025-11-08T13:53:48.477+0000] {processor.py:179} INFO - Processing /opt/airflow/dags/dbt_dag.py took 0.256 seconds
[2025-11-08T13:54:18.597+0000] {processor.py:157} INFO - Started process (PID=4391) to work on /opt/airflow/dags/dbt_dag.py
[2025-11-08T13:54:18.599+0000] {processor.py:829} INFO - Processing file /opt/airflow/dags/dbt_dag.py for tasks to queue
[2025-11-08T13:54:18.601+0000] {logging_mixin.py:151} INFO - [2025-11-08T13:54:18.601+0000] {dagbag.py:539} INFO - Filling up the DagBag from /opt/airflow/dags/dbt_dag.py
[2025-11-08T13:54:18.641+0000] {processor.py:839} INFO - DAG(s) dict_keys(['dbt_transform']) retrieved from /opt/airflow/dags/dbt_dag.py
[2025-11-08T13:54:18.703+0000] {logging_mixin.py:151} INFO - [2025-11-08T13:54:18.703+0000] {dag.py:2915} INFO - Sync 1 DAGs
[2025-11-08T13:54:18.759+0000] {logging_mixin.py:151} INFO - [2025-11-08T13:54:18.759+0000] {dag.py:3696} INFO - Setting next_dagrun for dbt_transform to 2025-11-08T13:52:57.996579+00:00, run_after=2025-11-08T13:57:57.996579+00:00
[2025-11-08T13:54:18.811+0000] {processor.py:179} INFO - Processing /opt/airflow/dags/dbt_dag.py took 0.221 seconds
[2025-11-08T13:54:49.083+0000] {processor.py:157} INFO - Started process (PID=4396) to work on /opt/airflow/dags/dbt_dag.py
[2025-11-08T13:54:49.085+0000] {processor.py:829} INFO - Processing file /opt/airflow/dags/dbt_dag.py for tasks to queue
[2025-11-08T13:54:49.086+0000] {logging_mixin.py:151} INFO - [2025-11-08T13:54:49.085+0000] {dagbag.py:539} INFO - Filling up the DagBag from /opt/airflow/dags/dbt_dag.py
[2025-11-08T13:54:49.120+0000] {processor.py:839} INFO - DAG(s) dict_keys(['dbt_transform']) retrieved from /opt/airflow/dags/dbt_dag.py
[2025-11-08T13:54:49.167+0000] {logging_mixin.py:151} INFO - [2025-11-08T13:54:49.167+0000] {dag.py:2915} INFO - Sync 1 DAGs
[2025-11-08T13:54:49.202+0000] {logging_mixin.py:151} INFO - [2025-11-08T13:54:49.202+0000] {dag.py:3696} INFO - Setting next_dagrun for dbt_transform to 2025-11-08T13:52:57.996579+00:00, run_after=2025-11-08T13:57:57.996579+00:00
[2025-11-08T13:54:49.238+0000] {processor.py:179} INFO - Processing /opt/airflow/dags/dbt_dag.py took 0.160 seconds
[2025-11-08T13:55:19.403+0000] {processor.py:157} INFO - Started process (PID=4401) to work on /opt/airflow/dags/dbt_dag.py
[2025-11-08T13:55:19.405+0000] {processor.py:829} INFO - Processing file /opt/airflow/dags/dbt_dag.py for tasks to queue
[2025-11-08T13:55:19.407+0000] {logging_mixin.py:151} INFO - [2025-11-08T13:55:19.406+0000] {dagbag.py:539} INFO - Filling up the DagBag from /opt/airflow/dags/dbt_dag.py
[2025-11-08T13:55:19.442+0000] {processor.py:839} INFO - DAG(s) dict_keys(['dbt_transform']) retrieved from /opt/airflow/dags/dbt_dag.py
[2025-11-08T13:55:19.504+0000] {logging_mixin.py:151} INFO - [2025-11-08T13:55:19.503+0000] {dag.py:2915} INFO - Sync 1 DAGs
[2025-11-08T13:55:19.573+0000] {logging_mixin.py:151} INFO - [2025-11-08T13:55:19.572+0000] {dag.py:3696} INFO - Setting next_dagrun for dbt_transform to 2025-11-08T13:52:57.996579+00:00, run_after=2025-11-08T13:57:57.996579+00:00
[2025-11-08T13:55:19.626+0000] {processor.py:179} INFO - Processing /opt/airflow/dags/dbt_dag.py took 0.230 seconds
[2025-11-08T13:55:49.853+0000] {processor.py:157} INFO - Started process (PID=4406) to work on /opt/airflow/dags/dbt_dag.py
[2025-11-08T13:55:49.855+0000] {processor.py:829} INFO - Processing file /opt/airflow/dags/dbt_dag.py for tasks to queue
[2025-11-08T13:55:49.857+0000] {logging_mixin.py:151} INFO - [2025-11-08T13:55:49.856+0000] {dagbag.py:539} INFO - Filling up the DagBag from /opt/airflow/dags/dbt_dag.py
[2025-11-08T13:55:49.895+0000] {processor.py:839} INFO - DAG(s) dict_keys(['dbt_transform']) retrieved from /opt/airflow/dags/dbt_dag.py
[2025-11-08T13:55:49.946+0000] {logging_mixin.py:151} INFO - [2025-11-08T13:55:49.946+0000] {dag.py:2915} INFO - Sync 1 DAGs
[2025-11-08T13:55:50.002+0000] {logging_mixin.py:151} INFO - [2025-11-08T13:55:50.002+0000] {dag.py:3696} INFO - Setting next_dagrun for dbt_transform to 2025-11-08T13:52:57.996579+00:00, run_after=2025-11-08T13:57:57.996579+00:00
[2025-11-08T13:55:50.048+0000] {processor.py:179} INFO - Processing /opt/airflow/dags/dbt_dag.py took 0.201 seconds
[2025-11-08T13:56:20.244+0000] {processor.py:157} INFO - Started process (PID=4411) to work on /opt/airflow/dags/dbt_dag.py
[2025-11-08T13:56:20.246+0000] {processor.py:829} INFO - Processing file /opt/airflow/dags/dbt_dag.py for tasks to queue
[2025-11-08T13:56:20.248+0000] {logging_mixin.py:151} INFO - [2025-11-08T13:56:20.247+0000] {dagbag.py:539} INFO - Filling up the DagBag from /opt/airflow/dags/dbt_dag.py
[2025-11-08T13:56:20.282+0000] {processor.py:839} INFO - DAG(s) dict_keys(['dbt_transform']) retrieved from /opt/airflow/dags/dbt_dag.py
[2025-11-08T13:56:20.333+0000] {logging_mixin.py:151} INFO - [2025-11-08T13:56:20.333+0000] {dag.py:2915} INFO - Sync 1 DAGs
[2025-11-08T13:56:20.405+0000] {logging_mixin.py:151} INFO - [2025-11-08T13:56:20.404+0000] {dag.py:3696} INFO - Setting next_dagrun for dbt_transform to 2025-11-08T13:52:57.996579+00:00, run_after=2025-11-08T13:57:57.996579+00:00
[2025-11-08T13:56:20.466+0000] {processor.py:179} INFO - Processing /opt/airflow/dags/dbt_dag.py took 0.229 seconds
[2025-11-08T13:56:50.704+0000] {processor.py:157} INFO - Started process (PID=4416) to work on /opt/airflow/dags/dbt_dag.py
[2025-11-08T13:56:50.706+0000] {processor.py:829} INFO - Processing file /opt/airflow/dags/dbt_dag.py for tasks to queue
[2025-11-08T13:56:50.708+0000] {logging_mixin.py:151} INFO - [2025-11-08T13:56:50.707+0000] {dagbag.py:539} INFO - Filling up the DagBag from /opt/airflow/dags/dbt_dag.py
[2025-11-08T13:56:50.750+0000] {processor.py:839} INFO - DAG(s) dict_keys(['dbt_transform']) retrieved from /opt/airflow/dags/dbt_dag.py
[2025-11-08T13:56:50.807+0000] {logging_mixin.py:151} INFO - [2025-11-08T13:56:50.806+0000] {dag.py:2915} INFO - Sync 1 DAGs
[2025-11-08T13:56:50.851+0000] {logging_mixin.py:151} INFO - [2025-11-08T13:56:50.851+0000] {dag.py:3696} INFO - Setting next_dagrun for dbt_transform to 2025-11-08T13:52:57.996579+00:00, run_after=2025-11-08T13:57:57.996579+00:00
[2025-11-08T13:56:50.887+0000] {processor.py:179} INFO - Processing /opt/airflow/dags/dbt_dag.py took 0.190 seconds
[2025-11-08T13:57:20.977+0000] {processor.py:157} INFO - Started process (PID=4421) to work on /opt/airflow/dags/dbt_dag.py
[2025-11-08T13:57:20.979+0000] {processor.py:829} INFO - Processing file /opt/airflow/dags/dbt_dag.py for tasks to queue
[2025-11-08T13:57:20.982+0000] {logging_mixin.py:151} INFO - [2025-11-08T13:57:20.980+0000] {dagbag.py:539} INFO - Filling up the DagBag from /opt/airflow/dags/dbt_dag.py
[2025-11-08T13:57:21.007+0000] {processor.py:839} INFO - DAG(s) dict_keys(['dbt_transform']) retrieved from /opt/airflow/dags/dbt_dag.py
[2025-11-08T13:57:21.046+0000] {logging_mixin.py:151} INFO - [2025-11-08T13:57:21.046+0000] {dag.py:2915} INFO - Sync 1 DAGs
[2025-11-08T13:57:21.075+0000] {logging_mixin.py:151} INFO - [2025-11-08T13:57:21.075+0000] {dag.py:3696} INFO - Setting next_dagrun for dbt_transform to 2025-11-08T13:52:57.996579+00:00, run_after=2025-11-08T13:57:57.996579+00:00
[2025-11-08T13:57:21.099+0000] {processor.py:179} INFO - Processing /opt/airflow/dags/dbt_dag.py took 0.127 seconds
[2025-11-08T13:57:51.442+0000] {processor.py:157} INFO - Started process (PID=4441) to work on /opt/airflow/dags/dbt_dag.py
[2025-11-08T13:57:51.445+0000] {processor.py:829} INFO - Processing file /opt/airflow/dags/dbt_dag.py for tasks to queue
[2025-11-08T13:57:51.447+0000] {logging_mixin.py:151} INFO - [2025-11-08T13:57:51.446+0000] {dagbag.py:539} INFO - Filling up the DagBag from /opt/airflow/dags/dbt_dag.py
[2025-11-08T13:57:51.494+0000] {processor.py:839} INFO - DAG(s) dict_keys(['dbt_transform']) retrieved from /opt/airflow/dags/dbt_dag.py
[2025-11-08T13:57:51.565+0000] {logging_mixin.py:151} INFO - [2025-11-08T13:57:51.565+0000] {dag.py:2915} INFO - Sync 1 DAGs
[2025-11-08T13:57:51.621+0000] {logging_mixin.py:151} INFO - [2025-11-08T13:57:51.620+0000] {dag.py:3696} INFO - Setting next_dagrun for dbt_transform to 2025-11-08T13:52:57.996579+00:00, run_after=2025-11-08T13:57:57.996579+00:00
[2025-11-08T13:57:51.674+0000] {processor.py:179} INFO - Processing /opt/airflow/dags/dbt_dag.py took 0.241 seconds
[2025-11-08T13:58:22.001+0000] {processor.py:157} INFO - Started process (PID=4577) to work on /opt/airflow/dags/dbt_dag.py
[2025-11-08T13:58:22.002+0000] {processor.py:829} INFO - Processing file /opt/airflow/dags/dbt_dag.py for tasks to queue
[2025-11-08T13:58:22.004+0000] {logging_mixin.py:151} INFO - [2025-11-08T13:58:22.003+0000] {dagbag.py:539} INFO - Filling up the DagBag from /opt/airflow/dags/dbt_dag.py
[2025-11-08T13:58:22.042+0000] {processor.py:839} INFO - DAG(s) dict_keys(['dbt_transform']) retrieved from /opt/airflow/dags/dbt_dag.py
[2025-11-08T13:58:22.101+0000] {logging_mixin.py:151} INFO - [2025-11-08T13:58:22.101+0000] {dag.py:2915} INFO - Sync 1 DAGs
[2025-11-08T13:58:22.152+0000] {logging_mixin.py:151} INFO - [2025-11-08T13:58:22.151+0000] {dag.py:3696} INFO - Setting next_dagrun for dbt_transform to 2025-11-08T13:58:21.609612+00:00, run_after=2025-11-08T14:03:21.609612+00:00
[2025-11-08T13:58:22.205+0000] {processor.py:179} INFO - Processing /opt/airflow/dags/dbt_dag.py took 0.211 seconds
[2025-11-08T13:58:52.538+0000] {processor.py:157} INFO - Started process (PID=4609) to work on /opt/airflow/dags/dbt_dag.py
[2025-11-08T13:58:52.540+0000] {processor.py:829} INFO - Processing file /opt/airflow/dags/dbt_dag.py for tasks to queue
[2025-11-08T13:58:52.542+0000] {logging_mixin.py:151} INFO - [2025-11-08T13:58:52.541+0000] {dagbag.py:539} INFO - Filling up the DagBag from /opt/airflow/dags/dbt_dag.py
[2025-11-08T13:58:52.582+0000] {processor.py:839} INFO - DAG(s) dict_keys(['dbt_transform']) retrieved from /opt/airflow/dags/dbt_dag.py
[2025-11-08T13:58:52.639+0000] {logging_mixin.py:151} INFO - [2025-11-08T13:58:52.639+0000] {dag.py:2915} INFO - Sync 1 DAGs
[2025-11-08T13:58:52.680+0000] {logging_mixin.py:151} INFO - [2025-11-08T13:58:52.679+0000] {dag.py:3696} INFO - Setting next_dagrun for dbt_transform to 2025-11-08T13:58:24.156029+00:00, run_after=2025-11-08T14:03:24.156029+00:00
[2025-11-08T13:58:52.720+0000] {processor.py:179} INFO - Processing /opt/airflow/dags/dbt_dag.py took 0.189 seconds
[2025-11-08T13:59:22.835+0000] {processor.py:157} INFO - Started process (PID=4614) to work on /opt/airflow/dags/dbt_dag.py
[2025-11-08T13:59:22.838+0000] {processor.py:829} INFO - Processing file /opt/airflow/dags/dbt_dag.py for tasks to queue
[2025-11-08T13:59:22.841+0000] {logging_mixin.py:151} INFO - [2025-11-08T13:59:22.840+0000] {dagbag.py:539} INFO - Filling up the DagBag from /opt/airflow/dags/dbt_dag.py
[2025-11-08T13:59:22.885+0000] {processor.py:839} INFO - DAG(s) dict_keys(['dbt_transform']) retrieved from /opt/airflow/dags/dbt_dag.py
[2025-11-08T13:59:22.954+0000] {logging_mixin.py:151} INFO - [2025-11-08T13:59:22.953+0000] {dag.py:2915} INFO - Sync 1 DAGs
[2025-11-08T13:59:23.007+0000] {logging_mixin.py:151} INFO - [2025-11-08T13:59:23.007+0000] {dag.py:3696} INFO - Setting next_dagrun for dbt_transform to 2025-11-08T13:58:24.156029+00:00, run_after=2025-11-08T14:03:24.156029+00:00
[2025-11-08T13:59:23.064+0000] {processor.py:179} INFO - Processing /opt/airflow/dags/dbt_dag.py took 0.237 seconds
[2025-11-08T13:59:53.403+0000] {processor.py:157} INFO - Started process (PID=4619) to work on /opt/airflow/dags/dbt_dag.py
[2025-11-08T13:59:53.404+0000] {processor.py:829} INFO - Processing file /opt/airflow/dags/dbt_dag.py for tasks to queue
[2025-11-08T13:59:53.406+0000] {logging_mixin.py:151} INFO - [2025-11-08T13:59:53.406+0000] {dagbag.py:539} INFO - Filling up the DagBag from /opt/airflow/dags/dbt_dag.py
[2025-11-08T13:59:53.447+0000] {processor.py:839} INFO - DAG(s) dict_keys(['dbt_transform']) retrieved from /opt/airflow/dags/dbt_dag.py
[2025-11-08T13:59:53.509+0000] {logging_mixin.py:151} INFO - [2025-11-08T13:59:53.508+0000] {dag.py:2915} INFO - Sync 1 DAGs
[2025-11-08T13:59:53.557+0000] {logging_mixin.py:151} INFO - [2025-11-08T13:59:53.557+0000] {dag.py:3696} INFO - Setting next_dagrun for dbt_transform to 2025-11-08T13:58:24.156029+00:00, run_after=2025-11-08T14:03:24.156029+00:00
[2025-11-08T13:59:53.596+0000] {processor.py:179} INFO - Processing /opt/airflow/dags/dbt_dag.py took 0.199 seconds
[2025-11-08T14:00:23.705+0000] {processor.py:157} INFO - Started process (PID=4624) to work on /opt/airflow/dags/dbt_dag.py
[2025-11-08T14:00:23.706+0000] {processor.py:829} INFO - Processing file /opt/airflow/dags/dbt_dag.py for tasks to queue
[2025-11-08T14:00:23.708+0000] {logging_mixin.py:151} INFO - [2025-11-08T14:00:23.707+0000] {dagbag.py:539} INFO - Filling up the DagBag from /opt/airflow/dags/dbt_dag.py
[2025-11-08T14:00:23.754+0000] {processor.py:839} INFO - DAG(s) dict_keys(['dbt_transform']) retrieved from /opt/airflow/dags/dbt_dag.py
[2025-11-08T14:00:23.843+0000] {logging_mixin.py:151} INFO - [2025-11-08T14:00:23.843+0000] {dag.py:2915} INFO - Sync 1 DAGs
[2025-11-08T14:00:23.914+0000] {logging_mixin.py:151} INFO - [2025-11-08T14:00:23.913+0000] {dag.py:3696} INFO - Setting next_dagrun for dbt_transform to 2025-11-08T13:58:24.156029+00:00, run_after=2025-11-08T14:03:24.156029+00:00
[2025-11-08T14:00:23.969+0000] {processor.py:179} INFO - Processing /opt/airflow/dags/dbt_dag.py took 0.270 seconds
[2025-11-08T14:00:54.237+0000] {processor.py:157} INFO - Started process (PID=4629) to work on /opt/airflow/dags/dbt_dag.py
[2025-11-08T14:00:54.240+0000] {processor.py:829} INFO - Processing file /opt/airflow/dags/dbt_dag.py for tasks to queue
[2025-11-08T14:00:54.242+0000] {logging_mixin.py:151} INFO - [2025-11-08T14:00:54.241+0000] {dagbag.py:539} INFO - Filling up the DagBag from /opt/airflow/dags/dbt_dag.py
[2025-11-08T14:00:54.288+0000] {processor.py:839} INFO - DAG(s) dict_keys(['dbt_transform']) retrieved from /opt/airflow/dags/dbt_dag.py
[2025-11-08T14:00:54.361+0000] {logging_mixin.py:151} INFO - [2025-11-08T14:00:54.361+0000] {dag.py:2915} INFO - Sync 1 DAGs
[2025-11-08T14:00:54.410+0000] {logging_mixin.py:151} INFO - [2025-11-08T14:00:54.410+0000] {dag.py:3696} INFO - Setting next_dagrun for dbt_transform to 2025-11-08T13:58:24.156029+00:00, run_after=2025-11-08T14:03:24.156029+00:00
[2025-11-08T14:00:54.456+0000] {processor.py:179} INFO - Processing /opt/airflow/dags/dbt_dag.py took 0.230 seconds
[2025-11-08T14:01:24.750+0000] {processor.py:157} INFO - Started process (PID=4634) to work on /opt/airflow/dags/dbt_dag.py
[2025-11-08T14:01:24.752+0000] {processor.py:829} INFO - Processing file /opt/airflow/dags/dbt_dag.py for tasks to queue
[2025-11-08T14:01:24.755+0000] {logging_mixin.py:151} INFO - [2025-11-08T14:01:24.754+0000] {dagbag.py:539} INFO - Filling up the DagBag from /opt/airflow/dags/dbt_dag.py
[2025-11-08T14:01:24.821+0000] {processor.py:839} INFO - DAG(s) dict_keys(['dbt_transform']) retrieved from /opt/airflow/dags/dbt_dag.py
[2025-11-08T14:01:24.957+0000] {logging_mixin.py:151} INFO - [2025-11-08T14:01:24.956+0000] {dag.py:2915} INFO - Sync 1 DAGs
[2025-11-08T14:01:25.009+0000] {logging_mixin.py:151} INFO - [2025-11-08T14:01:25.008+0000] {dag.py:3696} INFO - Setting next_dagrun for dbt_transform to 2025-11-08T13:58:24.156029+00:00, run_after=2025-11-08T14:03:24.156029+00:00
[2025-11-08T14:01:25.057+0000] {processor.py:179} INFO - Processing /opt/airflow/dags/dbt_dag.py took 0.314 seconds
[2025-11-08T14:01:55.162+0000] {processor.py:157} INFO - Started process (PID=4639) to work on /opt/airflow/dags/dbt_dag.py
[2025-11-08T14:01:55.164+0000] {processor.py:829} INFO - Processing file /opt/airflow/dags/dbt_dag.py for tasks to queue
[2025-11-08T14:01:55.166+0000] {logging_mixin.py:151} INFO - [2025-11-08T14:01:55.165+0000] {dagbag.py:539} INFO - Filling up the DagBag from /opt/airflow/dags/dbt_dag.py
[2025-11-08T14:01:55.219+0000] {processor.py:839} INFO - DAG(s) dict_keys(['dbt_transform']) retrieved from /opt/airflow/dags/dbt_dag.py
[2025-11-08T14:01:55.293+0000] {logging_mixin.py:151} INFO - [2025-11-08T14:01:55.292+0000] {dag.py:2915} INFO - Sync 1 DAGs
[2025-11-08T14:01:55.357+0000] {logging_mixin.py:151} INFO - [2025-11-08T14:01:55.356+0000] {dag.py:3696} INFO - Setting next_dagrun for dbt_transform to 2025-11-08T13:58:24.156029+00:00, run_after=2025-11-08T14:03:24.156029+00:00
[2025-11-08T14:01:55.411+0000] {processor.py:179} INFO - Processing /opt/airflow/dags/dbt_dag.py took 0.259 seconds
[2025-11-08T14:02:25.711+0000] {processor.py:157} INFO - Started process (PID=4644) to work on /opt/airflow/dags/dbt_dag.py
[2025-11-08T14:02:25.713+0000] {processor.py:829} INFO - Processing file /opt/airflow/dags/dbt_dag.py for tasks to queue
[2025-11-08T14:02:25.715+0000] {logging_mixin.py:151} INFO - [2025-11-08T14:02:25.715+0000] {dagbag.py:539} INFO - Filling up the DagBag from /opt/airflow/dags/dbt_dag.py
[2025-11-08T14:02:25.761+0000] {processor.py:839} INFO - DAG(s) dict_keys(['dbt_transform']) retrieved from /opt/airflow/dags/dbt_dag.py
[2025-11-08T14:02:25.823+0000] {logging_mixin.py:151} INFO - [2025-11-08T14:02:25.822+0000] {dag.py:2915} INFO - Sync 1 DAGs
[2025-11-08T14:02:25.923+0000] {logging_mixin.py:151} INFO - [2025-11-08T14:02:25.923+0000] {dag.py:3696} INFO - Setting next_dagrun for dbt_transform to 2025-11-08T13:58:24.156029+00:00, run_after=2025-11-08T14:03:24.156029+00:00
[2025-11-08T14:02:25.979+0000] {processor.py:179} INFO - Processing /opt/airflow/dags/dbt_dag.py took 0.275 seconds
[2025-11-08T14:02:56.326+0000] {processor.py:157} INFO - Started process (PID=4649) to work on /opt/airflow/dags/dbt_dag.py
[2025-11-08T14:02:56.328+0000] {processor.py:829} INFO - Processing file /opt/airflow/dags/dbt_dag.py for tasks to queue
[2025-11-08T14:02:56.330+0000] {logging_mixin.py:151} INFO - [2025-11-08T14:02:56.329+0000] {dagbag.py:539} INFO - Filling up the DagBag from /opt/airflow/dags/dbt_dag.py
[2025-11-08T14:02:56.374+0000] {processor.py:839} INFO - DAG(s) dict_keys(['dbt_transform']) retrieved from /opt/airflow/dags/dbt_dag.py
[2025-11-08T14:02:56.440+0000] {logging_mixin.py:151} INFO - [2025-11-08T14:02:56.440+0000] {dag.py:2915} INFO - Sync 1 DAGs
[2025-11-08T14:02:56.500+0000] {logging_mixin.py:151} INFO - [2025-11-08T14:02:56.499+0000] {dag.py:3696} INFO - Setting next_dagrun for dbt_transform to 2025-11-08T13:58:24.156029+00:00, run_after=2025-11-08T14:03:24.156029+00:00
[2025-11-08T14:02:56.548+0000] {processor.py:179} INFO - Processing /opt/airflow/dags/dbt_dag.py took 0.230 seconds
[2025-11-08T14:03:26.899+0000] {processor.py:157} INFO - Started process (PID=4709) to work on /opt/airflow/dags/dbt_dag.py
[2025-11-08T14:03:26.901+0000] {processor.py:829} INFO - Processing file /opt/airflow/dags/dbt_dag.py for tasks to queue
[2025-11-08T14:03:26.903+0000] {logging_mixin.py:151} INFO - [2025-11-08T14:03:26.902+0000] {dagbag.py:539} INFO - Filling up the DagBag from /opt/airflow/dags/dbt_dag.py
[2025-11-08T14:03:26.955+0000] {processor.py:839} INFO - DAG(s) dict_keys(['dbt_transform']) retrieved from /opt/airflow/dags/dbt_dag.py
[2025-11-08T14:03:27.027+0000] {logging_mixin.py:151} INFO - [2025-11-08T14:03:27.026+0000] {dag.py:2915} INFO - Sync 1 DAGs
[2025-11-08T14:03:27.082+0000] {logging_mixin.py:151} INFO - [2025-11-08T14:03:27.082+0000] {dag.py:3696} INFO - Setting next_dagrun for dbt_transform to 2025-11-08T14:03:24.156029+00:00, run_after=2025-11-08T14:08:24.156029+00:00
[2025-11-08T14:03:27.132+0000] {processor.py:179} INFO - Processing /opt/airflow/dags/dbt_dag.py took 0.247 seconds
[2025-11-08T14:03:57.514+0000] {processor.py:157} INFO - Started process (PID=4860) to work on /opt/airflow/dags/dbt_dag.py
[2025-11-08T14:03:57.516+0000] {processor.py:829} INFO - Processing file /opt/airflow/dags/dbt_dag.py for tasks to queue
[2025-11-08T14:03:57.518+0000] {logging_mixin.py:151} INFO - [2025-11-08T14:03:57.517+0000] {dagbag.py:539} INFO - Filling up the DagBag from /opt/airflow/dags/dbt_dag.py
[2025-11-08T14:03:57.556+0000] {processor.py:839} INFO - DAG(s) dict_keys(['dbt_transform']) retrieved from /opt/airflow/dags/dbt_dag.py
[2025-11-08T14:03:57.619+0000] {logging_mixin.py:151} INFO - [2025-11-08T14:03:57.618+0000] {dag.py:2915} INFO - Sync 1 DAGs
[2025-11-08T14:03:57.666+0000] {logging_mixin.py:151} INFO - [2025-11-08T14:03:57.665+0000] {dag.py:3696} INFO - Setting next_dagrun for dbt_transform to 2025-11-08T14:03:51.165003+00:00, run_after=2025-11-08T14:08:51.165003+00:00
[2025-11-08T14:03:57.707+0000] {processor.py:179} INFO - Processing /opt/airflow/dags/dbt_dag.py took 0.200 seconds
[2025-11-08T14:04:27.843+0000] {processor.py:157} INFO - Started process (PID=4865) to work on /opt/airflow/dags/dbt_dag.py
[2025-11-08T14:04:27.846+0000] {processor.py:829} INFO - Processing file /opt/airflow/dags/dbt_dag.py for tasks to queue
[2025-11-08T14:04:27.849+0000] {logging_mixin.py:151} INFO - [2025-11-08T14:04:27.848+0000] {dagbag.py:539} INFO - Filling up the DagBag from /opt/airflow/dags/dbt_dag.py
[2025-11-08T14:04:27.916+0000] {processor.py:839} INFO - DAG(s) dict_keys(['dbt_transform']) retrieved from /opt/airflow/dags/dbt_dag.py
[2025-11-08T14:04:27.994+0000] {logging_mixin.py:151} INFO - [2025-11-08T14:04:27.993+0000] {dag.py:2915} INFO - Sync 1 DAGs
[2025-11-08T14:04:28.093+0000] {logging_mixin.py:151} INFO - [2025-11-08T14:04:28.092+0000] {dag.py:3696} INFO - Setting next_dagrun for dbt_transform to 2025-11-08T14:03:51.165003+00:00, run_after=2025-11-08T14:08:51.165003+00:00
[2025-11-08T14:04:28.137+0000] {processor.py:179} INFO - Processing /opt/airflow/dags/dbt_dag.py took 0.309 seconds
[2025-11-08T14:04:58.388+0000] {processor.py:157} INFO - Started process (PID=4870) to work on /opt/airflow/dags/dbt_dag.py
[2025-11-08T14:04:58.391+0000] {processor.py:829} INFO - Processing file /opt/airflow/dags/dbt_dag.py for tasks to queue
[2025-11-08T14:04:58.393+0000] {logging_mixin.py:151} INFO - [2025-11-08T14:04:58.393+0000] {dagbag.py:539} INFO - Filling up the DagBag from /opt/airflow/dags/dbt_dag.py
[2025-11-08T14:04:58.457+0000] {processor.py:839} INFO - DAG(s) dict_keys(['dbt_transform']) retrieved from /opt/airflow/dags/dbt_dag.py
[2025-11-08T14:04:58.541+0000] {logging_mixin.py:151} INFO - [2025-11-08T14:04:58.541+0000] {dag.py:2915} INFO - Sync 1 DAGs
[2025-11-08T14:04:58.600+0000] {logging_mixin.py:151} INFO - [2025-11-08T14:04:58.600+0000] {dag.py:3696} INFO - Setting next_dagrun for dbt_transform to 2025-11-08T14:03:51.165003+00:00, run_after=2025-11-08T14:08:51.165003+00:00
[2025-11-08T14:04:58.652+0000] {processor.py:179} INFO - Processing /opt/airflow/dags/dbt_dag.py took 0.273 seconds
[2025-11-08T14:05:28.837+0000] {processor.py:157} INFO - Started process (PID=4875) to work on /opt/airflow/dags/dbt_dag.py
[2025-11-08T14:05:28.839+0000] {processor.py:829} INFO - Processing file /opt/airflow/dags/dbt_dag.py for tasks to queue
[2025-11-08T14:05:28.841+0000] {logging_mixin.py:151} INFO - [2025-11-08T14:05:28.841+0000] {dagbag.py:539} INFO - Filling up the DagBag from /opt/airflow/dags/dbt_dag.py
[2025-11-08T14:05:28.885+0000] {processor.py:839} INFO - DAG(s) dict_keys(['dbt_transform']) retrieved from /opt/airflow/dags/dbt_dag.py
[2025-11-08T14:05:28.950+0000] {logging_mixin.py:151} INFO - [2025-11-08T14:05:28.950+0000] {dag.py:2915} INFO - Sync 1 DAGs
[2025-11-08T14:05:28.996+0000] {logging_mixin.py:151} INFO - [2025-11-08T14:05:28.996+0000] {dag.py:3696} INFO - Setting next_dagrun for dbt_transform to 2025-11-08T14:03:51.165003+00:00, run_after=2025-11-08T14:08:51.165003+00:00
[2025-11-08T14:05:29.048+0000] {processor.py:179} INFO - Processing /opt/airflow/dags/dbt_dag.py took 0.220 seconds
[2025-11-08T14:05:59.365+0000] {processor.py:157} INFO - Started process (PID=4880) to work on /opt/airflow/dags/dbt_dag.py
[2025-11-08T14:05:59.368+0000] {processor.py:829} INFO - Processing file /opt/airflow/dags/dbt_dag.py for tasks to queue
[2025-11-08T14:05:59.370+0000] {logging_mixin.py:151} INFO - [2025-11-08T14:05:59.370+0000] {dagbag.py:539} INFO - Filling up the DagBag from /opt/airflow/dags/dbt_dag.py
[2025-11-08T14:05:59.414+0000] {processor.py:839} INFO - DAG(s) dict_keys(['dbt_transform']) retrieved from /opt/airflow/dags/dbt_dag.py
[2025-11-08T14:05:59.491+0000] {logging_mixin.py:151} INFO - [2025-11-08T14:05:59.490+0000] {dag.py:2915} INFO - Sync 1 DAGs
[2025-11-08T14:05:59.550+0000] {logging_mixin.py:151} INFO - [2025-11-08T14:05:59.550+0000] {dag.py:3696} INFO - Setting next_dagrun for dbt_transform to 2025-11-08T14:03:51.165003+00:00, run_after=2025-11-08T14:08:51.165003+00:00
[2025-11-08T14:05:59.601+0000] {processor.py:179} INFO - Processing /opt/airflow/dags/dbt_dag.py took 0.246 seconds
[2025-11-08T14:06:29.721+0000] {processor.py:157} INFO - Started process (PID=4885) to work on /opt/airflow/dags/dbt_dag.py
[2025-11-08T14:06:29.723+0000] {processor.py:829} INFO - Processing file /opt/airflow/dags/dbt_dag.py for tasks to queue
[2025-11-08T14:06:29.726+0000] {logging_mixin.py:151} INFO - [2025-11-08T14:06:29.725+0000] {dagbag.py:539} INFO - Filling up the DagBag from /opt/airflow/dags/dbt_dag.py
[2025-11-08T14:06:29.777+0000] {processor.py:839} INFO - DAG(s) dict_keys(['dbt_transform']) retrieved from /opt/airflow/dags/dbt_dag.py
[2025-11-08T14:06:29.851+0000] {logging_mixin.py:151} INFO - [2025-11-08T14:06:29.850+0000] {dag.py:2915} INFO - Sync 1 DAGs
[2025-11-08T14:06:29.904+0000] {logging_mixin.py:151} INFO - [2025-11-08T14:06:29.904+0000] {dag.py:3696} INFO - Setting next_dagrun for dbt_transform to 2025-11-08T14:03:51.165003+00:00, run_after=2025-11-08T14:08:51.165003+00:00
[2025-11-08T14:06:29.953+0000] {processor.py:179} INFO - Processing /opt/airflow/dags/dbt_dag.py took 0.242 seconds
[2025-11-08T14:07:00.371+0000] {processor.py:157} INFO - Started process (PID=4890) to work on /opt/airflow/dags/dbt_dag.py
[2025-11-08T14:07:00.372+0000] {processor.py:829} INFO - Processing file /opt/airflow/dags/dbt_dag.py for tasks to queue
[2025-11-08T14:07:00.374+0000] {logging_mixin.py:151} INFO - [2025-11-08T14:07:00.374+0000] {dagbag.py:539} INFO - Filling up the DagBag from /opt/airflow/dags/dbt_dag.py
[2025-11-08T14:07:00.428+0000] {processor.py:839} INFO - DAG(s) dict_keys(['dbt_transform']) retrieved from /opt/airflow/dags/dbt_dag.py
[2025-11-08T14:07:00.495+0000] {logging_mixin.py:151} INFO - [2025-11-08T14:07:00.494+0000] {dag.py:2915} INFO - Sync 1 DAGs
[2025-11-08T14:07:00.548+0000] {logging_mixin.py:151} INFO - [2025-11-08T14:07:00.548+0000] {dag.py:3696} INFO - Setting next_dagrun for dbt_transform to 2025-11-08T14:03:51.165003+00:00, run_after=2025-11-08T14:08:51.165003+00:00
[2025-11-08T14:07:00.604+0000] {processor.py:179} INFO - Processing /opt/airflow/dags/dbt_dag.py took 0.239 seconds
[2025-11-08T14:07:30.739+0000] {processor.py:157} INFO - Started process (PID=4895) to work on /opt/airflow/dags/dbt_dag.py
[2025-11-08T14:07:30.741+0000] {processor.py:829} INFO - Processing file /opt/airflow/dags/dbt_dag.py for tasks to queue
[2025-11-08T14:07:30.744+0000] {logging_mixin.py:151} INFO - [2025-11-08T14:07:30.743+0000] {dagbag.py:539} INFO - Filling up the DagBag from /opt/airflow/dags/dbt_dag.py
[2025-11-08T14:07:30.795+0000] {processor.py:839} INFO - DAG(s) dict_keys(['dbt_transform']) retrieved from /opt/airflow/dags/dbt_dag.py
[2025-11-08T14:07:30.884+0000] {logging_mixin.py:151} INFO - [2025-11-08T14:07:30.883+0000] {dag.py:2915} INFO - Sync 1 DAGs
[2025-11-08T14:07:30.950+0000] {logging_mixin.py:151} INFO - [2025-11-08T14:07:30.949+0000] {dag.py:3696} INFO - Setting next_dagrun for dbt_transform to 2025-11-08T14:03:51.165003+00:00, run_after=2025-11-08T14:08:51.165003+00:00
[2025-11-08T14:07:31.019+0000] {processor.py:179} INFO - Processing /opt/airflow/dags/dbt_dag.py took 0.289 seconds
[2025-11-08T14:08:01.239+0000] {processor.py:157} INFO - Started process (PID=4900) to work on /opt/airflow/dags/dbt_dag.py
[2025-11-08T14:08:01.241+0000] {processor.py:829} INFO - Processing file /opt/airflow/dags/dbt_dag.py for tasks to queue
[2025-11-08T14:08:01.243+0000] {logging_mixin.py:151} INFO - [2025-11-08T14:08:01.242+0000] {dagbag.py:539} INFO - Filling up the DagBag from /opt/airflow/dags/dbt_dag.py
[2025-11-08T14:08:01.281+0000] {processor.py:839} INFO - DAG(s) dict_keys(['dbt_transform']) retrieved from /opt/airflow/dags/dbt_dag.py
[2025-11-08T14:08:01.352+0000] {logging_mixin.py:151} INFO - [2025-11-08T14:08:01.351+0000] {dag.py:2915} INFO - Sync 1 DAGs
[2025-11-08T14:08:01.408+0000] {logging_mixin.py:151} INFO - [2025-11-08T14:08:01.407+0000] {dag.py:3696} INFO - Setting next_dagrun for dbt_transform to 2025-11-08T14:03:51.165003+00:00, run_after=2025-11-08T14:08:51.165003+00:00
[2025-11-08T14:08:01.469+0000] {processor.py:179} INFO - Processing /opt/airflow/dags/dbt_dag.py took 0.238 seconds
[2025-11-08T14:08:31.668+0000] {processor.py:157} INFO - Started process (PID=4905) to work on /opt/airflow/dags/dbt_dag.py
[2025-11-08T14:08:31.670+0000] {processor.py:829} INFO - Processing file /opt/airflow/dags/dbt_dag.py for tasks to queue
[2025-11-08T14:08:31.671+0000] {logging_mixin.py:151} INFO - [2025-11-08T14:08:31.670+0000] {dagbag.py:539} INFO - Filling up the DagBag from /opt/airflow/dags/dbt_dag.py
[2025-11-08T14:08:31.707+0000] {processor.py:839} INFO - DAG(s) dict_keys(['dbt_transform']) retrieved from /opt/airflow/dags/dbt_dag.py
[2025-11-08T14:08:31.762+0000] {logging_mixin.py:151} INFO - [2025-11-08T14:08:31.761+0000] {dag.py:2915} INFO - Sync 1 DAGs
[2025-11-08T14:08:31.810+0000] {logging_mixin.py:151} INFO - [2025-11-08T14:08:31.810+0000] {dag.py:3696} INFO - Setting next_dagrun for dbt_transform to 2025-11-08T14:03:51.165003+00:00, run_after=2025-11-08T14:08:51.165003+00:00
[2025-11-08T14:08:31.854+0000] {processor.py:179} INFO - Processing /opt/airflow/dags/dbt_dag.py took 0.193 seconds
[2025-11-08T14:09:02.507+0000] {processor.py:157} INFO - Started process (PID=5025) to work on /opt/airflow/dags/dbt_dag.py
[2025-11-08T14:09:02.510+0000] {processor.py:829} INFO - Processing file /opt/airflow/dags/dbt_dag.py for tasks to queue
[2025-11-08T14:09:02.513+0000] {logging_mixin.py:151} INFO - [2025-11-08T14:09:02.512+0000] {dagbag.py:539} INFO - Filling up the DagBag from /opt/airflow/dags/dbt_dag.py
[2025-11-08T14:09:02.618+0000] {processor.py:839} INFO - DAG(s) dict_keys(['dbt_transform']) retrieved from /opt/airflow/dags/dbt_dag.py
[2025-11-08T14:09:02.702+0000] {logging_mixin.py:151} INFO - [2025-11-08T14:09:02.701+0000] {dag.py:2915} INFO - Sync 1 DAGs
[2025-11-08T14:09:02.763+0000] {logging_mixin.py:151} INFO - [2025-11-08T14:09:02.762+0000] {dag.py:3696} INFO - Setting next_dagrun for dbt_transform to 2025-11-08T14:08:59.635379+00:00, run_after=2025-11-08T14:13:59.635379+00:00
[2025-11-08T14:09:02.813+0000] {processor.py:179} INFO - Processing /opt/airflow/dags/dbt_dag.py took 0.323 seconds
[2025-11-08T14:09:33.088+0000] {processor.py:157} INFO - Started process (PID=5124) to work on /opt/airflow/dags/dbt_dag.py
[2025-11-08T14:09:33.089+0000] {processor.py:829} INFO - Processing file /opt/airflow/dags/dbt_dag.py for tasks to queue
[2025-11-08T14:09:33.090+0000] {logging_mixin.py:151} INFO - [2025-11-08T14:09:33.090+0000] {dagbag.py:539} INFO - Filling up the DagBag from /opt/airflow/dags/dbt_dag.py
[2025-11-08T14:09:33.116+0000] {processor.py:839} INFO - DAG(s) dict_keys(['dbt_transform']) retrieved from /opt/airflow/dags/dbt_dag.py
[2025-11-08T14:09:33.153+0000] {logging_mixin.py:151} INFO - [2025-11-08T14:09:33.153+0000] {dag.py:2915} INFO - Sync 1 DAGs
[2025-11-08T14:09:33.177+0000] {logging_mixin.py:151} INFO - [2025-11-08T14:09:33.177+0000] {dag.py:3696} INFO - Setting next_dagrun for dbt_transform to 2025-11-08T14:09:20.206537+00:00, run_after=2025-11-08T14:14:20.206537+00:00
[2025-11-08T14:09:33.228+0000] {processor.py:179} INFO - Processing /opt/airflow/dags/dbt_dag.py took 0.145 seconds
[2025-11-08T14:10:03.391+0000] {processor.py:157} INFO - Started process (PID=5129) to work on /opt/airflow/dags/dbt_dag.py
[2025-11-08T14:10:03.393+0000] {processor.py:829} INFO - Processing file /opt/airflow/dags/dbt_dag.py for tasks to queue
[2025-11-08T14:10:03.394+0000] {logging_mixin.py:151} INFO - [2025-11-08T14:10:03.394+0000] {dagbag.py:539} INFO - Filling up the DagBag from /opt/airflow/dags/dbt_dag.py
[2025-11-08T14:10:03.438+0000] {processor.py:839} INFO - DAG(s) dict_keys(['dbt_transform']) retrieved from /opt/airflow/dags/dbt_dag.py
[2025-11-08T14:10:03.496+0000] {logging_mixin.py:151} INFO - [2025-11-08T14:10:03.495+0000] {dag.py:2915} INFO - Sync 1 DAGs
[2025-11-08T14:10:03.534+0000] {logging_mixin.py:151} INFO - [2025-11-08T14:10:03.534+0000] {dag.py:3696} INFO - Setting next_dagrun for dbt_transform to 2025-11-08T14:09:20.206537+00:00, run_after=2025-11-08T14:14:20.206537+00:00
[2025-11-08T14:10:03.569+0000] {processor.py:179} INFO - Processing /opt/airflow/dags/dbt_dag.py took 0.185 seconds
[2025-11-08T14:10:33.898+0000] {processor.py:157} INFO - Started process (PID=5134) to work on /opt/airflow/dags/dbt_dag.py
[2025-11-08T14:10:33.900+0000] {processor.py:829} INFO - Processing file /opt/airflow/dags/dbt_dag.py for tasks to queue
[2025-11-08T14:10:33.902+0000] {logging_mixin.py:151} INFO - [2025-11-08T14:10:33.902+0000] {dagbag.py:539} INFO - Filling up the DagBag from /opt/airflow/dags/dbt_dag.py
[2025-11-08T14:10:33.973+0000] {processor.py:839} INFO - DAG(s) dict_keys(['dbt_transform']) retrieved from /opt/airflow/dags/dbt_dag.py
[2025-11-08T14:10:34.048+0000] {logging_mixin.py:151} INFO - [2025-11-08T14:10:34.047+0000] {dag.py:2915} INFO - Sync 1 DAGs
[2025-11-08T14:10:34.086+0000] {logging_mixin.py:151} INFO - [2025-11-08T14:10:34.085+0000] {dag.py:3696} INFO - Setting next_dagrun for dbt_transform to 2025-11-08T14:09:20.206537+00:00, run_after=2025-11-08T14:14:20.206537+00:00
[2025-11-08T14:10:34.137+0000] {processor.py:179} INFO - Processing /opt/airflow/dags/dbt_dag.py took 0.256 seconds
[2025-11-08T14:11:04.499+0000] {processor.py:157} INFO - Started process (PID=5139) to work on /opt/airflow/dags/dbt_dag.py
[2025-11-08T14:11:04.500+0000] {processor.py:829} INFO - Processing file /opt/airflow/dags/dbt_dag.py for tasks to queue
[2025-11-08T14:11:04.502+0000] {logging_mixin.py:151} INFO - [2025-11-08T14:11:04.501+0000] {dagbag.py:539} INFO - Filling up the DagBag from /opt/airflow/dags/dbt_dag.py
[2025-11-08T14:11:04.537+0000] {processor.py:839} INFO - DAG(s) dict_keys(['dbt_transform']) retrieved from /opt/airflow/dags/dbt_dag.py
[2025-11-08T14:11:04.589+0000] {logging_mixin.py:151} INFO - [2025-11-08T14:11:04.588+0000] {dag.py:2915} INFO - Sync 1 DAGs
[2025-11-08T14:11:04.631+0000] {logging_mixin.py:151} INFO - [2025-11-08T14:11:04.630+0000] {dag.py:3696} INFO - Setting next_dagrun for dbt_transform to 2025-11-08T14:09:20.206537+00:00, run_after=2025-11-08T14:14:20.206537+00:00
[2025-11-08T14:11:04.683+0000] {processor.py:179} INFO - Processing /opt/airflow/dags/dbt_dag.py took 0.194 seconds
[2025-11-08T14:11:34.789+0000] {processor.py:157} INFO - Started process (PID=5144) to work on /opt/airflow/dags/dbt_dag.py
[2025-11-08T14:11:34.790+0000] {processor.py:829} INFO - Processing file /opt/airflow/dags/dbt_dag.py for tasks to queue
[2025-11-08T14:11:34.792+0000] {logging_mixin.py:151} INFO - [2025-11-08T14:11:34.792+0000] {dagbag.py:539} INFO - Filling up the DagBag from /opt/airflow/dags/dbt_dag.py
[2025-11-08T14:11:34.838+0000] {processor.py:839} INFO - DAG(s) dict_keys(['dbt_transform']) retrieved from /opt/airflow/dags/dbt_dag.py
[2025-11-08T14:11:34.907+0000] {logging_mixin.py:151} INFO - [2025-11-08T14:11:34.906+0000] {dag.py:2915} INFO - Sync 1 DAGs
[2025-11-08T14:11:34.960+0000] {logging_mixin.py:151} INFO - [2025-11-08T14:11:34.959+0000] {dag.py:3696} INFO - Setting next_dagrun for dbt_transform to 2025-11-08T14:09:20.206537+00:00, run_after=2025-11-08T14:14:20.206537+00:00
[2025-11-08T14:11:35.005+0000] {processor.py:179} INFO - Processing /opt/airflow/dags/dbt_dag.py took 0.223 seconds
[2025-11-08T14:12:05.311+0000] {processor.py:157} INFO - Started process (PID=5149) to work on /opt/airflow/dags/dbt_dag.py
[2025-11-08T14:12:05.313+0000] {processor.py:829} INFO - Processing file /opt/airflow/dags/dbt_dag.py for tasks to queue
[2025-11-08T14:12:05.316+0000] {logging_mixin.py:151} INFO - [2025-11-08T14:12:05.315+0000] {dagbag.py:539} INFO - Filling up the DagBag from /opt/airflow/dags/dbt_dag.py
[2025-11-08T14:12:05.358+0000] {processor.py:839} INFO - DAG(s) dict_keys(['dbt_transform']) retrieved from /opt/airflow/dags/dbt_dag.py
[2025-11-08T14:12:05.414+0000] {logging_mixin.py:151} INFO - [2025-11-08T14:12:05.414+0000] {dag.py:2915} INFO - Sync 1 DAGs
[2025-11-08T14:12:05.457+0000] {logging_mixin.py:151} INFO - [2025-11-08T14:12:05.456+0000] {dag.py:3696} INFO - Setting next_dagrun for dbt_transform to 2025-11-08T14:09:20.206537+00:00, run_after=2025-11-08T14:14:20.206537+00:00
[2025-11-08T14:12:05.498+0000] {processor.py:179} INFO - Processing /opt/airflow/dags/dbt_dag.py took 0.195 seconds
[2025-11-08T14:12:35.659+0000] {processor.py:157} INFO - Started process (PID=5154) to work on /opt/airflow/dags/dbt_dag.py
[2025-11-08T14:12:35.661+0000] {processor.py:829} INFO - Processing file /opt/airflow/dags/dbt_dag.py for tasks to queue
[2025-11-08T14:12:35.662+0000] {logging_mixin.py:151} INFO - [2025-11-08T14:12:35.662+0000] {dagbag.py:539} INFO - Filling up the DagBag from /opt/airflow/dags/dbt_dag.py
[2025-11-08T14:12:35.697+0000] {processor.py:839} INFO - DAG(s) dict_keys(['dbt_transform']) retrieved from /opt/airflow/dags/dbt_dag.py
[2025-11-08T14:12:35.749+0000] {logging_mixin.py:151} INFO - [2025-11-08T14:12:35.749+0000] {dag.py:2915} INFO - Sync 1 DAGs
[2025-11-08T14:12:35.791+0000] {logging_mixin.py:151} INFO - [2025-11-08T14:12:35.791+0000] {dag.py:3696} INFO - Setting next_dagrun for dbt_transform to 2025-11-08T14:09:20.206537+00:00, run_after=2025-11-08T14:14:20.206537+00:00
[2025-11-08T14:12:35.859+0000] {processor.py:179} INFO - Processing /opt/airflow/dags/dbt_dag.py took 0.208 seconds
[2025-11-08T14:13:06.118+0000] {processor.py:157} INFO - Started process (PID=5159) to work on /opt/airflow/dags/dbt_dag.py
[2025-11-08T14:13:06.119+0000] {processor.py:829} INFO - Processing file /opt/airflow/dags/dbt_dag.py for tasks to queue
[2025-11-08T14:13:06.121+0000] {logging_mixin.py:151} INFO - [2025-11-08T14:13:06.120+0000] {dagbag.py:539} INFO - Filling up the DagBag from /opt/airflow/dags/dbt_dag.py
[2025-11-08T14:13:06.170+0000] {processor.py:839} INFO - DAG(s) dict_keys(['dbt_transform']) retrieved from /opt/airflow/dags/dbt_dag.py
[2025-11-08T14:13:06.265+0000] {logging_mixin.py:151} INFO - [2025-11-08T14:13:06.265+0000] {dag.py:2915} INFO - Sync 1 DAGs
[2025-11-08T14:13:06.331+0000] {logging_mixin.py:151} INFO - [2025-11-08T14:13:06.331+0000] {dag.py:3696} INFO - Setting next_dagrun for dbt_transform to 2025-11-08T14:09:20.206537+00:00, run_after=2025-11-08T14:14:20.206537+00:00
[2025-11-08T14:13:06.372+0000] {processor.py:179} INFO - Processing /opt/airflow/dags/dbt_dag.py took 0.261 seconds
[2025-11-08T14:13:36.488+0000] {processor.py:157} INFO - Started process (PID=5164) to work on /opt/airflow/dags/dbt_dag.py
[2025-11-08T14:13:36.490+0000] {processor.py:829} INFO - Processing file /opt/airflow/dags/dbt_dag.py for tasks to queue
[2025-11-08T14:13:36.491+0000] {logging_mixin.py:151} INFO - [2025-11-08T14:13:36.491+0000] {dagbag.py:539} INFO - Filling up the DagBag from /opt/airflow/dags/dbt_dag.py
[2025-11-08T14:13:36.533+0000] {processor.py:839} INFO - DAG(s) dict_keys(['dbt_transform']) retrieved from /opt/airflow/dags/dbt_dag.py
[2025-11-08T14:13:36.597+0000] {logging_mixin.py:151} INFO - [2025-11-08T14:13:36.596+0000] {dag.py:2915} INFO - Sync 1 DAGs
[2025-11-08T14:13:36.642+0000] {logging_mixin.py:151} INFO - [2025-11-08T14:13:36.641+0000] {dag.py:3696} INFO - Setting next_dagrun for dbt_transform to 2025-11-08T14:09:20.206537+00:00, run_after=2025-11-08T14:14:20.206537+00:00
[2025-11-08T14:13:36.689+0000] {processor.py:179} INFO - Processing /opt/airflow/dags/dbt_dag.py took 0.208 seconds
[2025-11-08T14:14:06.975+0000] {processor.py:157} INFO - Started process (PID=5169) to work on /opt/airflow/dags/dbt_dag.py
[2025-11-08T14:14:06.976+0000] {processor.py:829} INFO - Processing file /opt/airflow/dags/dbt_dag.py for tasks to queue
[2025-11-08T14:14:06.978+0000] {logging_mixin.py:151} INFO - [2025-11-08T14:14:06.977+0000] {dagbag.py:539} INFO - Filling up the DagBag from /opt/airflow/dags/dbt_dag.py
[2025-11-08T14:14:07.019+0000] {processor.py:839} INFO - DAG(s) dict_keys(['dbt_transform']) retrieved from /opt/airflow/dags/dbt_dag.py
[2025-11-08T14:14:07.078+0000] {logging_mixin.py:151} INFO - [2025-11-08T14:14:07.077+0000] {dag.py:2915} INFO - Sync 1 DAGs
[2025-11-08T14:14:07.128+0000] {logging_mixin.py:151} INFO - [2025-11-08T14:14:07.127+0000] {dag.py:3696} INFO - Setting next_dagrun for dbt_transform to 2025-11-08T14:09:20.206537+00:00, run_after=2025-11-08T14:14:20.206537+00:00
[2025-11-08T14:14:07.179+0000] {processor.py:179} INFO - Processing /opt/airflow/dags/dbt_dag.py took 0.210 seconds
[2025-11-08T14:14:37.452+0000] {processor.py:157} INFO - Started process (PID=5317) to work on /opt/airflow/dags/dbt_dag.py
[2025-11-08T14:14:37.457+0000] {processor.py:829} INFO - Processing file /opt/airflow/dags/dbt_dag.py for tasks to queue
[2025-11-08T14:14:37.460+0000] {logging_mixin.py:151} INFO - [2025-11-08T14:14:37.459+0000] {dagbag.py:539} INFO - Filling up the DagBag from /opt/airflow/dags/dbt_dag.py
[2025-11-08T14:14:37.619+0000] {processor.py:839} INFO - DAG(s) dict_keys(['dbt_transform']) retrieved from /opt/airflow/dags/dbt_dag.py
[2025-11-08T14:14:37.784+0000] {logging_mixin.py:151} INFO - [2025-11-08T14:14:37.783+0000] {dag.py:2915} INFO - Sync 1 DAGs
[2025-11-08T14:14:37.882+0000] {logging_mixin.py:151} INFO - [2025-11-08T14:14:37.881+0000] {dag.py:3696} INFO - Setting next_dagrun for dbt_transform to 2025-11-08T14:14:30.340345+00:00, run_after=2025-11-08T14:19:30.340345+00:00
[2025-11-08T14:14:37.973+0000] {processor.py:179} INFO - Processing /opt/airflow/dags/dbt_dag.py took 0.535 seconds
[2025-11-08T14:15:08.358+0000] {processor.py:157} INFO - Started process (PID=5374) to work on /opt/airflow/dags/dbt_dag.py
[2025-11-08T14:15:08.361+0000] {processor.py:829} INFO - Processing file /opt/airflow/dags/dbt_dag.py for tasks to queue
[2025-11-08T14:15:08.363+0000] {logging_mixin.py:151} INFO - [2025-11-08T14:15:08.362+0000] {dagbag.py:539} INFO - Filling up the DagBag from /opt/airflow/dags/dbt_dag.py
[2025-11-08T14:15:08.410+0000] {processor.py:839} INFO - DAG(s) dict_keys(['dbt_transform']) retrieved from /opt/airflow/dags/dbt_dag.py
[2025-11-08T14:15:08.469+0000] {logging_mixin.py:151} INFO - [2025-11-08T14:15:08.468+0000] {dag.py:2915} INFO - Sync 1 DAGs
[2025-11-08T14:15:08.512+0000] {logging_mixin.py:151} INFO - [2025-11-08T14:15:08.512+0000] {dag.py:3696} INFO - Setting next_dagrun for dbt_transform to 2025-11-08T14:14:48.472000+00:00, run_after=2025-11-08T14:19:48.472000+00:00
[2025-11-08T14:15:08.558+0000] {processor.py:179} INFO - Processing /opt/airflow/dags/dbt_dag.py took 0.208 seconds
[2025-11-08T14:15:38.640+0000] {processor.py:157} INFO - Started process (PID=5379) to work on /opt/airflow/dags/dbt_dag.py
[2025-11-08T14:15:38.642+0000] {processor.py:829} INFO - Processing file /opt/airflow/dags/dbt_dag.py for tasks to queue
[2025-11-08T14:15:38.643+0000] {logging_mixin.py:151} INFO - [2025-11-08T14:15:38.643+0000] {dagbag.py:539} INFO - Filling up the DagBag from /opt/airflow/dags/dbt_dag.py
[2025-11-08T14:15:38.682+0000] {processor.py:839} INFO - DAG(s) dict_keys(['dbt_transform']) retrieved from /opt/airflow/dags/dbt_dag.py
[2025-11-08T14:15:38.739+0000] {logging_mixin.py:151} INFO - [2025-11-08T14:15:38.739+0000] {dag.py:2915} INFO - Sync 1 DAGs
[2025-11-08T14:15:38.784+0000] {logging_mixin.py:151} INFO - [2025-11-08T14:15:38.783+0000] {dag.py:3696} INFO - Setting next_dagrun for dbt_transform to 2025-11-08T14:14:48.472000+00:00, run_after=2025-11-08T14:19:48.472000+00:00
[2025-11-08T14:15:38.836+0000] {processor.py:179} INFO - Processing /opt/airflow/dags/dbt_dag.py took 0.203 seconds
[2025-11-08T14:16:08.947+0000] {processor.py:157} INFO - Started process (PID=5384) to work on /opt/airflow/dags/dbt_dag.py
[2025-11-08T14:16:08.949+0000] {processor.py:829} INFO - Processing file /opt/airflow/dags/dbt_dag.py for tasks to queue
[2025-11-08T14:16:08.951+0000] {logging_mixin.py:151} INFO - [2025-11-08T14:16:08.950+0000] {dagbag.py:539} INFO - Filling up the DagBag from /opt/airflow/dags/dbt_dag.py
[2025-11-08T14:16:08.992+0000] {processor.py:839} INFO - DAG(s) dict_keys(['dbt_transform']) retrieved from /opt/airflow/dags/dbt_dag.py
[2025-11-08T14:16:09.043+0000] {logging_mixin.py:151} INFO - [2025-11-08T14:16:09.042+0000] {dag.py:2915} INFO - Sync 1 DAGs
[2025-11-08T14:16:09.085+0000] {logging_mixin.py:151} INFO - [2025-11-08T14:16:09.085+0000] {dag.py:3696} INFO - Setting next_dagrun for dbt_transform to 2025-11-08T14:14:48.472000+00:00, run_after=2025-11-08T14:19:48.472000+00:00
[2025-11-08T14:16:09.124+0000] {processor.py:179} INFO - Processing /opt/airflow/dags/dbt_dag.py took 0.184 seconds
[2025-11-08T14:16:39.447+0000] {processor.py:157} INFO - Started process (PID=5389) to work on /opt/airflow/dags/dbt_dag.py
[2025-11-08T14:16:39.448+0000] {processor.py:829} INFO - Processing file /opt/airflow/dags/dbt_dag.py for tasks to queue
[2025-11-08T14:16:39.450+0000] {logging_mixin.py:151} INFO - [2025-11-08T14:16:39.450+0000] {dagbag.py:539} INFO - Filling up the DagBag from /opt/airflow/dags/dbt_dag.py
[2025-11-08T14:16:39.489+0000] {processor.py:839} INFO - DAG(s) dict_keys(['dbt_transform']) retrieved from /opt/airflow/dags/dbt_dag.py
[2025-11-08T14:16:39.549+0000] {logging_mixin.py:151} INFO - [2025-11-08T14:16:39.549+0000] {dag.py:2915} INFO - Sync 1 DAGs
[2025-11-08T14:16:39.596+0000] {logging_mixin.py:151} INFO - [2025-11-08T14:16:39.595+0000] {dag.py:3696} INFO - Setting next_dagrun for dbt_transform to 2025-11-08T14:14:48.472000+00:00, run_after=2025-11-08T14:19:48.472000+00:00
[2025-11-08T14:16:39.647+0000] {processor.py:179} INFO - Processing /opt/airflow/dags/dbt_dag.py took 0.205 seconds
[2025-11-08T14:17:09.813+0000] {processor.py:157} INFO - Started process (PID=5394) to work on /opt/airflow/dags/dbt_dag.py
[2025-11-08T14:17:09.815+0000] {processor.py:829} INFO - Processing file /opt/airflow/dags/dbt_dag.py for tasks to queue
[2025-11-08T14:17:09.817+0000] {logging_mixin.py:151} INFO - [2025-11-08T14:17:09.816+0000] {dagbag.py:539} INFO - Filling up the DagBag from /opt/airflow/dags/dbt_dag.py
[2025-11-08T14:17:09.866+0000] {processor.py:839} INFO - DAG(s) dict_keys(['dbt_transform']) retrieved from /opt/airflow/dags/dbt_dag.py
[2025-11-08T14:17:09.927+0000] {logging_mixin.py:151} INFO - [2025-11-08T14:17:09.926+0000] {dag.py:2915} INFO - Sync 1 DAGs
[2025-11-08T14:17:09.980+0000] {logging_mixin.py:151} INFO - [2025-11-08T14:17:09.979+0000] {dag.py:3696} INFO - Setting next_dagrun for dbt_transform to 2025-11-08T14:14:48.472000+00:00, run_after=2025-11-08T14:19:48.472000+00:00
[2025-11-08T14:17:10.027+0000] {processor.py:179} INFO - Processing /opt/airflow/dags/dbt_dag.py took 0.222 seconds
[2025-11-08T14:17:40.315+0000] {processor.py:157} INFO - Started process (PID=5399) to work on /opt/airflow/dags/dbt_dag.py
[2025-11-08T14:17:40.317+0000] {processor.py:829} INFO - Processing file /opt/airflow/dags/dbt_dag.py for tasks to queue
[2025-11-08T14:17:40.319+0000] {logging_mixin.py:151} INFO - [2025-11-08T14:17:40.318+0000] {dagbag.py:539} INFO - Filling up the DagBag from /opt/airflow/dags/dbt_dag.py
[2025-11-08T14:17:40.359+0000] {processor.py:839} INFO - DAG(s) dict_keys(['dbt_transform']) retrieved from /opt/airflow/dags/dbt_dag.py
[2025-11-08T14:17:40.417+0000] {logging_mixin.py:151} INFO - [2025-11-08T14:17:40.417+0000] {dag.py:2915} INFO - Sync 1 DAGs
[2025-11-08T14:17:40.462+0000] {logging_mixin.py:151} INFO - [2025-11-08T14:17:40.461+0000] {dag.py:3696} INFO - Setting next_dagrun for dbt_transform to 2025-11-08T14:14:48.472000+00:00, run_after=2025-11-08T14:19:48.472000+00:00
[2025-11-08T14:17:40.501+0000] {processor.py:179} INFO - Processing /opt/airflow/dags/dbt_dag.py took 0.193 seconds
[2025-11-08T14:18:10.623+0000] {processor.py:157} INFO - Started process (PID=5404) to work on /opt/airflow/dags/dbt_dag.py
[2025-11-08T14:18:10.625+0000] {processor.py:829} INFO - Processing file /opt/airflow/dags/dbt_dag.py for tasks to queue
[2025-11-08T14:18:10.626+0000] {logging_mixin.py:151} INFO - [2025-11-08T14:18:10.625+0000] {dagbag.py:539} INFO - Filling up the DagBag from /opt/airflow/dags/dbt_dag.py
[2025-11-08T14:18:10.663+0000] {processor.py:839} INFO - DAG(s) dict_keys(['dbt_transform']) retrieved from /opt/airflow/dags/dbt_dag.py
[2025-11-08T14:18:10.715+0000] {logging_mixin.py:151} INFO - [2025-11-08T14:18:10.715+0000] {dag.py:2915} INFO - Sync 1 DAGs
[2025-11-08T14:18:10.754+0000] {logging_mixin.py:151} INFO - [2025-11-08T14:18:10.753+0000] {dag.py:3696} INFO - Setting next_dagrun for dbt_transform to 2025-11-08T14:14:48.472000+00:00, run_after=2025-11-08T14:19:48.472000+00:00
[2025-11-08T14:18:10.790+0000] {processor.py:179} INFO - Processing /opt/airflow/dags/dbt_dag.py took 0.173 seconds
[2025-11-08T14:18:41.091+0000] {processor.py:157} INFO - Started process (PID=5409) to work on /opt/airflow/dags/dbt_dag.py
[2025-11-08T14:18:41.093+0000] {processor.py:829} INFO - Processing file /opt/airflow/dags/dbt_dag.py for tasks to queue
[2025-11-08T14:18:41.094+0000] {logging_mixin.py:151} INFO - [2025-11-08T14:18:41.094+0000] {dagbag.py:539} INFO - Filling up the DagBag from /opt/airflow/dags/dbt_dag.py
[2025-11-08T14:18:41.132+0000] {processor.py:839} INFO - DAG(s) dict_keys(['dbt_transform']) retrieved from /opt/airflow/dags/dbt_dag.py
[2025-11-08T14:18:41.208+0000] {logging_mixin.py:151} INFO - [2025-11-08T14:18:41.207+0000] {dag.py:2915} INFO - Sync 1 DAGs
[2025-11-08T14:18:41.272+0000] {logging_mixin.py:151} INFO - [2025-11-08T14:18:41.271+0000] {dag.py:3696} INFO - Setting next_dagrun for dbt_transform to 2025-11-08T14:14:48.472000+00:00, run_after=2025-11-08T14:19:48.472000+00:00
[2025-11-08T14:18:41.341+0000] {processor.py:179} INFO - Processing /opt/airflow/dags/dbt_dag.py took 0.255 seconds
[2025-11-08T14:19:11.681+0000] {processor.py:157} INFO - Started process (PID=5414) to work on /opt/airflow/dags/dbt_dag.py
[2025-11-08T14:19:11.683+0000] {processor.py:829} INFO - Processing file /opt/airflow/dags/dbt_dag.py for tasks to queue
[2025-11-08T14:19:11.685+0000] {logging_mixin.py:151} INFO - [2025-11-08T14:19:11.684+0000] {dagbag.py:539} INFO - Filling up the DagBag from /opt/airflow/dags/dbt_dag.py
[2025-11-08T14:19:11.726+0000] {processor.py:839} INFO - DAG(s) dict_keys(['dbt_transform']) retrieved from /opt/airflow/dags/dbt_dag.py
[2025-11-08T14:19:11.785+0000] {logging_mixin.py:151} INFO - [2025-11-08T14:19:11.785+0000] {dag.py:2915} INFO - Sync 1 DAGs
[2025-11-08T14:19:11.829+0000] {logging_mixin.py:151} INFO - [2025-11-08T14:19:11.829+0000] {dag.py:3696} INFO - Setting next_dagrun for dbt_transform to 2025-11-08T14:14:48.472000+00:00, run_after=2025-11-08T14:19:48.472000+00:00
[2025-11-08T14:19:11.881+0000] {processor.py:179} INFO - Processing /opt/airflow/dags/dbt_dag.py took 0.208 seconds
[2025-11-08T14:19:41.995+0000] {processor.py:157} INFO - Started process (PID=5432) to work on /opt/airflow/dags/dbt_dag.py
[2025-11-08T14:19:41.996+0000] {processor.py:829} INFO - Processing file /opt/airflow/dags/dbt_dag.py for tasks to queue
[2025-11-08T14:19:41.999+0000] {logging_mixin.py:151} INFO - [2025-11-08T14:19:41.998+0000] {dagbag.py:539} INFO - Filling up the DagBag from /opt/airflow/dags/dbt_dag.py
[2025-11-08T14:19:42.048+0000] {processor.py:839} INFO - DAG(s) dict_keys(['dbt_transform']) retrieved from /opt/airflow/dags/dbt_dag.py
[2025-11-08T14:19:42.119+0000] {logging_mixin.py:151} INFO - [2025-11-08T14:19:42.119+0000] {dag.py:2915} INFO - Sync 1 DAGs
[2025-11-08T14:19:42.168+0000] {logging_mixin.py:151} INFO - [2025-11-08T14:19:42.168+0000] {dag.py:3696} INFO - Setting next_dagrun for dbt_transform to 2025-11-08T14:14:48.472000+00:00, run_after=2025-11-08T14:19:48.472000+00:00
[2025-11-08T14:19:42.214+0000] {processor.py:179} INFO - Processing /opt/airflow/dags/dbt_dag.py took 0.229 seconds
[2025-11-08T14:20:12.553+0000] {processor.py:157} INFO - Started process (PID=5586) to work on /opt/airflow/dags/dbt_dag.py
[2025-11-08T14:20:12.556+0000] {processor.py:829} INFO - Processing file /opt/airflow/dags/dbt_dag.py for tasks to queue
[2025-11-08T14:20:12.558+0000] {logging_mixin.py:151} INFO - [2025-11-08T14:20:12.558+0000] {dagbag.py:539} INFO - Filling up the DagBag from /opt/airflow/dags/dbt_dag.py
[2025-11-08T14:20:12.604+0000] {processor.py:839} INFO - DAG(s) dict_keys(['dbt_transform']) retrieved from /opt/airflow/dags/dbt_dag.py
[2025-11-08T14:20:12.691+0000] {logging_mixin.py:151} INFO - [2025-11-08T14:20:12.690+0000] {dag.py:2915} INFO - Sync 1 DAGs
[2025-11-08T14:20:12.950+0000] {logging_mixin.py:151} INFO - [2025-11-08T14:20:12.949+0000] {dag.py:3696} INFO - Setting next_dagrun for dbt_transform to 2025-11-08T14:20:11.118872+00:00, run_after=2025-11-08T14:25:11.118872+00:00
[2025-11-08T14:20:13.011+0000] {processor.py:179} INFO - Processing /opt/airflow/dags/dbt_dag.py took 0.465 seconds
[2025-11-08T14:20:43.380+0000] {processor.py:157} INFO - Started process (PID=5629) to work on /opt/airflow/dags/dbt_dag.py
[2025-11-08T14:20:43.382+0000] {processor.py:829} INFO - Processing file /opt/airflow/dags/dbt_dag.py for tasks to queue
[2025-11-08T14:20:43.385+0000] {logging_mixin.py:151} INFO - [2025-11-08T14:20:43.383+0000] {dagbag.py:539} INFO - Filling up the DagBag from /opt/airflow/dags/dbt_dag.py
[2025-11-08T14:20:43.424+0000] {processor.py:839} INFO - DAG(s) dict_keys(['dbt_transform']) retrieved from /opt/airflow/dags/dbt_dag.py
[2025-11-08T14:20:43.485+0000] {logging_mixin.py:151} INFO - [2025-11-08T14:20:43.485+0000] {dag.py:2915} INFO - Sync 1 DAGs
[2025-11-08T14:20:43.540+0000] {logging_mixin.py:151} INFO - [2025-11-08T14:20:43.540+0000] {dag.py:3696} INFO - Setting next_dagrun for dbt_transform to 2025-11-08T14:20:16.026845+00:00, run_after=2025-11-08T14:25:16.026845+00:00
[2025-11-08T14:20:43.596+0000] {processor.py:179} INFO - Processing /opt/airflow/dags/dbt_dag.py took 0.225 seconds
[2025-11-08T14:21:13.937+0000] {processor.py:157} INFO - Started process (PID=5634) to work on /opt/airflow/dags/dbt_dag.py
[2025-11-08T14:21:13.939+0000] {processor.py:829} INFO - Processing file /opt/airflow/dags/dbt_dag.py for tasks to queue
[2025-11-08T14:21:13.941+0000] {logging_mixin.py:151} INFO - [2025-11-08T14:21:13.940+0000] {dagbag.py:539} INFO - Filling up the DagBag from /opt/airflow/dags/dbt_dag.py
[2025-11-08T14:21:13.978+0000] {processor.py:839} INFO - DAG(s) dict_keys(['dbt_transform']) retrieved from /opt/airflow/dags/dbt_dag.py
[2025-11-08T14:21:14.033+0000] {logging_mixin.py:151} INFO - [2025-11-08T14:21:14.032+0000] {dag.py:2915} INFO - Sync 1 DAGs
[2025-11-08T14:21:14.075+0000] {logging_mixin.py:151} INFO - [2025-11-08T14:21:14.075+0000] {dag.py:3696} INFO - Setting next_dagrun for dbt_transform to 2025-11-08T14:20:16.026845+00:00, run_after=2025-11-08T14:25:16.026845+00:00
[2025-11-08T14:21:14.119+0000] {processor.py:179} INFO - Processing /opt/airflow/dags/dbt_dag.py took 0.192 seconds
[2025-11-08T14:21:44.263+0000] {processor.py:157} INFO - Started process (PID=5639) to work on /opt/airflow/dags/dbt_dag.py
[2025-11-08T14:21:44.265+0000] {processor.py:829} INFO - Processing file /opt/airflow/dags/dbt_dag.py for tasks to queue
[2025-11-08T14:21:44.267+0000] {logging_mixin.py:151} INFO - [2025-11-08T14:21:44.267+0000] {dagbag.py:539} INFO - Filling up the DagBag from /opt/airflow/dags/dbt_dag.py
[2025-11-08T14:21:44.307+0000] {processor.py:839} INFO - DAG(s) dict_keys(['dbt_transform']) retrieved from /opt/airflow/dags/dbt_dag.py
[2025-11-08T14:21:44.378+0000] {logging_mixin.py:151} INFO - [2025-11-08T14:21:44.378+0000] {dag.py:2915} INFO - Sync 1 DAGs
[2025-11-08T14:21:44.439+0000] {logging_mixin.py:151} INFO - [2025-11-08T14:21:44.439+0000] {dag.py:3696} INFO - Setting next_dagrun for dbt_transform to 2025-11-08T14:20:16.026845+00:00, run_after=2025-11-08T14:25:16.026845+00:00
[2025-11-08T14:21:44.485+0000] {processor.py:179} INFO - Processing /opt/airflow/dags/dbt_dag.py took 0.227 seconds
[2025-11-08T14:22:14.749+0000] {processor.py:157} INFO - Started process (PID=5644) to work on /opt/airflow/dags/dbt_dag.py
[2025-11-08T14:22:14.751+0000] {processor.py:829} INFO - Processing file /opt/airflow/dags/dbt_dag.py for tasks to queue
[2025-11-08T14:22:14.754+0000] {logging_mixin.py:151} INFO - [2025-11-08T14:22:14.753+0000] {dagbag.py:539} INFO - Filling up the DagBag from /opt/airflow/dags/dbt_dag.py
[2025-11-08T14:22:14.800+0000] {processor.py:839} INFO - DAG(s) dict_keys(['dbt_transform']) retrieved from /opt/airflow/dags/dbt_dag.py
[2025-11-08T14:22:14.870+0000] {logging_mixin.py:151} INFO - [2025-11-08T14:22:14.869+0000] {dag.py:2915} INFO - Sync 1 DAGs
[2025-11-08T14:22:14.918+0000] {logging_mixin.py:151} INFO - [2025-11-08T14:22:14.917+0000] {dag.py:3696} INFO - Setting next_dagrun for dbt_transform to 2025-11-08T14:20:16.026845+00:00, run_after=2025-11-08T14:25:16.026845+00:00
[2025-11-08T14:22:14.965+0000] {processor.py:179} INFO - Processing /opt/airflow/dags/dbt_dag.py took 0.223 seconds
[2025-11-08T14:22:45.095+0000] {processor.py:157} INFO - Started process (PID=5649) to work on /opt/airflow/dags/dbt_dag.py
[2025-11-08T14:22:45.097+0000] {processor.py:829} INFO - Processing file /opt/airflow/dags/dbt_dag.py for tasks to queue
[2025-11-08T14:22:45.099+0000] {logging_mixin.py:151} INFO - [2025-11-08T14:22:45.099+0000] {dagbag.py:539} INFO - Filling up the DagBag from /opt/airflow/dags/dbt_dag.py
[2025-11-08T14:22:45.137+0000] {processor.py:839} INFO - DAG(s) dict_keys(['dbt_transform']) retrieved from /opt/airflow/dags/dbt_dag.py
[2025-11-08T14:22:45.186+0000] {logging_mixin.py:151} INFO - [2025-11-08T14:22:45.186+0000] {dag.py:2915} INFO - Sync 1 DAGs
[2025-11-08T14:22:45.226+0000] {logging_mixin.py:151} INFO - [2025-11-08T14:22:45.226+0000] {dag.py:3696} INFO - Setting next_dagrun for dbt_transform to 2025-11-08T14:20:16.026845+00:00, run_after=2025-11-08T14:25:16.026845+00:00
[2025-11-08T14:22:45.278+0000] {processor.py:179} INFO - Processing /opt/airflow/dags/dbt_dag.py took 0.190 seconds
[2025-11-08T14:23:15.556+0000] {processor.py:157} INFO - Started process (PID=5654) to work on /opt/airflow/dags/dbt_dag.py
[2025-11-08T14:23:15.558+0000] {processor.py:829} INFO - Processing file /opt/airflow/dags/dbt_dag.py for tasks to queue
[2025-11-08T14:23:15.559+0000] {logging_mixin.py:151} INFO - [2025-11-08T14:23:15.559+0000] {dagbag.py:539} INFO - Filling up the DagBag from /opt/airflow/dags/dbt_dag.py
[2025-11-08T14:23:15.593+0000] {processor.py:839} INFO - DAG(s) dict_keys(['dbt_transform']) retrieved from /opt/airflow/dags/dbt_dag.py
[2025-11-08T14:23:15.645+0000] {logging_mixin.py:151} INFO - [2025-11-08T14:23:15.644+0000] {dag.py:2915} INFO - Sync 1 DAGs
[2025-11-08T14:23:15.775+0000] {logging_mixin.py:151} INFO - [2025-11-08T14:23:15.774+0000] {dag.py:3696} INFO - Setting next_dagrun for dbt_transform to 2025-11-08T14:20:16.026845+00:00, run_after=2025-11-08T14:25:16.026845+00:00
[2025-11-08T14:23:15.832+0000] {processor.py:179} INFO - Processing /opt/airflow/dags/dbt_dag.py took 0.281 seconds
[2025-11-08T14:23:46.177+0000] {processor.py:157} INFO - Started process (PID=5659) to work on /opt/airflow/dags/dbt_dag.py
[2025-11-08T14:23:46.179+0000] {processor.py:829} INFO - Processing file /opt/airflow/dags/dbt_dag.py for tasks to queue
[2025-11-08T14:23:46.181+0000] {logging_mixin.py:151} INFO - [2025-11-08T14:23:46.180+0000] {dagbag.py:539} INFO - Filling up the DagBag from /opt/airflow/dags/dbt_dag.py
[2025-11-08T14:23:46.218+0000] {processor.py:839} INFO - DAG(s) dict_keys(['dbt_transform']) retrieved from /opt/airflow/dags/dbt_dag.py
[2025-11-08T14:23:46.288+0000] {logging_mixin.py:151} INFO - [2025-11-08T14:23:46.287+0000] {dag.py:2915} INFO - Sync 1 DAGs
[2025-11-08T14:23:46.374+0000] {logging_mixin.py:151} INFO - [2025-11-08T14:23:46.373+0000] {dag.py:3696} INFO - Setting next_dagrun for dbt_transform to 2025-11-08T14:20:16.026845+00:00, run_after=2025-11-08T14:25:16.026845+00:00
[2025-11-08T14:23:46.410+0000] {processor.py:179} INFO - Processing /opt/airflow/dags/dbt_dag.py took 0.240 seconds
[2025-11-08T14:24:16.741+0000] {processor.py:157} INFO - Started process (PID=5664) to work on /opt/airflow/dags/dbt_dag.py
[2025-11-08T14:24:16.742+0000] {processor.py:829} INFO - Processing file /opt/airflow/dags/dbt_dag.py for tasks to queue
[2025-11-08T14:24:16.744+0000] {logging_mixin.py:151} INFO - [2025-11-08T14:24:16.743+0000] {dagbag.py:539} INFO - Filling up the DagBag from /opt/airflow/dags/dbt_dag.py
[2025-11-08T14:24:16.778+0000] {processor.py:839} INFO - DAG(s) dict_keys(['dbt_transform']) retrieved from /opt/airflow/dags/dbt_dag.py
[2025-11-08T14:24:16.847+0000] {logging_mixin.py:151} INFO - [2025-11-08T14:24:16.846+0000] {dag.py:2915} INFO - Sync 1 DAGs
[2025-11-08T14:24:16.890+0000] {logging_mixin.py:151} INFO - [2025-11-08T14:24:16.890+0000] {dag.py:3696} INFO - Setting next_dagrun for dbt_transform to 2025-11-08T14:20:16.026845+00:00, run_after=2025-11-08T14:25:16.026845+00:00
[2025-11-08T14:24:16.934+0000] {processor.py:179} INFO - Processing /opt/airflow/dags/dbt_dag.py took 0.201 seconds
[2025-11-08T14:24:47.026+0000] {processor.py:157} INFO - Started process (PID=5669) to work on /opt/airflow/dags/dbt_dag.py
[2025-11-08T14:24:47.028+0000] {processor.py:829} INFO - Processing file /opt/airflow/dags/dbt_dag.py for tasks to queue
[2025-11-08T14:24:47.029+0000] {logging_mixin.py:151} INFO - [2025-11-08T14:24:47.029+0000] {dagbag.py:539} INFO - Filling up the DagBag from /opt/airflow/dags/dbt_dag.py
[2025-11-08T14:24:47.063+0000] {processor.py:839} INFO - DAG(s) dict_keys(['dbt_transform']) retrieved from /opt/airflow/dags/dbt_dag.py
[2025-11-08T14:24:47.115+0000] {logging_mixin.py:151} INFO - [2025-11-08T14:24:47.114+0000] {dag.py:2915} INFO - Sync 1 DAGs
[2025-11-08T14:24:47.174+0000] {logging_mixin.py:151} INFO - [2025-11-08T14:24:47.173+0000] {dag.py:3696} INFO - Setting next_dagrun for dbt_transform to 2025-11-08T14:20:16.026845+00:00, run_after=2025-11-08T14:25:16.026845+00:00
[2025-11-08T14:24:47.215+0000] {processor.py:179} INFO - Processing /opt/airflow/dags/dbt_dag.py took 0.198 seconds
[2025-11-08T14:25:17.551+0000] {processor.py:157} INFO - Started process (PID=5716) to work on /opt/airflow/dags/dbt_dag.py
[2025-11-08T14:25:17.553+0000] {processor.py:829} INFO - Processing file /opt/airflow/dags/dbt_dag.py for tasks to queue
[2025-11-08T14:25:17.555+0000] {logging_mixin.py:151} INFO - [2025-11-08T14:25:17.554+0000] {dagbag.py:539} INFO - Filling up the DagBag from /opt/airflow/dags/dbt_dag.py
[2025-11-08T14:25:17.599+0000] {processor.py:839} INFO - DAG(s) dict_keys(['dbt_transform']) retrieved from /opt/airflow/dags/dbt_dag.py
[2025-11-08T14:25:17.668+0000] {logging_mixin.py:151} INFO - [2025-11-08T14:25:17.667+0000] {dag.py:2915} INFO - Sync 1 DAGs
[2025-11-08T14:25:17.717+0000] {logging_mixin.py:151} INFO - [2025-11-08T14:25:17.717+0000] {dag.py:3696} INFO - Setting next_dagrun for dbt_transform to 2025-11-08T14:25:16.026845+00:00, run_after=2025-11-08T14:30:16.026845+00:00
[2025-11-08T14:25:17.771+0000] {processor.py:179} INFO - Processing /opt/airflow/dags/dbt_dag.py took 0.228 seconds
[2025-11-08T14:25:47.904+0000] {processor.py:157} INFO - Started process (PID=5873) to work on /opt/airflow/dags/dbt_dag.py
[2025-11-08T14:25:47.906+0000] {processor.py:829} INFO - Processing file /opt/airflow/dags/dbt_dag.py for tasks to queue
[2025-11-08T14:25:47.908+0000] {logging_mixin.py:151} INFO - [2025-11-08T14:25:47.908+0000] {dagbag.py:539} INFO - Filling up the DagBag from /opt/airflow/dags/dbt_dag.py
[2025-11-08T14:25:47.954+0000] {processor.py:839} INFO - DAG(s) dict_keys(['dbt_transform']) retrieved from /opt/airflow/dags/dbt_dag.py
[2025-11-08T14:25:48.019+0000] {logging_mixin.py:151} INFO - [2025-11-08T14:25:48.018+0000] {dag.py:2915} INFO - Sync 1 DAGs
[2025-11-08T14:25:48.064+0000] {logging_mixin.py:151} INFO - [2025-11-08T14:25:48.064+0000] {dag.py:3696} INFO - Setting next_dagrun for dbt_transform to 2025-11-08T14:25:44.767002+00:00, run_after=2025-11-08T14:30:44.767002+00:00
[2025-11-08T14:25:48.105+0000] {processor.py:179} INFO - Processing /opt/airflow/dags/dbt_dag.py took 0.208 seconds
[2025-11-08T14:26:18.384+0000] {processor.py:157} INFO - Started process (PID=5888) to work on /opt/airflow/dags/dbt_dag.py
[2025-11-08T14:26:18.386+0000] {processor.py:829} INFO - Processing file /opt/airflow/dags/dbt_dag.py for tasks to queue
[2025-11-08T14:26:18.387+0000] {logging_mixin.py:151} INFO - [2025-11-08T14:26:18.387+0000] {dagbag.py:539} INFO - Filling up the DagBag from /opt/airflow/dags/dbt_dag.py
[2025-11-08T14:26:18.428+0000] {processor.py:839} INFO - DAG(s) dict_keys(['dbt_transform']) retrieved from /opt/airflow/dags/dbt_dag.py
[2025-11-08T14:26:18.478+0000] {logging_mixin.py:151} INFO - [2025-11-08T14:26:18.478+0000] {dag.py:2915} INFO - Sync 1 DAGs
[2025-11-08T14:26:18.521+0000] {logging_mixin.py:151} INFO - [2025-11-08T14:26:18.521+0000] {dag.py:3696} INFO - Setting next_dagrun for dbt_transform to 2025-11-08T14:25:44.767002+00:00, run_after=2025-11-08T14:30:44.767002+00:00
[2025-11-08T14:26:18.556+0000] {processor.py:179} INFO - Processing /opt/airflow/dags/dbt_dag.py took 0.179 seconds
[2025-11-08T14:26:48.740+0000] {processor.py:157} INFO - Started process (PID=5893) to work on /opt/airflow/dags/dbt_dag.py
[2025-11-08T14:26:48.742+0000] {processor.py:829} INFO - Processing file /opt/airflow/dags/dbt_dag.py for tasks to queue
[2025-11-08T14:26:48.744+0000] {logging_mixin.py:151} INFO - [2025-11-08T14:26:48.743+0000] {dagbag.py:539} INFO - Filling up the DagBag from /opt/airflow/dags/dbt_dag.py
[2025-11-08T14:26:48.785+0000] {processor.py:839} INFO - DAG(s) dict_keys(['dbt_transform']) retrieved from /opt/airflow/dags/dbt_dag.py
[2025-11-08T14:26:48.839+0000] {logging_mixin.py:151} INFO - [2025-11-08T14:26:48.839+0000] {dag.py:2915} INFO - Sync 1 DAGs
[2025-11-08T14:26:48.892+0000] {logging_mixin.py:151} INFO - [2025-11-08T14:26:48.891+0000] {dag.py:3696} INFO - Setting next_dagrun for dbt_transform to 2025-11-08T14:25:44.767002+00:00, run_after=2025-11-08T14:30:44.767002+00:00
[2025-11-08T14:26:48.941+0000] {processor.py:179} INFO - Processing /opt/airflow/dags/dbt_dag.py took 0.207 seconds
[2025-11-08T14:27:19.136+0000] {processor.py:157} INFO - Started process (PID=5898) to work on /opt/airflow/dags/dbt_dag.py
[2025-11-08T14:27:19.137+0000] {processor.py:829} INFO - Processing file /opt/airflow/dags/dbt_dag.py for tasks to queue
[2025-11-08T14:27:19.139+0000] {logging_mixin.py:151} INFO - [2025-11-08T14:27:19.138+0000] {dagbag.py:539} INFO - Filling up the DagBag from /opt/airflow/dags/dbt_dag.py
[2025-11-08T14:27:19.177+0000] {processor.py:839} INFO - DAG(s) dict_keys(['dbt_transform']) retrieved from /opt/airflow/dags/dbt_dag.py
[2025-11-08T14:27:19.235+0000] {logging_mixin.py:151} INFO - [2025-11-08T14:27:19.235+0000] {dag.py:2915} INFO - Sync 1 DAGs
[2025-11-08T14:27:19.307+0000] {logging_mixin.py:151} INFO - [2025-11-08T14:27:19.306+0000] {dag.py:3696} INFO - Setting next_dagrun for dbt_transform to 2025-11-08T14:25:44.767002+00:00, run_after=2025-11-08T14:30:44.767002+00:00
[2025-11-08T14:27:19.354+0000] {processor.py:179} INFO - Processing /opt/airflow/dags/dbt_dag.py took 0.224 seconds
[2025-11-08T14:27:49.529+0000] {processor.py:157} INFO - Started process (PID=5903) to work on /opt/airflow/dags/dbt_dag.py
[2025-11-08T14:27:49.532+0000] {processor.py:829} INFO - Processing file /opt/airflow/dags/dbt_dag.py for tasks to queue
[2025-11-08T14:27:49.534+0000] {logging_mixin.py:151} INFO - [2025-11-08T14:27:49.533+0000] {dagbag.py:539} INFO - Filling up the DagBag from /opt/airflow/dags/dbt_dag.py
[2025-11-08T14:27:49.580+0000] {processor.py:839} INFO - DAG(s) dict_keys(['dbt_transform']) retrieved from /opt/airflow/dags/dbt_dag.py
[2025-11-08T14:27:49.636+0000] {logging_mixin.py:151} INFO - [2025-11-08T14:27:49.635+0000] {dag.py:2915} INFO - Sync 1 DAGs
[2025-11-08T14:27:49.674+0000] {logging_mixin.py:151} INFO - [2025-11-08T14:27:49.674+0000] {dag.py:3696} INFO - Setting next_dagrun for dbt_transform to 2025-11-08T14:25:44.767002+00:00, run_after=2025-11-08T14:30:44.767002+00:00
[2025-11-08T14:27:49.715+0000] {processor.py:179} INFO - Processing /opt/airflow/dags/dbt_dag.py took 0.194 seconds
[2025-11-08T14:28:19.975+0000] {processor.py:157} INFO - Started process (PID=5908) to work on /opt/airflow/dags/dbt_dag.py
[2025-11-08T14:28:19.976+0000] {processor.py:829} INFO - Processing file /opt/airflow/dags/dbt_dag.py for tasks to queue
[2025-11-08T14:28:19.978+0000] {logging_mixin.py:151} INFO - [2025-11-08T14:28:19.977+0000] {dagbag.py:539} INFO - Filling up the DagBag from /opt/airflow/dags/dbt_dag.py
[2025-11-08T14:28:20.015+0000] {processor.py:839} INFO - DAG(s) dict_keys(['dbt_transform']) retrieved from /opt/airflow/dags/dbt_dag.py
[2025-11-08T14:28:20.075+0000] {logging_mixin.py:151} INFO - [2025-11-08T14:28:20.075+0000] {dag.py:2915} INFO - Sync 1 DAGs
[2025-11-08T14:28:20.124+0000] {logging_mixin.py:151} INFO - [2025-11-08T14:28:20.123+0000] {dag.py:3696} INFO - Setting next_dagrun for dbt_transform to 2025-11-08T14:25:44.767002+00:00, run_after=2025-11-08T14:30:44.767002+00:00
[2025-11-08T14:28:20.178+0000] {processor.py:179} INFO - Processing /opt/airflow/dags/dbt_dag.py took 0.212 seconds
[2025-11-08T14:28:50.303+0000] {processor.py:157} INFO - Started process (PID=5913) to work on /opt/airflow/dags/dbt_dag.py
[2025-11-08T14:28:50.304+0000] {processor.py:829} INFO - Processing file /opt/airflow/dags/dbt_dag.py for tasks to queue
[2025-11-08T14:28:50.306+0000] {logging_mixin.py:151} INFO - [2025-11-08T14:28:50.305+0000] {dagbag.py:539} INFO - Filling up the DagBag from /opt/airflow/dags/dbt_dag.py
[2025-11-08T14:28:50.346+0000] {processor.py:839} INFO - DAG(s) dict_keys(['dbt_transform']) retrieved from /opt/airflow/dags/dbt_dag.py
[2025-11-08T14:28:50.397+0000] {logging_mixin.py:151} INFO - [2025-11-08T14:28:50.396+0000] {dag.py:2915} INFO - Sync 1 DAGs
[2025-11-08T14:28:50.447+0000] {logging_mixin.py:151} INFO - [2025-11-08T14:28:50.447+0000] {dag.py:3696} INFO - Setting next_dagrun for dbt_transform to 2025-11-08T14:25:44.767002+00:00, run_after=2025-11-08T14:30:44.767002+00:00
[2025-11-08T14:28:50.492+0000] {processor.py:179} INFO - Processing /opt/airflow/dags/dbt_dag.py took 0.196 seconds
[2025-11-08T14:29:20.773+0000] {processor.py:157} INFO - Started process (PID=5918) to work on /opt/airflow/dags/dbt_dag.py
[2025-11-08T14:29:20.775+0000] {processor.py:829} INFO - Processing file /opt/airflow/dags/dbt_dag.py for tasks to queue
[2025-11-08T14:29:20.777+0000] {logging_mixin.py:151} INFO - [2025-11-08T14:29:20.776+0000] {dagbag.py:539} INFO - Filling up the DagBag from /opt/airflow/dags/dbt_dag.py
[2025-11-08T14:29:20.814+0000] {processor.py:839} INFO - DAG(s) dict_keys(['dbt_transform']) retrieved from /opt/airflow/dags/dbt_dag.py
[2025-11-08T14:29:20.887+0000] {logging_mixin.py:151} INFO - [2025-11-08T14:29:20.886+0000] {dag.py:2915} INFO - Sync 1 DAGs
[2025-11-08T14:29:20.940+0000] {logging_mixin.py:151} INFO - [2025-11-08T14:29:20.940+0000] {dag.py:3696} INFO - Setting next_dagrun for dbt_transform to 2025-11-08T14:25:44.767002+00:00, run_after=2025-11-08T14:30:44.767002+00:00
[2025-11-08T14:29:20.987+0000] {processor.py:179} INFO - Processing /opt/airflow/dags/dbt_dag.py took 0.220 seconds
[2025-11-08T14:29:51.098+0000] {processor.py:157} INFO - Started process (PID=5923) to work on /opt/airflow/dags/dbt_dag.py
[2025-11-08T14:29:51.100+0000] {processor.py:829} INFO - Processing file /opt/airflow/dags/dbt_dag.py for tasks to queue
[2025-11-08T14:29:51.102+0000] {logging_mixin.py:151} INFO - [2025-11-08T14:29:51.101+0000] {dagbag.py:539} INFO - Filling up the DagBag from /opt/airflow/dags/dbt_dag.py
[2025-11-08T14:29:51.145+0000] {processor.py:839} INFO - DAG(s) dict_keys(['dbt_transform']) retrieved from /opt/airflow/dags/dbt_dag.py
[2025-11-08T14:29:51.204+0000] {logging_mixin.py:151} INFO - [2025-11-08T14:29:51.203+0000] {dag.py:2915} INFO - Sync 1 DAGs
[2025-11-08T14:29:51.245+0000] {logging_mixin.py:151} INFO - [2025-11-08T14:29:51.245+0000] {dag.py:3696} INFO - Setting next_dagrun for dbt_transform to 2025-11-08T14:25:44.767002+00:00, run_after=2025-11-08T14:30:44.767002+00:00
[2025-11-08T14:29:51.294+0000] {processor.py:179} INFO - Processing /opt/airflow/dags/dbt_dag.py took 0.204 seconds
[2025-11-08T14:30:21.579+0000] {processor.py:157} INFO - Started process (PID=5928) to work on /opt/airflow/dags/dbt_dag.py
[2025-11-08T14:30:21.581+0000] {processor.py:829} INFO - Processing file /opt/airflow/dags/dbt_dag.py for tasks to queue
[2025-11-08T14:30:21.583+0000] {logging_mixin.py:151} INFO - [2025-11-08T14:30:21.582+0000] {dagbag.py:539} INFO - Filling up the DagBag from /opt/airflow/dags/dbt_dag.py
[2025-11-08T14:30:21.622+0000] {processor.py:839} INFO - DAG(s) dict_keys(['dbt_transform']) retrieved from /opt/airflow/dags/dbt_dag.py
[2025-11-08T14:30:21.675+0000] {logging_mixin.py:151} INFO - [2025-11-08T14:30:21.675+0000] {dag.py:2915} INFO - Sync 1 DAGs
[2025-11-08T14:30:21.717+0000] {logging_mixin.py:151} INFO - [2025-11-08T14:30:21.717+0000] {dag.py:3696} INFO - Setting next_dagrun for dbt_transform to 2025-11-08T14:25:44.767002+00:00, run_after=2025-11-08T14:30:44.767002+00:00
[2025-11-08T14:30:21.758+0000] {processor.py:179} INFO - Processing /opt/airflow/dags/dbt_dag.py took 0.184 seconds
[2025-11-08T14:30:51.937+0000] {processor.py:157} INFO - Started process (PID=6028) to work on /opt/airflow/dags/dbt_dag.py
[2025-11-08T14:30:51.939+0000] {processor.py:829} INFO - Processing file /opt/airflow/dags/dbt_dag.py for tasks to queue
[2025-11-08T14:30:51.944+0000] {logging_mixin.py:151} INFO - [2025-11-08T14:30:51.943+0000] {dagbag.py:539} INFO - Filling up the DagBag from /opt/airflow/dags/dbt_dag.py
[2025-11-08T14:30:51.995+0000] {processor.py:839} INFO - DAG(s) dict_keys(['dbt_transform']) retrieved from /opt/airflow/dags/dbt_dag.py
[2025-11-08T14:30:52.079+0000] {logging_mixin.py:151} INFO - [2025-11-08T14:30:52.078+0000] {dag.py:2915} INFO - Sync 1 DAGs
[2025-11-08T14:30:52.140+0000] {logging_mixin.py:151} INFO - [2025-11-08T14:30:52.139+0000] {dag.py:3696} INFO - Setting next_dagrun for dbt_transform to 2025-11-08T14:30:51.261507+00:00, run_after=2025-11-08T14:35:51.261507+00:00
[2025-11-08T14:30:52.198+0000] {processor.py:179} INFO - Processing /opt/airflow/dags/dbt_dag.py took 0.272 seconds
[2025-11-08T14:31:22.374+0000] {processor.py:157} INFO - Started process (PID=6145) to work on /opt/airflow/dags/dbt_dag.py
[2025-11-08T14:31:22.376+0000] {processor.py:829} INFO - Processing file /opt/airflow/dags/dbt_dag.py for tasks to queue
[2025-11-08T14:31:22.377+0000] {logging_mixin.py:151} INFO - [2025-11-08T14:31:22.377+0000] {dagbag.py:539} INFO - Filling up the DagBag from /opt/airflow/dags/dbt_dag.py
[2025-11-08T14:31:22.421+0000] {processor.py:839} INFO - DAG(s) dict_keys(['dbt_transform']) retrieved from /opt/airflow/dags/dbt_dag.py
[2025-11-08T14:31:22.482+0000] {logging_mixin.py:151} INFO - [2025-11-08T14:31:22.481+0000] {dag.py:2915} INFO - Sync 1 DAGs
[2025-11-08T14:31:22.530+0000] {logging_mixin.py:151} INFO - [2025-11-08T14:31:22.530+0000] {dag.py:3696} INFO - Setting next_dagrun for dbt_transform to 2025-11-08T14:31:13.074184+00:00, run_after=2025-11-08T14:36:13.074184+00:00
[2025-11-08T14:31:22.585+0000] {processor.py:179} INFO - Processing /opt/airflow/dags/dbt_dag.py took 0.218 seconds
[2025-11-08T14:31:52.821+0000] {processor.py:157} INFO - Started process (PID=6150) to work on /opt/airflow/dags/dbt_dag.py
[2025-11-08T14:31:52.822+0000] {processor.py:829} INFO - Processing file /opt/airflow/dags/dbt_dag.py for tasks to queue
[2025-11-08T14:31:52.824+0000] {logging_mixin.py:151} INFO - [2025-11-08T14:31:52.824+0000] {dagbag.py:539} INFO - Filling up the DagBag from /opt/airflow/dags/dbt_dag.py
[2025-11-08T14:31:52.859+0000] {processor.py:839} INFO - DAG(s) dict_keys(['dbt_transform']) retrieved from /opt/airflow/dags/dbt_dag.py
[2025-11-08T14:31:52.910+0000] {logging_mixin.py:151} INFO - [2025-11-08T14:31:52.910+0000] {dag.py:2915} INFO - Sync 1 DAGs
[2025-11-08T14:31:52.952+0000] {logging_mixin.py:151} INFO - [2025-11-08T14:31:52.952+0000] {dag.py:3696} INFO - Setting next_dagrun for dbt_transform to 2025-11-08T14:31:13.074184+00:00, run_after=2025-11-08T14:36:13.074184+00:00
[2025-11-08T14:31:52.990+0000] {processor.py:179} INFO - Processing /opt/airflow/dags/dbt_dag.py took 0.177 seconds
[2025-11-08T14:32:23.215+0000] {processor.py:157} INFO - Started process (PID=6155) to work on /opt/airflow/dags/dbt_dag.py
[2025-11-08T14:32:23.217+0000] {processor.py:829} INFO - Processing file /opt/airflow/dags/dbt_dag.py for tasks to queue
[2025-11-08T14:32:23.219+0000] {logging_mixin.py:151} INFO - [2025-11-08T14:32:23.218+0000] {dagbag.py:539} INFO - Filling up the DagBag from /opt/airflow/dags/dbt_dag.py
[2025-11-08T14:32:23.256+0000] {processor.py:839} INFO - DAG(s) dict_keys(['dbt_transform']) retrieved from /opt/airflow/dags/dbt_dag.py
[2025-11-08T14:32:23.309+0000] {logging_mixin.py:151} INFO - [2025-11-08T14:32:23.309+0000] {dag.py:2915} INFO - Sync 1 DAGs
[2025-11-08T14:32:23.354+0000] {logging_mixin.py:151} INFO - [2025-11-08T14:32:23.354+0000] {dag.py:3696} INFO - Setting next_dagrun for dbt_transform to 2025-11-08T14:31:13.074184+00:00, run_after=2025-11-08T14:36:13.074184+00:00
[2025-11-08T14:32:23.395+0000] {processor.py:179} INFO - Processing /opt/airflow/dags/dbt_dag.py took 0.187 seconds
[2025-11-08T14:32:53.603+0000] {processor.py:157} INFO - Started process (PID=6160) to work on /opt/airflow/dags/dbt_dag.py
[2025-11-08T14:32:53.605+0000] {processor.py:829} INFO - Processing file /opt/airflow/dags/dbt_dag.py for tasks to queue
[2025-11-08T14:32:53.606+0000] {logging_mixin.py:151} INFO - [2025-11-08T14:32:53.606+0000] {dagbag.py:539} INFO - Filling up the DagBag from /opt/airflow/dags/dbt_dag.py
[2025-11-08T14:32:53.647+0000] {processor.py:839} INFO - DAG(s) dict_keys(['dbt_transform']) retrieved from /opt/airflow/dags/dbt_dag.py
[2025-11-08T14:32:53.697+0000] {logging_mixin.py:151} INFO - [2025-11-08T14:32:53.697+0000] {dag.py:2915} INFO - Sync 1 DAGs
[2025-11-08T14:32:53.731+0000] {logging_mixin.py:151} INFO - [2025-11-08T14:32:53.731+0000] {dag.py:3696} INFO - Setting next_dagrun for dbt_transform to 2025-11-08T14:31:13.074184+00:00, run_after=2025-11-08T14:36:13.074184+00:00
[2025-11-08T14:32:53.769+0000] {processor.py:179} INFO - Processing /opt/airflow/dags/dbt_dag.py took 0.173 seconds
[2025-11-08T14:33:23.987+0000] {processor.py:157} INFO - Started process (PID=6165) to work on /opt/airflow/dags/dbt_dag.py
[2025-11-08T14:33:23.989+0000] {processor.py:829} INFO - Processing file /opt/airflow/dags/dbt_dag.py for tasks to queue
[2025-11-08T14:33:23.991+0000] {logging_mixin.py:151} INFO - [2025-11-08T14:33:23.990+0000] {dagbag.py:539} INFO - Filling up the DagBag from /opt/airflow/dags/dbt_dag.py
[2025-11-08T14:33:24.030+0000] {processor.py:839} INFO - DAG(s) dict_keys(['dbt_transform']) retrieved from /opt/airflow/dags/dbt_dag.py
[2025-11-08T14:33:24.077+0000] {logging_mixin.py:151} INFO - [2025-11-08T14:33:24.076+0000] {dag.py:2915} INFO - Sync 1 DAGs
[2025-11-08T14:33:24.143+0000] {logging_mixin.py:151} INFO - [2025-11-08T14:33:24.143+0000] {dag.py:3696} INFO - Setting next_dagrun for dbt_transform to 2025-11-08T14:31:13.074184+00:00, run_after=2025-11-08T14:36:13.074184+00:00
[2025-11-08T14:33:24.180+0000] {processor.py:179} INFO - Processing /opt/airflow/dags/dbt_dag.py took 0.199 seconds
[2025-11-08T14:33:54.345+0000] {processor.py:157} INFO - Started process (PID=6170) to work on /opt/airflow/dags/dbt_dag.py
[2025-11-08T14:33:54.347+0000] {processor.py:829} INFO - Processing file /opt/airflow/dags/dbt_dag.py for tasks to queue
[2025-11-08T14:33:54.349+0000] {logging_mixin.py:151} INFO - [2025-11-08T14:33:54.348+0000] {dagbag.py:539} INFO - Filling up the DagBag from /opt/airflow/dags/dbt_dag.py
[2025-11-08T14:33:54.385+0000] {processor.py:839} INFO - DAG(s) dict_keys(['dbt_transform']) retrieved from /opt/airflow/dags/dbt_dag.py
[2025-11-08T14:33:54.437+0000] {logging_mixin.py:151} INFO - [2025-11-08T14:33:54.437+0000] {dag.py:2915} INFO - Sync 1 DAGs
[2025-11-08T14:33:54.474+0000] {logging_mixin.py:151} INFO - [2025-11-08T14:33:54.473+0000] {dag.py:3696} INFO - Setting next_dagrun for dbt_transform to 2025-11-08T14:31:13.074184+00:00, run_after=2025-11-08T14:36:13.074184+00:00
[2025-11-08T14:33:54.520+0000] {processor.py:179} INFO - Processing /opt/airflow/dags/dbt_dag.py took 0.184 seconds
[2025-11-08T14:34:24.771+0000] {processor.py:157} INFO - Started process (PID=6175) to work on /opt/airflow/dags/dbt_dag.py
[2025-11-08T14:34:24.773+0000] {processor.py:829} INFO - Processing file /opt/airflow/dags/dbt_dag.py for tasks to queue
[2025-11-08T14:34:24.776+0000] {logging_mixin.py:151} INFO - [2025-11-08T14:34:24.775+0000] {dagbag.py:539} INFO - Filling up the DagBag from /opt/airflow/dags/dbt_dag.py
[2025-11-08T14:34:24.819+0000] {processor.py:839} INFO - DAG(s) dict_keys(['dbt_transform']) retrieved from /opt/airflow/dags/dbt_dag.py
[2025-11-08T14:34:24.869+0000] {logging_mixin.py:151} INFO - [2025-11-08T14:34:24.868+0000] {dag.py:2915} INFO - Sync 1 DAGs
[2025-11-08T14:34:24.920+0000] {logging_mixin.py:151} INFO - [2025-11-08T14:34:24.919+0000] {dag.py:3696} INFO - Setting next_dagrun for dbt_transform to 2025-11-08T14:31:13.074184+00:00, run_after=2025-11-08T14:36:13.074184+00:00
[2025-11-08T14:34:24.963+0000] {processor.py:179} INFO - Processing /opt/airflow/dags/dbt_dag.py took 0.201 seconds
[2025-11-08T14:34:55.156+0000] {processor.py:157} INFO - Started process (PID=6180) to work on /opt/airflow/dags/dbt_dag.py
[2025-11-08T14:34:55.158+0000] {processor.py:829} INFO - Processing file /opt/airflow/dags/dbt_dag.py for tasks to queue
[2025-11-08T14:34:55.160+0000] {logging_mixin.py:151} INFO - [2025-11-08T14:34:55.159+0000] {dagbag.py:539} INFO - Filling up the DagBag from /opt/airflow/dags/dbt_dag.py
[2025-11-08T14:34:55.194+0000] {processor.py:839} INFO - DAG(s) dict_keys(['dbt_transform']) retrieved from /opt/airflow/dags/dbt_dag.py
[2025-11-08T14:34:55.239+0000] {logging_mixin.py:151} INFO - [2025-11-08T14:34:55.239+0000] {dag.py:2915} INFO - Sync 1 DAGs
[2025-11-08T14:34:55.273+0000] {logging_mixin.py:151} INFO - [2025-11-08T14:34:55.273+0000] {dag.py:3696} INFO - Setting next_dagrun for dbt_transform to 2025-11-08T14:31:13.074184+00:00, run_after=2025-11-08T14:36:13.074184+00:00
[2025-11-08T14:34:55.309+0000] {processor.py:179} INFO - Processing /opt/airflow/dags/dbt_dag.py took 0.160 seconds
[2025-11-08T14:35:25.565+0000] {processor.py:157} INFO - Started process (PID=6185) to work on /opt/airflow/dags/dbt_dag.py
[2025-11-08T14:35:25.566+0000] {processor.py:829} INFO - Processing file /opt/airflow/dags/dbt_dag.py for tasks to queue
[2025-11-08T14:35:25.568+0000] {logging_mixin.py:151} INFO - [2025-11-08T14:35:25.568+0000] {dagbag.py:539} INFO - Filling up the DagBag from /opt/airflow/dags/dbt_dag.py
[2025-11-08T14:35:25.604+0000] {processor.py:839} INFO - DAG(s) dict_keys(['dbt_transform']) retrieved from /opt/airflow/dags/dbt_dag.py
[2025-11-08T14:35:25.656+0000] {logging_mixin.py:151} INFO - [2025-11-08T14:35:25.656+0000] {dag.py:2915} INFO - Sync 1 DAGs
[2025-11-08T14:35:25.695+0000] {logging_mixin.py:151} INFO - [2025-11-08T14:35:25.695+0000] {dag.py:3696} INFO - Setting next_dagrun for dbt_transform to 2025-11-08T14:31:13.074184+00:00, run_after=2025-11-08T14:36:13.074184+00:00
[2025-11-08T14:35:25.733+0000] {processor.py:179} INFO - Processing /opt/airflow/dags/dbt_dag.py took 0.175 seconds
[2025-11-08T14:35:55.871+0000] {processor.py:157} INFO - Started process (PID=6190) to work on /opt/airflow/dags/dbt_dag.py
[2025-11-08T14:35:55.873+0000] {processor.py:829} INFO - Processing file /opt/airflow/dags/dbt_dag.py for tasks to queue
[2025-11-08T14:35:55.874+0000] {logging_mixin.py:151} INFO - [2025-11-08T14:35:55.874+0000] {dagbag.py:539} INFO - Filling up the DagBag from /opt/airflow/dags/dbt_dag.py
[2025-11-08T14:35:55.910+0000] {processor.py:839} INFO - DAG(s) dict_keys(['dbt_transform']) retrieved from /opt/airflow/dags/dbt_dag.py
[2025-11-08T14:35:55.960+0000] {logging_mixin.py:151} INFO - [2025-11-08T14:35:55.960+0000] {dag.py:2915} INFO - Sync 1 DAGs
[2025-11-08T14:35:55.996+0000] {logging_mixin.py:151} INFO - [2025-11-08T14:35:55.996+0000] {dag.py:3696} INFO - Setting next_dagrun for dbt_transform to 2025-11-08T14:31:13.074184+00:00, run_after=2025-11-08T14:36:13.074184+00:00
[2025-11-08T14:35:56.030+0000] {processor.py:179} INFO - Processing /opt/airflow/dags/dbt_dag.py took 0.165 seconds
[2025-11-08T14:36:26.301+0000] {processor.py:157} INFO - Started process (PID=6309) to work on /opt/airflow/dags/dbt_dag.py
[2025-11-08T14:36:26.302+0000] {processor.py:829} INFO - Processing file /opt/airflow/dags/dbt_dag.py for tasks to queue
[2025-11-08T14:36:26.304+0000] {logging_mixin.py:151} INFO - [2025-11-08T14:36:26.304+0000] {dagbag.py:539} INFO - Filling up the DagBag from /opt/airflow/dags/dbt_dag.py
[2025-11-08T14:36:26.347+0000] {processor.py:839} INFO - DAG(s) dict_keys(['dbt_transform']) retrieved from /opt/airflow/dags/dbt_dag.py
[2025-11-08T14:36:26.411+0000] {logging_mixin.py:151} INFO - [2025-11-08T14:36:26.411+0000] {dag.py:2915} INFO - Sync 1 DAGs
[2025-11-08T14:36:26.589+0000] {logging_mixin.py:151} INFO - [2025-11-08T14:36:26.588+0000] {dag.py:3696} INFO - Setting next_dagrun for dbt_transform to 2025-11-08T14:36:26.163892+00:00, run_after=2025-11-08T14:41:26.163892+00:00
[2025-11-08T14:36:26.641+0000] {processor.py:179} INFO - Processing /opt/airflow/dags/dbt_dag.py took 0.346 seconds
[2025-11-08T14:36:57.060+0000] {processor.py:157} INFO - Started process (PID=6389) to work on /opt/airflow/dags/dbt_dag.py
[2025-11-08T14:36:57.062+0000] {processor.py:829} INFO - Processing file /opt/airflow/dags/dbt_dag.py for tasks to queue
[2025-11-08T14:36:57.064+0000] {logging_mixin.py:151} INFO - [2025-11-08T14:36:57.063+0000] {dagbag.py:539} INFO - Filling up the DagBag from /opt/airflow/dags/dbt_dag.py
[2025-11-08T14:36:57.106+0000] {processor.py:839} INFO - DAG(s) dict_keys(['dbt_transform']) retrieved from /opt/airflow/dags/dbt_dag.py
[2025-11-08T14:36:57.161+0000] {logging_mixin.py:151} INFO - [2025-11-08T14:36:57.161+0000] {dag.py:2915} INFO - Sync 1 DAGs
[2025-11-08T14:36:57.202+0000] {logging_mixin.py:151} INFO - [2025-11-08T14:36:57.202+0000] {dag.py:3696} INFO - Setting next_dagrun for dbt_transform to 2025-11-08T14:36:38.136354+00:00, run_after=2025-11-08T14:41:38.136354+00:00
[2025-11-08T14:36:57.244+0000] {processor.py:179} INFO - Processing /opt/airflow/dags/dbt_dag.py took 0.190 seconds
[2025-11-08T14:37:27.352+0000] {processor.py:157} INFO - Started process (PID=6394) to work on /opt/airflow/dags/dbt_dag.py
[2025-11-08T14:37:27.354+0000] {processor.py:829} INFO - Processing file /opt/airflow/dags/dbt_dag.py for tasks to queue
[2025-11-08T14:37:27.356+0000] {logging_mixin.py:151} INFO - [2025-11-08T14:37:27.356+0000] {dagbag.py:539} INFO - Filling up the DagBag from /opt/airflow/dags/dbt_dag.py
[2025-11-08T14:37:27.397+0000] {processor.py:839} INFO - DAG(s) dict_keys(['dbt_transform']) retrieved from /opt/airflow/dags/dbt_dag.py
[2025-11-08T14:37:27.447+0000] {logging_mixin.py:151} INFO - [2025-11-08T14:37:27.447+0000] {dag.py:2915} INFO - Sync 1 DAGs
[2025-11-08T14:37:27.487+0000] {logging_mixin.py:151} INFO - [2025-11-08T14:37:27.487+0000] {dag.py:3696} INFO - Setting next_dagrun for dbt_transform to 2025-11-08T14:36:38.136354+00:00, run_after=2025-11-08T14:41:38.136354+00:00
[2025-11-08T14:37:27.522+0000] {processor.py:179} INFO - Processing /opt/airflow/dags/dbt_dag.py took 0.179 seconds
[2025-11-08T14:37:57.860+0000] {processor.py:157} INFO - Started process (PID=6399) to work on /opt/airflow/dags/dbt_dag.py
[2025-11-08T14:37:57.862+0000] {processor.py:829} INFO - Processing file /opt/airflow/dags/dbt_dag.py for tasks to queue
[2025-11-08T14:37:57.863+0000] {logging_mixin.py:151} INFO - [2025-11-08T14:37:57.863+0000] {dagbag.py:539} INFO - Filling up the DagBag from /opt/airflow/dags/dbt_dag.py
[2025-11-08T14:37:57.907+0000] {processor.py:839} INFO - DAG(s) dict_keys(['dbt_transform']) retrieved from /opt/airflow/dags/dbt_dag.py
[2025-11-08T14:37:57.963+0000] {logging_mixin.py:151} INFO - [2025-11-08T14:37:57.962+0000] {dag.py:2915} INFO - Sync 1 DAGs
[2025-11-08T14:37:58.003+0000] {logging_mixin.py:151} INFO - [2025-11-08T14:37:58.003+0000] {dag.py:3696} INFO - Setting next_dagrun for dbt_transform to 2025-11-08T14:36:38.136354+00:00, run_after=2025-11-08T14:41:38.136354+00:00
[2025-11-08T14:37:58.039+0000] {processor.py:179} INFO - Processing /opt/airflow/dags/dbt_dag.py took 0.186 seconds
[2025-11-08T14:38:28.171+0000] {processor.py:157} INFO - Started process (PID=6404) to work on /opt/airflow/dags/dbt_dag.py
[2025-11-08T14:38:28.173+0000] {processor.py:829} INFO - Processing file /opt/airflow/dags/dbt_dag.py for tasks to queue
[2025-11-08T14:38:28.174+0000] {logging_mixin.py:151} INFO - [2025-11-08T14:38:28.174+0000] {dagbag.py:539} INFO - Filling up the DagBag from /opt/airflow/dags/dbt_dag.py
[2025-11-08T14:38:28.211+0000] {processor.py:839} INFO - DAG(s) dict_keys(['dbt_transform']) retrieved from /opt/airflow/dags/dbt_dag.py
[2025-11-08T14:38:28.268+0000] {logging_mixin.py:151} INFO - [2025-11-08T14:38:28.267+0000] {dag.py:2915} INFO - Sync 1 DAGs
[2025-11-08T14:38:28.308+0000] {logging_mixin.py:151} INFO - [2025-11-08T14:38:28.308+0000] {dag.py:3696} INFO - Setting next_dagrun for dbt_transform to 2025-11-08T14:36:38.136354+00:00, run_after=2025-11-08T14:41:38.136354+00:00
[2025-11-08T14:38:28.351+0000] {processor.py:179} INFO - Processing /opt/airflow/dags/dbt_dag.py took 0.186 seconds
[2025-11-08T14:38:58.694+0000] {processor.py:157} INFO - Started process (PID=6409) to work on /opt/airflow/dags/dbt_dag.py
[2025-11-08T14:38:58.698+0000] {processor.py:829} INFO - Processing file /opt/airflow/dags/dbt_dag.py for tasks to queue
[2025-11-08T14:38:58.700+0000] {logging_mixin.py:151} INFO - [2025-11-08T14:38:58.700+0000] {dagbag.py:539} INFO - Filling up the DagBag from /opt/airflow/dags/dbt_dag.py
[2025-11-08T14:38:58.738+0000] {processor.py:839} INFO - DAG(s) dict_keys(['dbt_transform']) retrieved from /opt/airflow/dags/dbt_dag.py
[2025-11-08T14:38:58.790+0000] {logging_mixin.py:151} INFO - [2025-11-08T14:38:58.790+0000] {dag.py:2915} INFO - Sync 1 DAGs
[2025-11-08T14:38:58.828+0000] {logging_mixin.py:151} INFO - [2025-11-08T14:38:58.828+0000] {dag.py:3696} INFO - Setting next_dagrun for dbt_transform to 2025-11-08T14:36:38.136354+00:00, run_after=2025-11-08T14:41:38.136354+00:00
[2025-11-08T14:38:58.868+0000] {processor.py:179} INFO - Processing /opt/airflow/dags/dbt_dag.py took 0.179 seconds
[2025-11-08T14:39:29.001+0000] {processor.py:157} INFO - Started process (PID=6414) to work on /opt/airflow/dags/dbt_dag.py
[2025-11-08T14:39:29.003+0000] {processor.py:829} INFO - Processing file /opt/airflow/dags/dbt_dag.py for tasks to queue
[2025-11-08T14:39:29.005+0000] {logging_mixin.py:151} INFO - [2025-11-08T14:39:29.005+0000] {dagbag.py:539} INFO - Filling up the DagBag from /opt/airflow/dags/dbt_dag.py
[2025-11-08T14:39:29.045+0000] {processor.py:839} INFO - DAG(s) dict_keys(['dbt_transform']) retrieved from /opt/airflow/dags/dbt_dag.py
[2025-11-08T14:39:29.102+0000] {logging_mixin.py:151} INFO - [2025-11-08T14:39:29.101+0000] {dag.py:2915} INFO - Sync 1 DAGs
[2025-11-08T14:39:29.226+0000] {logging_mixin.py:151} INFO - [2025-11-08T14:39:29.225+0000] {dag.py:3696} INFO - Setting next_dagrun for dbt_transform to 2025-11-08T14:36:38.136354+00:00, run_after=2025-11-08T14:41:38.136354+00:00
[2025-11-08T14:39:29.264+0000] {processor.py:179} INFO - Processing /opt/airflow/dags/dbt_dag.py took 0.270 seconds
[2025-11-08T14:39:59.445+0000] {processor.py:157} INFO - Started process (PID=6419) to work on /opt/airflow/dags/dbt_dag.py
[2025-11-08T14:39:59.446+0000] {processor.py:829} INFO - Processing file /opt/airflow/dags/dbt_dag.py for tasks to queue
[2025-11-08T14:39:59.448+0000] {logging_mixin.py:151} INFO - [2025-11-08T14:39:59.448+0000] {dagbag.py:539} INFO - Filling up the DagBag from /opt/airflow/dags/dbt_dag.py
[2025-11-08T14:39:59.484+0000] {processor.py:839} INFO - DAG(s) dict_keys(['dbt_transform']) retrieved from /opt/airflow/dags/dbt_dag.py
[2025-11-08T14:39:59.536+0000] {logging_mixin.py:151} INFO - [2025-11-08T14:39:59.536+0000] {dag.py:2915} INFO - Sync 1 DAGs
[2025-11-08T14:39:59.578+0000] {logging_mixin.py:151} INFO - [2025-11-08T14:39:59.578+0000] {dag.py:3696} INFO - Setting next_dagrun for dbt_transform to 2025-11-08T14:36:38.136354+00:00, run_after=2025-11-08T14:41:38.136354+00:00
[2025-11-08T14:39:59.614+0000] {processor.py:179} INFO - Processing /opt/airflow/dags/dbt_dag.py took 0.176 seconds
[2025-11-08T14:40:29.892+0000] {processor.py:157} INFO - Started process (PID=6424) to work on /opt/airflow/dags/dbt_dag.py
[2025-11-08T14:40:29.895+0000] {processor.py:829} INFO - Processing file /opt/airflow/dags/dbt_dag.py for tasks to queue
[2025-11-08T14:40:29.897+0000] {logging_mixin.py:151} INFO - [2025-11-08T14:40:29.896+0000] {dagbag.py:539} INFO - Filling up the DagBag from /opt/airflow/dags/dbt_dag.py
[2025-11-08T14:40:29.941+0000] {processor.py:839} INFO - DAG(s) dict_keys(['dbt_transform']) retrieved from /opt/airflow/dags/dbt_dag.py
[2025-11-08T14:40:30.002+0000] {logging_mixin.py:151} INFO - [2025-11-08T14:40:30.002+0000] {dag.py:2915} INFO - Sync 1 DAGs
[2025-11-08T14:40:30.042+0000] {logging_mixin.py:151} INFO - [2025-11-08T14:40:30.042+0000] {dag.py:3696} INFO - Setting next_dagrun for dbt_transform to 2025-11-08T14:36:38.136354+00:00, run_after=2025-11-08T14:41:38.136354+00:00
[2025-11-08T14:40:30.081+0000] {processor.py:179} INFO - Processing /opt/airflow/dags/dbt_dag.py took 0.201 seconds
[2025-11-08T14:41:00.203+0000] {processor.py:157} INFO - Started process (PID=6429) to work on /opt/airflow/dags/dbt_dag.py
[2025-11-08T14:41:00.205+0000] {processor.py:829} INFO - Processing file /opt/airflow/dags/dbt_dag.py for tasks to queue
[2025-11-08T14:41:00.206+0000] {logging_mixin.py:151} INFO - [2025-11-08T14:41:00.206+0000] {dagbag.py:539} INFO - Filling up the DagBag from /opt/airflow/dags/dbt_dag.py
[2025-11-08T14:41:00.245+0000] {processor.py:839} INFO - DAG(s) dict_keys(['dbt_transform']) retrieved from /opt/airflow/dags/dbt_dag.py
[2025-11-08T14:41:00.301+0000] {logging_mixin.py:151} INFO - [2025-11-08T14:41:00.300+0000] {dag.py:2915} INFO - Sync 1 DAGs
[2025-11-08T14:41:00.358+0000] {logging_mixin.py:151} INFO - [2025-11-08T14:41:00.357+0000] {dag.py:3696} INFO - Setting next_dagrun for dbt_transform to 2025-11-08T14:36:38.136354+00:00, run_after=2025-11-08T14:41:38.136354+00:00
[2025-11-08T14:41:00.397+0000] {processor.py:179} INFO - Processing /opt/airflow/dags/dbt_dag.py took 0.200 seconds
[2025-11-08T14:41:30.673+0000] {processor.py:157} INFO - Started process (PID=6464) to work on /opt/airflow/dags/dbt_dag.py
[2025-11-08T14:41:30.674+0000] {processor.py:829} INFO - Processing file /opt/airflow/dags/dbt_dag.py for tasks to queue
[2025-11-08T14:41:30.677+0000] {logging_mixin.py:151} INFO - [2025-11-08T14:41:30.676+0000] {dagbag.py:539} INFO - Filling up the DagBag from /opt/airflow/dags/dbt_dag.py
[2025-11-08T14:41:30.719+0000] {processor.py:839} INFO - DAG(s) dict_keys(['dbt_transform']) retrieved from /opt/airflow/dags/dbt_dag.py
[2025-11-08T14:41:30.782+0000] {logging_mixin.py:151} INFO - [2025-11-08T14:41:30.781+0000] {dag.py:2915} INFO - Sync 1 DAGs
[2025-11-08T14:41:30.828+0000] {logging_mixin.py:151} INFO - [2025-11-08T14:41:30.827+0000] {dag.py:3696} INFO - Setting next_dagrun for dbt_transform to 2025-11-08T14:36:38.136354+00:00, run_after=2025-11-08T14:41:38.136354+00:00
[2025-11-08T14:41:30.864+0000] {processor.py:179} INFO - Processing /opt/airflow/dags/dbt_dag.py took 0.199 seconds
[2025-11-08T14:42:00.980+0000] {processor.py:157} INFO - Started process (PID=6595) to work on /opt/airflow/dags/dbt_dag.py
[2025-11-08T14:42:00.981+0000] {processor.py:829} INFO - Processing file /opt/airflow/dags/dbt_dag.py for tasks to queue
[2025-11-08T14:42:00.983+0000] {logging_mixin.py:151} INFO - [2025-11-08T14:42:00.983+0000] {dagbag.py:539} INFO - Filling up the DagBag from /opt/airflow/dags/dbt_dag.py
[2025-11-08T14:42:01.023+0000] {processor.py:839} INFO - DAG(s) dict_keys(['dbt_transform']) retrieved from /opt/airflow/dags/dbt_dag.py
[2025-11-08T14:42:01.077+0000] {logging_mixin.py:151} INFO - [2025-11-08T14:42:01.077+0000] {dag.py:2915} INFO - Sync 1 DAGs
[2025-11-08T14:42:01.123+0000] {logging_mixin.py:151} INFO - [2025-11-08T14:42:01.122+0000] {dag.py:3696} INFO - Setting next_dagrun for dbt_transform to 2025-11-08T14:41:59.343403+00:00, run_after=2025-11-08T14:46:59.343403+00:00
[2025-11-08T14:42:01.161+0000] {processor.py:179} INFO - Processing /opt/airflow/dags/dbt_dag.py took 0.188 seconds
[2025-11-08T14:42:31.492+0000] {processor.py:157} INFO - Started process (PID=6627) to work on /opt/airflow/dags/dbt_dag.py
[2025-11-08T14:42:31.494+0000] {processor.py:829} INFO - Processing file /opt/airflow/dags/dbt_dag.py for tasks to queue
[2025-11-08T14:42:31.496+0000] {logging_mixin.py:151} INFO - [2025-11-08T14:42:31.495+0000] {dagbag.py:539} INFO - Filling up the DagBag from /opt/airflow/dags/dbt_dag.py
[2025-11-08T14:42:31.532+0000] {processor.py:839} INFO - DAG(s) dict_keys(['dbt_transform']) retrieved from /opt/airflow/dags/dbt_dag.py
[2025-11-08T14:42:31.581+0000] {logging_mixin.py:151} INFO - [2025-11-08T14:42:31.581+0000] {dag.py:2915} INFO - Sync 1 DAGs
[2025-11-08T14:42:31.615+0000] {logging_mixin.py:151} INFO - [2025-11-08T14:42:31.615+0000] {dag.py:3696} INFO - Setting next_dagrun for dbt_transform to 2025-11-08T14:42:04.976270+00:00, run_after=2025-11-08T14:47:04.976270+00:00
[2025-11-08T14:42:31.655+0000] {processor.py:179} INFO - Processing /opt/airflow/dags/dbt_dag.py took 0.169 seconds
[2025-11-08T14:43:01.786+0000] {processor.py:157} INFO - Started process (PID=6632) to work on /opt/airflow/dags/dbt_dag.py
[2025-11-08T14:43:01.787+0000] {processor.py:829} INFO - Processing file /opt/airflow/dags/dbt_dag.py for tasks to queue
[2025-11-08T14:43:01.789+0000] {logging_mixin.py:151} INFO - [2025-11-08T14:43:01.789+0000] {dagbag.py:539} INFO - Filling up the DagBag from /opt/airflow/dags/dbt_dag.py
[2025-11-08T14:43:01.829+0000] {processor.py:839} INFO - DAG(s) dict_keys(['dbt_transform']) retrieved from /opt/airflow/dags/dbt_dag.py
[2025-11-08T14:43:01.886+0000] {logging_mixin.py:151} INFO - [2025-11-08T14:43:01.886+0000] {dag.py:2915} INFO - Sync 1 DAGs
[2025-11-08T14:43:01.928+0000] {logging_mixin.py:151} INFO - [2025-11-08T14:43:01.928+0000] {dag.py:3696} INFO - Setting next_dagrun for dbt_transform to 2025-11-08T14:42:04.976270+00:00, run_after=2025-11-08T14:47:04.976270+00:00
[2025-11-08T14:43:01.964+0000] {processor.py:179} INFO - Processing /opt/airflow/dags/dbt_dag.py took 0.184 seconds
[2025-11-08T14:43:32.249+0000] {processor.py:157} INFO - Started process (PID=6637) to work on /opt/airflow/dags/dbt_dag.py
[2025-11-08T14:43:32.251+0000] {processor.py:829} INFO - Processing file /opt/airflow/dags/dbt_dag.py for tasks to queue
[2025-11-08T14:43:32.252+0000] {logging_mixin.py:151} INFO - [2025-11-08T14:43:32.252+0000] {dagbag.py:539} INFO - Filling up the DagBag from /opt/airflow/dags/dbt_dag.py
[2025-11-08T14:43:32.286+0000] {processor.py:839} INFO - DAG(s) dict_keys(['dbt_transform']) retrieved from /opt/airflow/dags/dbt_dag.py
[2025-11-08T14:43:32.340+0000] {logging_mixin.py:151} INFO - [2025-11-08T14:43:32.339+0000] {dag.py:2915} INFO - Sync 1 DAGs
[2025-11-08T14:43:32.383+0000] {logging_mixin.py:151} INFO - [2025-11-08T14:43:32.383+0000] {dag.py:3696} INFO - Setting next_dagrun for dbt_transform to 2025-11-08T14:42:04.976270+00:00, run_after=2025-11-08T14:47:04.976270+00:00
[2025-11-08T14:43:32.420+0000] {processor.py:179} INFO - Processing /opt/airflow/dags/dbt_dag.py took 0.177 seconds
[2025-11-08T14:44:02.555+0000] {processor.py:157} INFO - Started process (PID=6642) to work on /opt/airflow/dags/dbt_dag.py
[2025-11-08T14:44:02.556+0000] {processor.py:829} INFO - Processing file /opt/airflow/dags/dbt_dag.py for tasks to queue
[2025-11-08T14:44:02.558+0000] {logging_mixin.py:151} INFO - [2025-11-08T14:44:02.557+0000] {dagbag.py:539} INFO - Filling up the DagBag from /opt/airflow/dags/dbt_dag.py
[2025-11-08T14:44:02.596+0000] {processor.py:839} INFO - DAG(s) dict_keys(['dbt_transform']) retrieved from /opt/airflow/dags/dbt_dag.py
[2025-11-08T14:44:02.655+0000] {logging_mixin.py:151} INFO - [2025-11-08T14:44:02.655+0000] {dag.py:2915} INFO - Sync 1 DAGs
[2025-11-08T14:44:02.695+0000] {logging_mixin.py:151} INFO - [2025-11-08T14:44:02.695+0000] {dag.py:3696} INFO - Setting next_dagrun for dbt_transform to 2025-11-08T14:42:04.976270+00:00, run_after=2025-11-08T14:47:04.976270+00:00
[2025-11-08T14:44:02.734+0000] {processor.py:179} INFO - Processing /opt/airflow/dags/dbt_dag.py took 0.188 seconds
[2025-11-08T14:44:33.005+0000] {processor.py:157} INFO - Started process (PID=6647) to work on /opt/airflow/dags/dbt_dag.py
[2025-11-08T14:44:33.007+0000] {processor.py:829} INFO - Processing file /opt/airflow/dags/dbt_dag.py for tasks to queue
[2025-11-08T14:44:33.009+0000] {logging_mixin.py:151} INFO - [2025-11-08T14:44:33.008+0000] {dagbag.py:539} INFO - Filling up the DagBag from /opt/airflow/dags/dbt_dag.py
[2025-11-08T14:44:33.049+0000] {processor.py:839} INFO - DAG(s) dict_keys(['dbt_transform']) retrieved from /opt/airflow/dags/dbt_dag.py
[2025-11-08T14:44:33.102+0000] {logging_mixin.py:151} INFO - [2025-11-08T14:44:33.102+0000] {dag.py:2915} INFO - Sync 1 DAGs
[2025-11-08T14:44:33.140+0000] {logging_mixin.py:151} INFO - [2025-11-08T14:44:33.140+0000] {dag.py:3696} INFO - Setting next_dagrun for dbt_transform to 2025-11-08T14:42:04.976270+00:00, run_after=2025-11-08T14:47:04.976270+00:00
[2025-11-08T14:44:33.177+0000] {processor.py:179} INFO - Processing /opt/airflow/dags/dbt_dag.py took 0.182 seconds
[2025-11-08T14:45:03.321+0000] {processor.py:157} INFO - Started process (PID=6652) to work on /opt/airflow/dags/dbt_dag.py
[2025-11-08T14:45:03.323+0000] {processor.py:829} INFO - Processing file /opt/airflow/dags/dbt_dag.py for tasks to queue
[2025-11-08T14:45:03.325+0000] {logging_mixin.py:151} INFO - [2025-11-08T14:45:03.324+0000] {dagbag.py:539} INFO - Filling up the DagBag from /opt/airflow/dags/dbt_dag.py
[2025-11-08T14:45:03.366+0000] {processor.py:839} INFO - DAG(s) dict_keys(['dbt_transform']) retrieved from /opt/airflow/dags/dbt_dag.py
[2025-11-08T14:45:03.426+0000] {logging_mixin.py:151} INFO - [2025-11-08T14:45:03.426+0000] {dag.py:2915} INFO - Sync 1 DAGs
[2025-11-08T14:45:03.462+0000] {logging_mixin.py:151} INFO - [2025-11-08T14:45:03.461+0000] {dag.py:3696} INFO - Setting next_dagrun for dbt_transform to 2025-11-08T14:42:04.976270+00:00, run_after=2025-11-08T14:47:04.976270+00:00
[2025-11-08T14:45:03.503+0000] {processor.py:179} INFO - Processing /opt/airflow/dags/dbt_dag.py took 0.189 seconds
[2025-11-08T14:45:33.761+0000] {processor.py:157} INFO - Started process (PID=6657) to work on /opt/airflow/dags/dbt_dag.py
[2025-11-08T14:45:33.763+0000] {processor.py:829} INFO - Processing file /opt/airflow/dags/dbt_dag.py for tasks to queue
[2025-11-08T14:45:33.765+0000] {logging_mixin.py:151} INFO - [2025-11-08T14:45:33.764+0000] {dagbag.py:539} INFO - Filling up the DagBag from /opt/airflow/dags/dbt_dag.py
[2025-11-08T14:45:33.803+0000] {processor.py:839} INFO - DAG(s) dict_keys(['dbt_transform']) retrieved from /opt/airflow/dags/dbt_dag.py
[2025-11-08T14:45:33.857+0000] {logging_mixin.py:151} INFO - [2025-11-08T14:45:33.857+0000] {dag.py:2915} INFO - Sync 1 DAGs
[2025-11-08T14:45:33.893+0000] {logging_mixin.py:151} INFO - [2025-11-08T14:45:33.892+0000] {dag.py:3696} INFO - Setting next_dagrun for dbt_transform to 2025-11-08T14:42:04.976270+00:00, run_after=2025-11-08T14:47:04.976270+00:00
[2025-11-08T14:45:33.940+0000] {processor.py:179} INFO - Processing /opt/airflow/dags/dbt_dag.py took 0.186 seconds
[2025-11-08T14:46:04.102+0000] {processor.py:157} INFO - Started process (PID=6662) to work on /opt/airflow/dags/dbt_dag.py
[2025-11-08T14:46:04.103+0000] {processor.py:829} INFO - Processing file /opt/airflow/dags/dbt_dag.py for tasks to queue
[2025-11-08T14:46:04.105+0000] {logging_mixin.py:151} INFO - [2025-11-08T14:46:04.105+0000] {dagbag.py:539} INFO - Filling up the DagBag from /opt/airflow/dags/dbt_dag.py
[2025-11-08T14:46:04.144+0000] {processor.py:839} INFO - DAG(s) dict_keys(['dbt_transform']) retrieved from /opt/airflow/dags/dbt_dag.py
[2025-11-08T14:46:04.201+0000] {logging_mixin.py:151} INFO - [2025-11-08T14:46:04.200+0000] {dag.py:2915} INFO - Sync 1 DAGs
[2025-11-08T14:46:04.241+0000] {logging_mixin.py:151} INFO - [2025-11-08T14:46:04.240+0000] {dag.py:3696} INFO - Setting next_dagrun for dbt_transform to 2025-11-08T14:42:04.976270+00:00, run_after=2025-11-08T14:47:04.976270+00:00
[2025-11-08T14:46:04.278+0000] {processor.py:179} INFO - Processing /opt/airflow/dags/dbt_dag.py took 0.185 seconds
[2025-11-08T14:46:34.558+0000] {processor.py:157} INFO - Started process (PID=6667) to work on /opt/airflow/dags/dbt_dag.py
[2025-11-08T14:46:34.560+0000] {processor.py:829} INFO - Processing file /opt/airflow/dags/dbt_dag.py for tasks to queue
[2025-11-08T14:46:34.562+0000] {logging_mixin.py:151} INFO - [2025-11-08T14:46:34.562+0000] {dagbag.py:539} INFO - Filling up the DagBag from /opt/airflow/dags/dbt_dag.py
[2025-11-08T14:46:34.602+0000] {processor.py:839} INFO - DAG(s) dict_keys(['dbt_transform']) retrieved from /opt/airflow/dags/dbt_dag.py
[2025-11-08T14:46:34.662+0000] {logging_mixin.py:151} INFO - [2025-11-08T14:46:34.662+0000] {dag.py:2915} INFO - Sync 1 DAGs
[2025-11-08T14:46:34.703+0000] {logging_mixin.py:151} INFO - [2025-11-08T14:46:34.703+0000] {dag.py:3696} INFO - Setting next_dagrun for dbt_transform to 2025-11-08T14:42:04.976270+00:00, run_after=2025-11-08T14:47:04.976270+00:00
[2025-11-08T14:46:34.744+0000] {processor.py:179} INFO - Processing /opt/airflow/dags/dbt_dag.py took 0.193 seconds
[2025-11-08T14:47:04.922+0000] {processor.py:157} INFO - Started process (PID=6738) to work on /opt/airflow/dags/dbt_dag.py
[2025-11-08T14:47:04.924+0000] {processor.py:829} INFO - Processing file /opt/airflow/dags/dbt_dag.py for tasks to queue
[2025-11-08T14:47:04.927+0000] {logging_mixin.py:151} INFO - [2025-11-08T14:47:04.926+0000] {dagbag.py:539} INFO - Filling up the DagBag from /opt/airflow/dags/dbt_dag.py
[2025-11-08T14:47:04.975+0000] {processor.py:839} INFO - DAG(s) dict_keys(['dbt_transform']) retrieved from /opt/airflow/dags/dbt_dag.py
[2025-11-08T14:47:05.052+0000] {logging_mixin.py:151} INFO - [2025-11-08T14:47:05.051+0000] {dag.py:2915} INFO - Sync 1 DAGs
[2025-11-08T14:47:05.108+0000] {logging_mixin.py:151} INFO - [2025-11-08T14:47:05.107+0000] {dag.py:3696} INFO - Setting next_dagrun for dbt_transform to 2025-11-08T14:47:01.836994+00:00, run_after=2025-11-08T14:52:01.836994+00:00
[2025-11-08T14:47:05.165+0000] {processor.py:179} INFO - Processing /opt/airflow/dags/dbt_dag.py took 0.253 seconds
[2025-11-08T14:47:35.325+0000] {processor.py:157} INFO - Started process (PID=6860) to work on /opt/airflow/dags/dbt_dag.py
[2025-11-08T14:47:35.327+0000] {processor.py:829} INFO - Processing file /opt/airflow/dags/dbt_dag.py for tasks to queue
[2025-11-08T14:47:35.329+0000] {logging_mixin.py:151} INFO - [2025-11-08T14:47:35.328+0000] {dagbag.py:539} INFO - Filling up the DagBag from /opt/airflow/dags/dbt_dag.py
[2025-11-08T14:47:35.368+0000] {processor.py:839} INFO - DAG(s) dict_keys(['dbt_transform']) retrieved from /opt/airflow/dags/dbt_dag.py
[2025-11-08T14:47:35.426+0000] {logging_mixin.py:151} INFO - [2025-11-08T14:47:35.426+0000] {dag.py:2915} INFO - Sync 1 DAGs
[2025-11-08T14:47:35.515+0000] {logging_mixin.py:151} INFO - [2025-11-08T14:47:35.514+0000] {dag.py:3696} INFO - Setting next_dagrun for dbt_transform to 2025-11-08T14:47:29.072990+00:00, run_after=2025-11-08T14:52:29.072990+00:00
[2025-11-08T14:47:35.557+0000] {processor.py:179} INFO - Processing /opt/airflow/dags/dbt_dag.py took 0.239 seconds
[2025-11-08T14:48:05.732+0000] {processor.py:157} INFO - Started process (PID=6865) to work on /opt/airflow/dags/dbt_dag.py
[2025-11-08T14:48:05.734+0000] {processor.py:829} INFO - Processing file /opt/airflow/dags/dbt_dag.py for tasks to queue
[2025-11-08T14:48:05.736+0000] {logging_mixin.py:151} INFO - [2025-11-08T14:48:05.735+0000] {dagbag.py:539} INFO - Filling up the DagBag from /opt/airflow/dags/dbt_dag.py
[2025-11-08T14:48:05.769+0000] {processor.py:839} INFO - DAG(s) dict_keys(['dbt_transform']) retrieved from /opt/airflow/dags/dbt_dag.py
[2025-11-08T14:48:05.826+0000] {logging_mixin.py:151} INFO - [2025-11-08T14:48:05.826+0000] {dag.py:2915} INFO - Sync 1 DAGs
[2025-11-08T14:48:05.880+0000] {logging_mixin.py:151} INFO - [2025-11-08T14:48:05.879+0000] {dag.py:3696} INFO - Setting next_dagrun for dbt_transform to 2025-11-08T14:47:29.072990+00:00, run_after=2025-11-08T14:52:29.072990+00:00
[2025-11-08T14:48:05.927+0000] {processor.py:179} INFO - Processing /opt/airflow/dags/dbt_dag.py took 0.203 seconds
[2025-11-08T14:48:36.141+0000] {processor.py:157} INFO - Started process (PID=6870) to work on /opt/airflow/dags/dbt_dag.py
[2025-11-08T14:48:36.142+0000] {processor.py:829} INFO - Processing file /opt/airflow/dags/dbt_dag.py for tasks to queue
[2025-11-08T14:48:36.144+0000] {logging_mixin.py:151} INFO - [2025-11-08T14:48:36.143+0000] {dagbag.py:539} INFO - Filling up the DagBag from /opt/airflow/dags/dbt_dag.py
[2025-11-08T14:48:36.178+0000] {processor.py:839} INFO - DAG(s) dict_keys(['dbt_transform']) retrieved from /opt/airflow/dags/dbt_dag.py
[2025-11-08T14:48:36.229+0000] {logging_mixin.py:151} INFO - [2025-11-08T14:48:36.229+0000] {dag.py:2915} INFO - Sync 1 DAGs
[2025-11-08T14:48:36.266+0000] {logging_mixin.py:151} INFO - [2025-11-08T14:48:36.265+0000] {dag.py:3696} INFO - Setting next_dagrun for dbt_transform to 2025-11-08T14:47:29.072990+00:00, run_after=2025-11-08T14:52:29.072990+00:00
[2025-11-08T14:48:36.299+0000] {processor.py:179} INFO - Processing /opt/airflow/dags/dbt_dag.py took 0.164 seconds
[2025-11-08T14:49:06.521+0000] {processor.py:157} INFO - Started process (PID=6875) to work on /opt/airflow/dags/dbt_dag.py
[2025-11-08T14:49:06.522+0000] {processor.py:829} INFO - Processing file /opt/airflow/dags/dbt_dag.py for tasks to queue
[2025-11-08T14:49:06.525+0000] {logging_mixin.py:151} INFO - [2025-11-08T14:49:06.524+0000] {dagbag.py:539} INFO - Filling up the DagBag from /opt/airflow/dags/dbt_dag.py
[2025-11-08T14:49:06.561+0000] {processor.py:839} INFO - DAG(s) dict_keys(['dbt_transform']) retrieved from /opt/airflow/dags/dbt_dag.py
[2025-11-08T14:49:06.620+0000] {logging_mixin.py:151} INFO - [2025-11-08T14:49:06.619+0000] {dag.py:2915} INFO - Sync 1 DAGs
[2025-11-08T14:49:06.671+0000] {logging_mixin.py:151} INFO - [2025-11-08T14:49:06.670+0000] {dag.py:3696} INFO - Setting next_dagrun for dbt_transform to 2025-11-08T14:47:29.072990+00:00, run_after=2025-11-08T14:52:29.072990+00:00
[2025-11-08T14:49:06.722+0000] {processor.py:179} INFO - Processing /opt/airflow/dags/dbt_dag.py took 0.209 seconds
[2025-11-08T14:49:36.913+0000] {processor.py:157} INFO - Started process (PID=6880) to work on /opt/airflow/dags/dbt_dag.py
[2025-11-08T14:49:36.915+0000] {processor.py:829} INFO - Processing file /opt/airflow/dags/dbt_dag.py for tasks to queue
[2025-11-08T14:49:36.917+0000] {logging_mixin.py:151} INFO - [2025-11-08T14:49:36.916+0000] {dagbag.py:539} INFO - Filling up the DagBag from /opt/airflow/dags/dbt_dag.py
[2025-11-08T14:49:36.954+0000] {processor.py:839} INFO - DAG(s) dict_keys(['dbt_transform']) retrieved from /opt/airflow/dags/dbt_dag.py
[2025-11-08T14:49:37.009+0000] {logging_mixin.py:151} INFO - [2025-11-08T14:49:37.009+0000] {dag.py:2915} INFO - Sync 1 DAGs
[2025-11-08T14:49:37.044+0000] {logging_mixin.py:151} INFO - [2025-11-08T14:49:37.043+0000] {dag.py:3696} INFO - Setting next_dagrun for dbt_transform to 2025-11-08T14:47:29.072990+00:00, run_after=2025-11-08T14:52:29.072990+00:00
[2025-11-08T14:49:37.082+0000] {processor.py:179} INFO - Processing /opt/airflow/dags/dbt_dag.py took 0.176 seconds
[2025-11-08T14:50:07.312+0000] {processor.py:157} INFO - Started process (PID=6885) to work on /opt/airflow/dags/dbt_dag.py
[2025-11-08T14:50:07.313+0000] {processor.py:829} INFO - Processing file /opt/airflow/dags/dbt_dag.py for tasks to queue
[2025-11-08T14:50:07.315+0000] {logging_mixin.py:151} INFO - [2025-11-08T14:50:07.314+0000] {dagbag.py:539} INFO - Filling up the DagBag from /opt/airflow/dags/dbt_dag.py
[2025-11-08T14:50:07.351+0000] {processor.py:839} INFO - DAG(s) dict_keys(['dbt_transform']) retrieved from /opt/airflow/dags/dbt_dag.py
[2025-11-08T14:50:07.400+0000] {logging_mixin.py:151} INFO - [2025-11-08T14:50:07.400+0000] {dag.py:2915} INFO - Sync 1 DAGs
[2025-11-08T14:50:07.441+0000] {logging_mixin.py:151} INFO - [2025-11-08T14:50:07.440+0000] {dag.py:3696} INFO - Setting next_dagrun for dbt_transform to 2025-11-08T14:47:29.072990+00:00, run_after=2025-11-08T14:52:29.072990+00:00
[2025-11-08T14:50:07.481+0000] {processor.py:179} INFO - Processing /opt/airflow/dags/dbt_dag.py took 0.175 seconds
[2025-11-08T14:50:37.676+0000] {processor.py:157} INFO - Started process (PID=6890) to work on /opt/airflow/dags/dbt_dag.py
[2025-11-08T14:50:37.677+0000] {processor.py:829} INFO - Processing file /opt/airflow/dags/dbt_dag.py for tasks to queue
[2025-11-08T14:50:37.679+0000] {logging_mixin.py:151} INFO - [2025-11-08T14:50:37.679+0000] {dagbag.py:539} INFO - Filling up the DagBag from /opt/airflow/dags/dbt_dag.py
[2025-11-08T14:50:37.720+0000] {processor.py:839} INFO - DAG(s) dict_keys(['dbt_transform']) retrieved from /opt/airflow/dags/dbt_dag.py
[2025-11-08T14:50:37.774+0000] {logging_mixin.py:151} INFO - [2025-11-08T14:50:37.773+0000] {dag.py:2915} INFO - Sync 1 DAGs
[2025-11-08T14:50:37.807+0000] {logging_mixin.py:151} INFO - [2025-11-08T14:50:37.807+0000] {dag.py:3696} INFO - Setting next_dagrun for dbt_transform to 2025-11-08T14:47:29.072990+00:00, run_after=2025-11-08T14:52:29.072990+00:00
[2025-11-08T14:50:37.847+0000] {processor.py:179} INFO - Processing /opt/airflow/dags/dbt_dag.py took 0.179 seconds
[2025-11-08T14:51:08.058+0000] {processor.py:157} INFO - Started process (PID=6895) to work on /opt/airflow/dags/dbt_dag.py
[2025-11-08T14:51:08.060+0000] {processor.py:829} INFO - Processing file /opt/airflow/dags/dbt_dag.py for tasks to queue
[2025-11-08T14:51:08.062+0000] {logging_mixin.py:151} INFO - [2025-11-08T14:51:08.061+0000] {dagbag.py:539} INFO - Filling up the DagBag from /opt/airflow/dags/dbt_dag.py
[2025-11-08T14:51:08.095+0000] {processor.py:839} INFO - DAG(s) dict_keys(['dbt_transform']) retrieved from /opt/airflow/dags/dbt_dag.py
[2025-11-08T14:51:08.140+0000] {logging_mixin.py:151} INFO - [2025-11-08T14:51:08.139+0000] {dag.py:2915} INFO - Sync 1 DAGs
[2025-11-08T14:51:08.177+0000] {logging_mixin.py:151} INFO - [2025-11-08T14:51:08.177+0000] {dag.py:3696} INFO - Setting next_dagrun for dbt_transform to 2025-11-08T14:47:29.072990+00:00, run_after=2025-11-08T14:52:29.072990+00:00
[2025-11-08T14:51:08.212+0000] {processor.py:179} INFO - Processing /opt/airflow/dags/dbt_dag.py took 0.162 seconds
[2025-11-08T14:51:38.453+0000] {processor.py:157} INFO - Started process (PID=6900) to work on /opt/airflow/dags/dbt_dag.py
[2025-11-08T14:51:38.454+0000] {processor.py:829} INFO - Processing file /opt/airflow/dags/dbt_dag.py for tasks to queue
[2025-11-08T14:51:38.456+0000] {logging_mixin.py:151} INFO - [2025-11-08T14:51:38.456+0000] {dagbag.py:539} INFO - Filling up the DagBag from /opt/airflow/dags/dbt_dag.py
[2025-11-08T14:51:38.498+0000] {processor.py:839} INFO - DAG(s) dict_keys(['dbt_transform']) retrieved from /opt/airflow/dags/dbt_dag.py
[2025-11-08T14:51:38.547+0000] {logging_mixin.py:151} INFO - [2025-11-08T14:51:38.547+0000] {dag.py:2915} INFO - Sync 1 DAGs
[2025-11-08T14:51:38.585+0000] {logging_mixin.py:151} INFO - [2025-11-08T14:51:38.585+0000] {dag.py:3696} INFO - Setting next_dagrun for dbt_transform to 2025-11-08T14:47:29.072990+00:00, run_after=2025-11-08T14:52:29.072990+00:00
[2025-11-08T14:51:38.631+0000] {processor.py:179} INFO - Processing /opt/airflow/dags/dbt_dag.py took 0.189 seconds
[2025-11-08T14:52:08.796+0000] {processor.py:157} INFO - Started process (PID=6905) to work on /opt/airflow/dags/dbt_dag.py
[2025-11-08T14:52:08.797+0000] {processor.py:829} INFO - Processing file /opt/airflow/dags/dbt_dag.py for tasks to queue
[2025-11-08T14:52:08.799+0000] {logging_mixin.py:151} INFO - [2025-11-08T14:52:08.798+0000] {dagbag.py:539} INFO - Filling up the DagBag from /opt/airflow/dags/dbt_dag.py
[2025-11-08T14:52:08.839+0000] {processor.py:839} INFO - DAG(s) dict_keys(['dbt_transform']) retrieved from /opt/airflow/dags/dbt_dag.py
[2025-11-08T14:52:08.899+0000] {logging_mixin.py:151} INFO - [2025-11-08T14:52:08.898+0000] {dag.py:2915} INFO - Sync 1 DAGs
[2025-11-08T14:52:08.939+0000] {logging_mixin.py:151} INFO - [2025-11-08T14:52:08.938+0000] {dag.py:3696} INFO - Setting next_dagrun for dbt_transform to 2025-11-08T14:47:29.072990+00:00, run_after=2025-11-08T14:52:29.072990+00:00
[2025-11-08T14:52:08.979+0000] {processor.py:179} INFO - Processing /opt/airflow/dags/dbt_dag.py took 0.191 seconds
[2025-11-08T14:52:39.264+0000] {processor.py:157} INFO - Started process (PID=7034) to work on /opt/airflow/dags/dbt_dag.py
[2025-11-08T14:52:39.265+0000] {processor.py:829} INFO - Processing file /opt/airflow/dags/dbt_dag.py for tasks to queue
[2025-11-08T14:52:39.267+0000] {logging_mixin.py:151} INFO - [2025-11-08T14:52:39.266+0000] {dagbag.py:539} INFO - Filling up the DagBag from /opt/airflow/dags/dbt_dag.py
[2025-11-08T14:52:39.310+0000] {processor.py:839} INFO - DAG(s) dict_keys(['dbt_transform']) retrieved from /opt/airflow/dags/dbt_dag.py
[2025-11-08T14:52:39.375+0000] {logging_mixin.py:151} INFO - [2025-11-08T14:52:39.374+0000] {dag.py:2915} INFO - Sync 1 DAGs
[2025-11-08T14:52:39.424+0000] {logging_mixin.py:151} INFO - [2025-11-08T14:52:39.423+0000] {dag.py:3696} INFO - Setting next_dagrun for dbt_transform to 2025-11-08T14:52:35.187227+00:00, run_after=2025-11-08T14:57:35.187227+00:00
[2025-11-08T14:52:39.475+0000] {processor.py:179} INFO - Processing /opt/airflow/dags/dbt_dag.py took 0.216 seconds
[2025-11-08T14:53:09.559+0000] {processor.py:157} INFO - Started process (PID=7090) to work on /opt/airflow/dags/dbt_dag.py
[2025-11-08T14:53:09.561+0000] {processor.py:829} INFO - Processing file /opt/airflow/dags/dbt_dag.py for tasks to queue
[2025-11-08T14:53:09.563+0000] {logging_mixin.py:151} INFO - [2025-11-08T14:53:09.562+0000] {dagbag.py:539} INFO - Filling up the DagBag from /opt/airflow/dags/dbt_dag.py
[2025-11-08T14:53:09.598+0000] {processor.py:839} INFO - DAG(s) dict_keys(['dbt_transform']) retrieved from /opt/airflow/dags/dbt_dag.py
[2025-11-08T14:53:09.651+0000] {logging_mixin.py:151} INFO - [2025-11-08T14:53:09.651+0000] {dag.py:2915} INFO - Sync 1 DAGs
[2025-11-08T14:53:09.716+0000] {logging_mixin.py:151} INFO - [2025-11-08T14:53:09.716+0000] {dag.py:3696} INFO - Setting next_dagrun for dbt_transform to 2025-11-08T14:52:52.767855+00:00, run_after=2025-11-08T14:57:52.767855+00:00
[2025-11-08T14:53:09.754+0000] {processor.py:179} INFO - Processing /opt/airflow/dags/dbt_dag.py took 0.202 seconds
[2025-11-08T14:53:40.053+0000] {processor.py:157} INFO - Started process (PID=7095) to work on /opt/airflow/dags/dbt_dag.py
[2025-11-08T14:53:40.055+0000] {processor.py:829} INFO - Processing file /opt/airflow/dags/dbt_dag.py for tasks to queue
[2025-11-08T14:53:40.057+0000] {logging_mixin.py:151} INFO - [2025-11-08T14:53:40.056+0000] {dagbag.py:539} INFO - Filling up the DagBag from /opt/airflow/dags/dbt_dag.py
[2025-11-08T14:53:40.095+0000] {processor.py:839} INFO - DAG(s) dict_keys(['dbt_transform']) retrieved from /opt/airflow/dags/dbt_dag.py
[2025-11-08T14:53:40.150+0000] {logging_mixin.py:151} INFO - [2025-11-08T14:53:40.150+0000] {dag.py:2915} INFO - Sync 1 DAGs
[2025-11-08T14:53:40.189+0000] {logging_mixin.py:151} INFO - [2025-11-08T14:53:40.189+0000] {dag.py:3696} INFO - Setting next_dagrun for dbt_transform to 2025-11-08T14:52:52.767855+00:00, run_after=2025-11-08T14:57:52.767855+00:00
[2025-11-08T14:53:40.228+0000] {processor.py:179} INFO - Processing /opt/airflow/dags/dbt_dag.py took 0.180 seconds
[2025-11-08T14:54:10.346+0000] {processor.py:157} INFO - Started process (PID=7100) to work on /opt/airflow/dags/dbt_dag.py
[2025-11-08T14:54:10.347+0000] {processor.py:829} INFO - Processing file /opt/airflow/dags/dbt_dag.py for tasks to queue
[2025-11-08T14:54:10.348+0000] {logging_mixin.py:151} INFO - [2025-11-08T14:54:10.348+0000] {dagbag.py:539} INFO - Filling up the DagBag from /opt/airflow/dags/dbt_dag.py
[2025-11-08T14:54:10.381+0000] {processor.py:839} INFO - DAG(s) dict_keys(['dbt_transform']) retrieved from /opt/airflow/dags/dbt_dag.py
[2025-11-08T14:54:10.471+0000] {logging_mixin.py:151} INFO - [2025-11-08T14:54:10.471+0000] {dag.py:2915} INFO - Sync 1 DAGs
[2025-11-08T14:54:10.527+0000] {logging_mixin.py:151} INFO - [2025-11-08T14:54:10.526+0000] {dag.py:3696} INFO - Setting next_dagrun for dbt_transform to 2025-11-08T14:52:52.767855+00:00, run_after=2025-11-08T14:57:52.767855+00:00
[2025-11-08T14:54:10.573+0000] {processor.py:179} INFO - Processing /opt/airflow/dags/dbt_dag.py took 0.233 seconds
[2025-11-08T14:54:40.822+0000] {processor.py:157} INFO - Started process (PID=7105) to work on /opt/airflow/dags/dbt_dag.py
[2025-11-08T14:54:40.824+0000] {processor.py:829} INFO - Processing file /opt/airflow/dags/dbt_dag.py for tasks to queue
[2025-11-08T14:54:40.829+0000] {logging_mixin.py:151} INFO - [2025-11-08T14:54:40.828+0000] {dagbag.py:539} INFO - Filling up the DagBag from /opt/airflow/dags/dbt_dag.py
[2025-11-08T14:54:40.870+0000] {processor.py:839} INFO - DAG(s) dict_keys(['dbt_transform']) retrieved from /opt/airflow/dags/dbt_dag.py
[2025-11-08T14:54:40.926+0000] {logging_mixin.py:151} INFO - [2025-11-08T14:54:40.926+0000] {dag.py:2915} INFO - Sync 1 DAGs
[2025-11-08T14:54:40.971+0000] {logging_mixin.py:151} INFO - [2025-11-08T14:54:40.971+0000] {dag.py:3696} INFO - Setting next_dagrun for dbt_transform to 2025-11-08T14:52:52.767855+00:00, run_after=2025-11-08T14:57:52.767855+00:00
[2025-11-08T14:54:41.009+0000] {processor.py:179} INFO - Processing /opt/airflow/dags/dbt_dag.py took 0.195 seconds
[2025-11-08T14:55:11.157+0000] {processor.py:157} INFO - Started process (PID=7110) to work on /opt/airflow/dags/dbt_dag.py
[2025-11-08T14:55:11.158+0000] {processor.py:829} INFO - Processing file /opt/airflow/dags/dbt_dag.py for tasks to queue
[2025-11-08T14:55:11.160+0000] {logging_mixin.py:151} INFO - [2025-11-08T14:55:11.159+0000] {dagbag.py:539} INFO - Filling up the DagBag from /opt/airflow/dags/dbt_dag.py
[2025-11-08T14:55:11.202+0000] {processor.py:839} INFO - DAG(s) dict_keys(['dbt_transform']) retrieved from /opt/airflow/dags/dbt_dag.py
[2025-11-08T14:55:11.262+0000] {logging_mixin.py:151} INFO - [2025-11-08T14:55:11.262+0000] {dag.py:2915} INFO - Sync 1 DAGs
[2025-11-08T14:55:11.300+0000] {logging_mixin.py:151} INFO - [2025-11-08T14:55:11.300+0000] {dag.py:3696} INFO - Setting next_dagrun for dbt_transform to 2025-11-08T14:52:52.767855+00:00, run_after=2025-11-08T14:57:52.767855+00:00
[2025-11-08T14:55:11.342+0000] {processor.py:179} INFO - Processing /opt/airflow/dags/dbt_dag.py took 0.193 seconds
[2025-11-08T14:55:41.606+0000] {processor.py:157} INFO - Started process (PID=7115) to work on /opt/airflow/dags/dbt_dag.py
[2025-11-08T14:55:41.607+0000] {processor.py:829} INFO - Processing file /opt/airflow/dags/dbt_dag.py for tasks to queue
[2025-11-08T14:55:41.609+0000] {logging_mixin.py:151} INFO - [2025-11-08T14:55:41.609+0000] {dagbag.py:539} INFO - Filling up the DagBag from /opt/airflow/dags/dbt_dag.py
[2025-11-08T14:55:41.644+0000] {processor.py:839} INFO - DAG(s) dict_keys(['dbt_transform']) retrieved from /opt/airflow/dags/dbt_dag.py
[2025-11-08T14:55:41.694+0000] {logging_mixin.py:151} INFO - [2025-11-08T14:55:41.694+0000] {dag.py:2915} INFO - Sync 1 DAGs
[2025-11-08T14:55:41.729+0000] {logging_mixin.py:151} INFO - [2025-11-08T14:55:41.729+0000] {dag.py:3696} INFO - Setting next_dagrun for dbt_transform to 2025-11-08T14:52:52.767855+00:00, run_after=2025-11-08T14:57:52.767855+00:00
[2025-11-08T14:55:41.769+0000] {processor.py:179} INFO - Processing /opt/airflow/dags/dbt_dag.py took 0.170 seconds
[2025-11-08T14:56:11.929+0000] {processor.py:157} INFO - Started process (PID=7120) to work on /opt/airflow/dags/dbt_dag.py
[2025-11-08T14:56:11.930+0000] {processor.py:829} INFO - Processing file /opt/airflow/dags/dbt_dag.py for tasks to queue
[2025-11-08T14:56:11.931+0000] {logging_mixin.py:151} INFO - [2025-11-08T14:56:11.931+0000] {dagbag.py:539} INFO - Filling up the DagBag from /opt/airflow/dags/dbt_dag.py
[2025-11-08T14:56:11.966+0000] {processor.py:839} INFO - DAG(s) dict_keys(['dbt_transform']) retrieved from /opt/airflow/dags/dbt_dag.py
[2025-11-08T14:56:12.015+0000] {logging_mixin.py:151} INFO - [2025-11-08T14:56:12.015+0000] {dag.py:2915} INFO - Sync 1 DAGs
[2025-11-08T14:56:12.068+0000] {logging_mixin.py:151} INFO - [2025-11-08T14:56:12.067+0000] {dag.py:3696} INFO - Setting next_dagrun for dbt_transform to 2025-11-08T14:52:52.767855+00:00, run_after=2025-11-08T14:57:52.767855+00:00
[2025-11-08T14:56:12.098+0000] {processor.py:179} INFO - Processing /opt/airflow/dags/dbt_dag.py took 0.176 seconds
[2025-11-08T14:56:42.346+0000] {processor.py:157} INFO - Started process (PID=7125) to work on /opt/airflow/dags/dbt_dag.py
[2025-11-08T14:56:42.348+0000] {processor.py:829} INFO - Processing file /opt/airflow/dags/dbt_dag.py for tasks to queue
[2025-11-08T14:56:42.350+0000] {logging_mixin.py:151} INFO - [2025-11-08T14:56:42.350+0000] {dagbag.py:539} INFO - Filling up the DagBag from /opt/airflow/dags/dbt_dag.py
[2025-11-08T14:56:42.386+0000] {processor.py:839} INFO - DAG(s) dict_keys(['dbt_transform']) retrieved from /opt/airflow/dags/dbt_dag.py
[2025-11-08T14:56:42.435+0000] {logging_mixin.py:151} INFO - [2025-11-08T14:56:42.434+0000] {dag.py:2915} INFO - Sync 1 DAGs
[2025-11-08T14:56:42.502+0000] {logging_mixin.py:151} INFO - [2025-11-08T14:56:42.501+0000] {dag.py:3696} INFO - Setting next_dagrun for dbt_transform to 2025-11-08T14:52:52.767855+00:00, run_after=2025-11-08T14:57:52.767855+00:00
[2025-11-08T14:56:42.563+0000] {processor.py:179} INFO - Processing /opt/airflow/dags/dbt_dag.py took 0.223 seconds
[2025-11-08T14:57:12.718+0000] {processor.py:157} INFO - Started process (PID=7130) to work on /opt/airflow/dags/dbt_dag.py
[2025-11-08T14:57:12.720+0000] {processor.py:829} INFO - Processing file /opt/airflow/dags/dbt_dag.py for tasks to queue
[2025-11-08T14:57:12.722+0000] {logging_mixin.py:151} INFO - [2025-11-08T14:57:12.721+0000] {dagbag.py:539} INFO - Filling up the DagBag from /opt/airflow/dags/dbt_dag.py
[2025-11-08T14:57:12.759+0000] {processor.py:839} INFO - DAG(s) dict_keys(['dbt_transform']) retrieved from /opt/airflow/dags/dbt_dag.py
[2025-11-08T14:57:12.808+0000] {logging_mixin.py:151} INFO - [2025-11-08T14:57:12.807+0000] {dag.py:2915} INFO - Sync 1 DAGs
[2025-11-08T14:57:12.845+0000] {logging_mixin.py:151} INFO - [2025-11-08T14:57:12.845+0000] {dag.py:3696} INFO - Setting next_dagrun for dbt_transform to 2025-11-08T14:52:52.767855+00:00, run_after=2025-11-08T14:57:52.767855+00:00
[2025-11-08T14:57:12.887+0000] {processor.py:179} INFO - Processing /opt/airflow/dags/dbt_dag.py took 0.175 seconds
[2025-11-08T14:57:43.175+0000] {processor.py:157} INFO - Started process (PID=7163) to work on /opt/airflow/dags/dbt_dag.py
[2025-11-08T14:57:43.176+0000] {processor.py:829} INFO - Processing file /opt/airflow/dags/dbt_dag.py for tasks to queue
[2025-11-08T14:57:43.178+0000] {logging_mixin.py:151} INFO - [2025-11-08T14:57:43.178+0000] {dagbag.py:539} INFO - Filling up the DagBag from /opt/airflow/dags/dbt_dag.py
[2025-11-08T14:57:43.218+0000] {processor.py:839} INFO - DAG(s) dict_keys(['dbt_transform']) retrieved from /opt/airflow/dags/dbt_dag.py
[2025-11-08T14:57:43.281+0000] {logging_mixin.py:151} INFO - [2025-11-08T14:57:43.281+0000] {dag.py:2915} INFO - Sync 1 DAGs
[2025-11-08T14:57:43.333+0000] {logging_mixin.py:151} INFO - [2025-11-08T14:57:43.332+0000] {dag.py:3696} INFO - Setting next_dagrun for dbt_transform to 2025-11-08T14:52:52.767855+00:00, run_after=2025-11-08T14:57:52.767855+00:00
[2025-11-08T14:57:43.379+0000] {processor.py:179} INFO - Processing /opt/airflow/dags/dbt_dag.py took 0.212 seconds
[2025-11-08T14:58:13.682+0000] {processor.py:157} INFO - Started process (PID=7271) to work on /opt/airflow/dags/dbt_dag.py
[2025-11-08T14:58:13.683+0000] {processor.py:829} INFO - Processing file /opt/airflow/dags/dbt_dag.py for tasks to queue
[2025-11-08T14:58:13.685+0000] {logging_mixin.py:151} INFO - [2025-11-08T14:58:13.684+0000] {dagbag.py:539} INFO - Filling up the DagBag from /opt/airflow/dags/dbt_dag.py
[2025-11-08T14:58:13.726+0000] {processor.py:839} INFO - DAG(s) dict_keys(['dbt_transform']) retrieved from /opt/airflow/dags/dbt_dag.py
[2025-11-08T14:58:13.788+0000] {logging_mixin.py:151} INFO - [2025-11-08T14:58:13.787+0000] {dag.py:2915} INFO - Sync 1 DAGs
[2025-11-08T14:58:13.897+0000] {logging_mixin.py:151} INFO - [2025-11-08T14:58:13.896+0000] {dag.py:3696} INFO - Setting next_dagrun for dbt_transform to 2025-11-08T14:58:04.926945+00:00, run_after=2025-11-08T15:03:04.926945+00:00
[2025-11-08T14:58:13.943+0000] {processor.py:179} INFO - Processing /opt/airflow/dags/dbt_dag.py took 0.270 seconds
[2025-11-08T14:58:44.175+0000] {processor.py:157} INFO - Started process (PID=7303) to work on /opt/airflow/dags/dbt_dag.py
[2025-11-08T14:58:44.176+0000] {processor.py:829} INFO - Processing file /opt/airflow/dags/dbt_dag.py for tasks to queue
[2025-11-08T14:58:44.178+0000] {logging_mixin.py:151} INFO - [2025-11-08T14:58:44.177+0000] {dagbag.py:539} INFO - Filling up the DagBag from /opt/airflow/dags/dbt_dag.py
[2025-11-08T14:58:44.201+0000] {processor.py:839} INFO - DAG(s) dict_keys(['dbt_transform']) retrieved from /opt/airflow/dags/dbt_dag.py
[2025-11-08T14:58:44.235+0000] {logging_mixin.py:151} INFO - [2025-11-08T14:58:44.235+0000] {dag.py:2915} INFO - Sync 1 DAGs
[2025-11-08T14:58:44.259+0000] {logging_mixin.py:151} INFO - [2025-11-08T14:58:44.259+0000] {dag.py:3696} INFO - Setting next_dagrun for dbt_transform to 2025-11-08T14:58:17.850422+00:00, run_after=2025-11-08T15:03:17.850422+00:00
[2025-11-08T14:58:44.283+0000] {processor.py:179} INFO - Processing /opt/airflow/dags/dbt_dag.py took 0.112 seconds
[2025-11-08T14:59:14.404+0000] {processor.py:157} INFO - Started process (PID=7308) to work on /opt/airflow/dags/dbt_dag.py
[2025-11-08T14:59:14.406+0000] {processor.py:829} INFO - Processing file /opt/airflow/dags/dbt_dag.py for tasks to queue
[2025-11-08T14:59:14.409+0000] {logging_mixin.py:151} INFO - [2025-11-08T14:59:14.408+0000] {dagbag.py:539} INFO - Filling up the DagBag from /opt/airflow/dags/dbt_dag.py
[2025-11-08T14:59:14.462+0000] {processor.py:839} INFO - DAG(s) dict_keys(['dbt_transform']) retrieved from /opt/airflow/dags/dbt_dag.py
[2025-11-08T14:59:14.525+0000] {logging_mixin.py:151} INFO - [2025-11-08T14:59:14.524+0000] {dag.py:2915} INFO - Sync 1 DAGs
[2025-11-08T14:59:14.578+0000] {logging_mixin.py:151} INFO - [2025-11-08T14:59:14.577+0000] {dag.py:3696} INFO - Setting next_dagrun for dbt_transform to 2025-11-08T14:58:17.850422+00:00, run_after=2025-11-08T15:03:17.850422+00:00
[2025-11-08T14:59:14.629+0000] {processor.py:179} INFO - Processing /opt/airflow/dags/dbt_dag.py took 0.236 seconds
[2025-11-08T14:59:44.732+0000] {processor.py:157} INFO - Started process (PID=7313) to work on /opt/airflow/dags/dbt_dag.py
[2025-11-08T14:59:44.734+0000] {processor.py:829} INFO - Processing file /opt/airflow/dags/dbt_dag.py for tasks to queue
[2025-11-08T14:59:44.735+0000] {logging_mixin.py:151} INFO - [2025-11-08T14:59:44.735+0000] {dagbag.py:539} INFO - Filling up the DagBag from /opt/airflow/dags/dbt_dag.py
[2025-11-08T14:59:44.762+0000] {processor.py:839} INFO - DAG(s) dict_keys(['dbt_transform']) retrieved from /opt/airflow/dags/dbt_dag.py
[2025-11-08T14:59:44.799+0000] {logging_mixin.py:151} INFO - [2025-11-08T14:59:44.799+0000] {dag.py:2915} INFO - Sync 1 DAGs
[2025-11-08T14:59:44.824+0000] {logging_mixin.py:151} INFO - [2025-11-08T14:59:44.824+0000] {dag.py:3696} INFO - Setting next_dagrun for dbt_transform to 2025-11-08T14:58:17.850422+00:00, run_after=2025-11-08T15:03:17.850422+00:00
[2025-11-08T14:59:44.850+0000] {processor.py:179} INFO - Processing /opt/airflow/dags/dbt_dag.py took 0.122 seconds
[2025-11-08T15:00:14.960+0000] {processor.py:157} INFO - Started process (PID=7318) to work on /opt/airflow/dags/dbt_dag.py
[2025-11-08T15:00:14.961+0000] {processor.py:829} INFO - Processing file /opt/airflow/dags/dbt_dag.py for tasks to queue
[2025-11-08T15:00:14.963+0000] {logging_mixin.py:151} INFO - [2025-11-08T15:00:14.962+0000] {dagbag.py:539} INFO - Filling up the DagBag from /opt/airflow/dags/dbt_dag.py
[2025-11-08T15:00:14.993+0000] {processor.py:839} INFO - DAG(s) dict_keys(['dbt_transform']) retrieved from /opt/airflow/dags/dbt_dag.py
[2025-11-08T15:00:15.038+0000] {logging_mixin.py:151} INFO - [2025-11-08T15:00:15.037+0000] {dag.py:2915} INFO - Sync 1 DAGs
[2025-11-08T15:00:15.069+0000] {logging_mixin.py:151} INFO - [2025-11-08T15:00:15.069+0000] {dag.py:3696} INFO - Setting next_dagrun for dbt_transform to 2025-11-08T14:58:17.850422+00:00, run_after=2025-11-08T15:03:17.850422+00:00
[2025-11-08T15:00:15.099+0000] {processor.py:179} INFO - Processing /opt/airflow/dags/dbt_dag.py took 0.145 seconds
[2025-11-08T15:00:45.303+0000] {processor.py:157} INFO - Started process (PID=7323) to work on /opt/airflow/dags/dbt_dag.py
[2025-11-08T15:00:45.305+0000] {processor.py:829} INFO - Processing file /opt/airflow/dags/dbt_dag.py for tasks to queue
[2025-11-08T15:00:45.306+0000] {logging_mixin.py:151} INFO - [2025-11-08T15:00:45.306+0000] {dagbag.py:539} INFO - Filling up the DagBag from /opt/airflow/dags/dbt_dag.py
[2025-11-08T15:00:45.338+0000] {processor.py:839} INFO - DAG(s) dict_keys(['dbt_transform']) retrieved from /opt/airflow/dags/dbt_dag.py
[2025-11-08T15:00:45.379+0000] {logging_mixin.py:151} INFO - [2025-11-08T15:00:45.379+0000] {dag.py:2915} INFO - Sync 1 DAGs
[2025-11-08T15:00:45.412+0000] {logging_mixin.py:151} INFO - [2025-11-08T15:00:45.412+0000] {dag.py:3696} INFO - Setting next_dagrun for dbt_transform to 2025-11-08T14:58:17.850422+00:00, run_after=2025-11-08T15:03:17.850422+00:00
[2025-11-08T15:00:45.443+0000] {processor.py:179} INFO - Processing /opt/airflow/dags/dbt_dag.py took 0.145 seconds
[2025-11-08T15:01:15.564+0000] {processor.py:157} INFO - Started process (PID=7328) to work on /opt/airflow/dags/dbt_dag.py
[2025-11-08T15:01:15.565+0000] {processor.py:829} INFO - Processing file /opt/airflow/dags/dbt_dag.py for tasks to queue
[2025-11-08T15:01:15.567+0000] {logging_mixin.py:151} INFO - [2025-11-08T15:01:15.566+0000] {dagbag.py:539} INFO - Filling up the DagBag from /opt/airflow/dags/dbt_dag.py
[2025-11-08T15:01:15.595+0000] {processor.py:839} INFO - DAG(s) dict_keys(['dbt_transform']) retrieved from /opt/airflow/dags/dbt_dag.py
[2025-11-08T15:01:15.635+0000] {logging_mixin.py:151} INFO - [2025-11-08T15:01:15.635+0000] {dag.py:2915} INFO - Sync 1 DAGs
[2025-11-08T15:01:15.668+0000] {logging_mixin.py:151} INFO - [2025-11-08T15:01:15.667+0000] {dag.py:3696} INFO - Setting next_dagrun for dbt_transform to 2025-11-08T14:58:17.850422+00:00, run_after=2025-11-08T15:03:17.850422+00:00
[2025-11-08T15:01:15.700+0000] {processor.py:179} INFO - Processing /opt/airflow/dags/dbt_dag.py took 0.144 seconds
[2025-11-08T15:01:45.963+0000] {processor.py:157} INFO - Started process (PID=7333) to work on /opt/airflow/dags/dbt_dag.py
[2025-11-08T15:01:45.964+0000] {processor.py:829} INFO - Processing file /opt/airflow/dags/dbt_dag.py for tasks to queue
[2025-11-08T15:01:45.966+0000] {logging_mixin.py:151} INFO - [2025-11-08T15:01:45.965+0000] {dagbag.py:539} INFO - Filling up the DagBag from /opt/airflow/dags/dbt_dag.py
[2025-11-08T15:01:45.995+0000] {processor.py:839} INFO - DAG(s) dict_keys(['dbt_transform']) retrieved from /opt/airflow/dags/dbt_dag.py
[2025-11-08T15:01:46.044+0000] {logging_mixin.py:151} INFO - [2025-11-08T15:01:46.044+0000] {dag.py:2915} INFO - Sync 1 DAGs
[2025-11-08T15:01:46.074+0000] {logging_mixin.py:151} INFO - [2025-11-08T15:01:46.073+0000] {dag.py:3696} INFO - Setting next_dagrun for dbt_transform to 2025-11-08T14:58:17.850422+00:00, run_after=2025-11-08T15:03:17.850422+00:00
[2025-11-08T15:01:46.110+0000] {processor.py:179} INFO - Processing /opt/airflow/dags/dbt_dag.py took 0.153 seconds
[2025-11-08T15:02:16.203+0000] {processor.py:157} INFO - Started process (PID=7338) to work on /opt/airflow/dags/dbt_dag.py
[2025-11-08T15:02:16.204+0000] {processor.py:829} INFO - Processing file /opt/airflow/dags/dbt_dag.py for tasks to queue
[2025-11-08T15:02:16.206+0000] {logging_mixin.py:151} INFO - [2025-11-08T15:02:16.205+0000] {dagbag.py:539} INFO - Filling up the DagBag from /opt/airflow/dags/dbt_dag.py
[2025-11-08T15:02:16.233+0000] {processor.py:839} INFO - DAG(s) dict_keys(['dbt_transform']) retrieved from /opt/airflow/dags/dbt_dag.py
[2025-11-08T15:02:16.275+0000] {logging_mixin.py:151} INFO - [2025-11-08T15:02:16.275+0000] {dag.py:2915} INFO - Sync 1 DAGs
[2025-11-08T15:02:16.306+0000] {logging_mixin.py:151} INFO - [2025-11-08T15:02:16.306+0000] {dag.py:3696} INFO - Setting next_dagrun for dbt_transform to 2025-11-08T14:58:17.850422+00:00, run_after=2025-11-08T15:03:17.850422+00:00
[2025-11-08T15:02:16.336+0000] {processor.py:179} INFO - Processing /opt/airflow/dags/dbt_dag.py took 0.138 seconds
[2025-11-08T15:02:46.604+0000] {processor.py:157} INFO - Started process (PID=7343) to work on /opt/airflow/dags/dbt_dag.py
[2025-11-08T15:02:46.605+0000] {processor.py:829} INFO - Processing file /opt/airflow/dags/dbt_dag.py for tasks to queue
[2025-11-08T15:02:46.607+0000] {logging_mixin.py:151} INFO - [2025-11-08T15:02:46.606+0000] {dagbag.py:539} INFO - Filling up the DagBag from /opt/airflow/dags/dbt_dag.py
[2025-11-08T15:02:46.638+0000] {processor.py:839} INFO - DAG(s) dict_keys(['dbt_transform']) retrieved from /opt/airflow/dags/dbt_dag.py
[2025-11-08T15:02:46.687+0000] {logging_mixin.py:151} INFO - [2025-11-08T15:02:46.686+0000] {dag.py:2915} INFO - Sync 1 DAGs
[2025-11-08T15:02:46.725+0000] {logging_mixin.py:151} INFO - [2025-11-08T15:02:46.725+0000] {dag.py:3696} INFO - Setting next_dagrun for dbt_transform to 2025-11-08T14:58:17.850422+00:00, run_after=2025-11-08T15:03:17.850422+00:00
[2025-11-08T15:02:46.767+0000] {processor.py:179} INFO - Processing /opt/airflow/dags/dbt_dag.py took 0.168 seconds
[2025-11-08T15:03:16.863+0000] {processor.py:157} INFO - Started process (PID=7401) to work on /opt/airflow/dags/dbt_dag.py
[2025-11-08T15:03:16.864+0000] {processor.py:829} INFO - Processing file /opt/airflow/dags/dbt_dag.py for tasks to queue
[2025-11-08T15:03:16.866+0000] {logging_mixin.py:151} INFO - [2025-11-08T15:03:16.865+0000] {dagbag.py:539} INFO - Filling up the DagBag from /opt/airflow/dags/dbt_dag.py
[2025-11-08T15:03:16.905+0000] {processor.py:839} INFO - DAG(s) dict_keys(['dbt_transform']) retrieved from /opt/airflow/dags/dbt_dag.py
[2025-11-08T15:03:16.958+0000] {logging_mixin.py:151} INFO - [2025-11-08T15:03:16.957+0000] {dag.py:2915} INFO - Sync 1 DAGs
[2025-11-08T15:03:16.997+0000] {logging_mixin.py:151} INFO - [2025-11-08T15:03:16.997+0000] {dag.py:3696} INFO - Setting next_dagrun for dbt_transform to 2025-11-08T15:03:12.829641+00:00, run_after=2025-11-08T15:08:12.829641+00:00
[2025-11-08T15:03:17.036+0000] {processor.py:179} INFO - Processing /opt/airflow/dags/dbt_dag.py took 0.178 seconds
[2025-11-08T15:03:47.250+0000] {processor.py:157} INFO - Started process (PID=7494) to work on /opt/airflow/dags/dbt_dag.py
[2025-11-08T15:03:47.251+0000] {processor.py:829} INFO - Processing file /opt/airflow/dags/dbt_dag.py for tasks to queue
[2025-11-08T15:03:47.252+0000] {logging_mixin.py:151} INFO - [2025-11-08T15:03:47.252+0000] {dagbag.py:539} INFO - Filling up the DagBag from /opt/airflow/dags/dbt_dag.py
[2025-11-08T15:03:47.281+0000] {processor.py:839} INFO - DAG(s) dict_keys(['dbt_transform']) retrieved from /opt/airflow/dags/dbt_dag.py
[2025-11-08T15:03:47.324+0000] {logging_mixin.py:151} INFO - [2025-11-08T15:03:47.324+0000] {dag.py:2915} INFO - Sync 1 DAGs
[2025-11-08T15:03:47.358+0000] {logging_mixin.py:151} INFO - [2025-11-08T15:03:47.358+0000] {dag.py:3696} INFO - Setting next_dagrun for dbt_transform to 2025-11-08T15:03:36.611768+00:00, run_after=2025-11-08T15:08:36.611768+00:00
[2025-11-08T15:03:47.399+0000] {processor.py:179} INFO - Processing /opt/airflow/dags/dbt_dag.py took 0.154 seconds
[2025-11-08T15:04:17.523+0000] {processor.py:157} INFO - Started process (PID=7499) to work on /opt/airflow/dags/dbt_dag.py
[2025-11-08T15:04:17.525+0000] {processor.py:829} INFO - Processing file /opt/airflow/dags/dbt_dag.py for tasks to queue
[2025-11-08T15:04:17.527+0000] {logging_mixin.py:151} INFO - [2025-11-08T15:04:17.526+0000] {dagbag.py:539} INFO - Filling up the DagBag from /opt/airflow/dags/dbt_dag.py
[2025-11-08T15:04:17.561+0000] {processor.py:839} INFO - DAG(s) dict_keys(['dbt_transform']) retrieved from /opt/airflow/dags/dbt_dag.py
[2025-11-08T15:04:17.611+0000] {logging_mixin.py:151} INFO - [2025-11-08T15:04:17.611+0000] {dag.py:2915} INFO - Sync 1 DAGs
[2025-11-08T15:04:17.645+0000] {logging_mixin.py:151} INFO - [2025-11-08T15:04:17.644+0000] {dag.py:3696} INFO - Setting next_dagrun for dbt_transform to 2025-11-08T15:03:36.611768+00:00, run_after=2025-11-08T15:08:36.611768+00:00
[2025-11-08T15:04:17.679+0000] {processor.py:179} INFO - Processing /opt/airflow/dags/dbt_dag.py took 0.162 seconds
[2025-11-08T15:04:47.869+0000] {processor.py:157} INFO - Started process (PID=7504) to work on /opt/airflow/dags/dbt_dag.py
[2025-11-08T15:04:47.870+0000] {processor.py:829} INFO - Processing file /opt/airflow/dags/dbt_dag.py for tasks to queue
[2025-11-08T15:04:47.872+0000] {logging_mixin.py:151} INFO - [2025-11-08T15:04:47.871+0000] {dagbag.py:539} INFO - Filling up the DagBag from /opt/airflow/dags/dbt_dag.py
[2025-11-08T15:04:47.900+0000] {processor.py:839} INFO - DAG(s) dict_keys(['dbt_transform']) retrieved from /opt/airflow/dags/dbt_dag.py
[2025-11-08T15:04:47.943+0000] {logging_mixin.py:151} INFO - [2025-11-08T15:04:47.942+0000] {dag.py:2915} INFO - Sync 1 DAGs
[2025-11-08T15:04:47.973+0000] {logging_mixin.py:151} INFO - [2025-11-08T15:04:47.972+0000] {dag.py:3696} INFO - Setting next_dagrun for dbt_transform to 2025-11-08T15:03:36.611768+00:00, run_after=2025-11-08T15:08:36.611768+00:00
[2025-11-08T15:04:48.001+0000] {processor.py:179} INFO - Processing /opt/airflow/dags/dbt_dag.py took 0.137 seconds
[2025-11-08T15:05:18.115+0000] {processor.py:157} INFO - Started process (PID=7509) to work on /opt/airflow/dags/dbt_dag.py
[2025-11-08T15:05:18.116+0000] {processor.py:829} INFO - Processing file /opt/airflow/dags/dbt_dag.py for tasks to queue
[2025-11-08T15:05:18.118+0000] {logging_mixin.py:151} INFO - [2025-11-08T15:05:18.117+0000] {dagbag.py:539} INFO - Filling up the DagBag from /opt/airflow/dags/dbt_dag.py
[2025-11-08T15:05:18.148+0000] {processor.py:839} INFO - DAG(s) dict_keys(['dbt_transform']) retrieved from /opt/airflow/dags/dbt_dag.py
[2025-11-08T15:05:18.198+0000] {logging_mixin.py:151} INFO - [2025-11-08T15:05:18.197+0000] {dag.py:2915} INFO - Sync 1 DAGs
[2025-11-08T15:05:18.231+0000] {logging_mixin.py:151} INFO - [2025-11-08T15:05:18.231+0000] {dag.py:3696} INFO - Setting next_dagrun for dbt_transform to 2025-11-08T15:03:36.611768+00:00, run_after=2025-11-08T15:08:36.611768+00:00
[2025-11-08T15:05:18.262+0000] {processor.py:179} INFO - Processing /opt/airflow/dags/dbt_dag.py took 0.154 seconds
[2025-11-08T15:05:48.451+0000] {processor.py:157} INFO - Started process (PID=7514) to work on /opt/airflow/dags/dbt_dag.py
[2025-11-08T15:05:48.452+0000] {processor.py:829} INFO - Processing file /opt/airflow/dags/dbt_dag.py for tasks to queue
[2025-11-08T15:05:48.454+0000] {logging_mixin.py:151} INFO - [2025-11-08T15:05:48.453+0000] {dagbag.py:539} INFO - Filling up the DagBag from /opt/airflow/dags/dbt_dag.py
[2025-11-08T15:05:48.483+0000] {processor.py:839} INFO - DAG(s) dict_keys(['dbt_transform']) retrieved from /opt/airflow/dags/dbt_dag.py
[2025-11-08T15:05:48.527+0000] {logging_mixin.py:151} INFO - [2025-11-08T15:05:48.527+0000] {dag.py:2915} INFO - Sync 1 DAGs
[2025-11-08T15:05:48.559+0000] {logging_mixin.py:151} INFO - [2025-11-08T15:05:48.559+0000] {dag.py:3696} INFO - Setting next_dagrun for dbt_transform to 2025-11-08T15:03:36.611768+00:00, run_after=2025-11-08T15:08:36.611768+00:00
[2025-11-08T15:05:48.592+0000] {processor.py:179} INFO - Processing /opt/airflow/dags/dbt_dag.py took 0.147 seconds
[2025-11-08T15:06:18.722+0000] {processor.py:157} INFO - Started process (PID=7519) to work on /opt/airflow/dags/dbt_dag.py
[2025-11-08T15:06:18.724+0000] {processor.py:829} INFO - Processing file /opt/airflow/dags/dbt_dag.py for tasks to queue
[2025-11-08T15:06:18.726+0000] {logging_mixin.py:151} INFO - [2025-11-08T15:06:18.725+0000] {dagbag.py:539} INFO - Filling up the DagBag from /opt/airflow/dags/dbt_dag.py
[2025-11-08T15:06:18.759+0000] {processor.py:839} INFO - DAG(s) dict_keys(['dbt_transform']) retrieved from /opt/airflow/dags/dbt_dag.py
[2025-11-08T15:06:18.803+0000] {logging_mixin.py:151} INFO - [2025-11-08T15:06:18.803+0000] {dag.py:2915} INFO - Sync 1 DAGs
[2025-11-08T15:06:18.843+0000] {logging_mixin.py:151} INFO - [2025-11-08T15:06:18.843+0000] {dag.py:3696} INFO - Setting next_dagrun for dbt_transform to 2025-11-08T15:03:36.611768+00:00, run_after=2025-11-08T15:08:36.611768+00:00
[2025-11-08T15:06:18.879+0000] {processor.py:179} INFO - Processing /opt/airflow/dags/dbt_dag.py took 0.164 seconds
[2025-11-08T15:06:49.085+0000] {processor.py:157} INFO - Started process (PID=7524) to work on /opt/airflow/dags/dbt_dag.py
[2025-11-08T15:06:49.086+0000] {processor.py:829} INFO - Processing file /opt/airflow/dags/dbt_dag.py for tasks to queue
[2025-11-08T15:06:49.087+0000] {logging_mixin.py:151} INFO - [2025-11-08T15:06:49.087+0000] {dagbag.py:539} INFO - Filling up the DagBag from /opt/airflow/dags/dbt_dag.py
[2025-11-08T15:06:49.118+0000] {processor.py:839} INFO - DAG(s) dict_keys(['dbt_transform']) retrieved from /opt/airflow/dags/dbt_dag.py
[2025-11-08T15:06:49.163+0000] {logging_mixin.py:151} INFO - [2025-11-08T15:06:49.163+0000] {dag.py:2915} INFO - Sync 1 DAGs
[2025-11-08T15:06:49.198+0000] {logging_mixin.py:151} INFO - [2025-11-08T15:06:49.197+0000] {dag.py:3696} INFO - Setting next_dagrun for dbt_transform to 2025-11-08T15:03:36.611768+00:00, run_after=2025-11-08T15:08:36.611768+00:00
[2025-11-08T15:06:49.232+0000] {processor.py:179} INFO - Processing /opt/airflow/dags/dbt_dag.py took 0.154 seconds
[2025-11-08T15:07:19.312+0000] {processor.py:157} INFO - Started process (PID=7529) to work on /opt/airflow/dags/dbt_dag.py
[2025-11-08T15:07:19.314+0000] {processor.py:829} INFO - Processing file /opt/airflow/dags/dbt_dag.py for tasks to queue
[2025-11-08T15:07:19.315+0000] {logging_mixin.py:151} INFO - [2025-11-08T15:07:19.314+0000] {dagbag.py:539} INFO - Filling up the DagBag from /opt/airflow/dags/dbt_dag.py
[2025-11-08T15:07:19.342+0000] {processor.py:839} INFO - DAG(s) dict_keys(['dbt_transform']) retrieved from /opt/airflow/dags/dbt_dag.py
[2025-11-08T15:07:19.382+0000] {logging_mixin.py:151} INFO - [2025-11-08T15:07:19.382+0000] {dag.py:2915} INFO - Sync 1 DAGs
[2025-11-08T15:07:19.453+0000] {logging_mixin.py:151} INFO - [2025-11-08T15:07:19.453+0000] {dag.py:3696} INFO - Setting next_dagrun for dbt_transform to 2025-11-08T15:03:36.611768+00:00, run_after=2025-11-08T15:08:36.611768+00:00
[2025-11-08T15:07:19.482+0000] {processor.py:179} INFO - Processing /opt/airflow/dags/dbt_dag.py took 0.174 seconds
[2025-11-08T15:07:49.659+0000] {processor.py:157} INFO - Started process (PID=7534) to work on /opt/airflow/dags/dbt_dag.py
[2025-11-08T15:07:49.661+0000] {processor.py:829} INFO - Processing file /opt/airflow/dags/dbt_dag.py for tasks to queue
[2025-11-08T15:07:49.663+0000] {logging_mixin.py:151} INFO - [2025-11-08T15:07:49.662+0000] {dagbag.py:539} INFO - Filling up the DagBag from /opt/airflow/dags/dbt_dag.py
[2025-11-08T15:07:49.706+0000] {processor.py:839} INFO - DAG(s) dict_keys(['dbt_transform']) retrieved from /opt/airflow/dags/dbt_dag.py
[2025-11-08T15:07:49.750+0000] {logging_mixin.py:151} INFO - [2025-11-08T15:07:49.750+0000] {dag.py:2915} INFO - Sync 1 DAGs
[2025-11-08T15:07:49.782+0000] {logging_mixin.py:151} INFO - [2025-11-08T15:07:49.782+0000] {dag.py:3696} INFO - Setting next_dagrun for dbt_transform to 2025-11-08T15:03:36.611768+00:00, run_after=2025-11-08T15:08:36.611768+00:00
[2025-11-08T15:07:49.812+0000] {processor.py:179} INFO - Processing /opt/airflow/dags/dbt_dag.py took 0.157 seconds
[2025-11-08T15:08:19.910+0000] {processor.py:157} INFO - Started process (PID=7539) to work on /opt/airflow/dags/dbt_dag.py
[2025-11-08T15:08:19.911+0000] {processor.py:829} INFO - Processing file /opt/airflow/dags/dbt_dag.py for tasks to queue
[2025-11-08T15:08:19.913+0000] {logging_mixin.py:151} INFO - [2025-11-08T15:08:19.912+0000] {dagbag.py:539} INFO - Filling up the DagBag from /opt/airflow/dags/dbt_dag.py
[2025-11-08T15:08:19.946+0000] {processor.py:839} INFO - DAG(s) dict_keys(['dbt_transform']) retrieved from /opt/airflow/dags/dbt_dag.py
[2025-11-08T15:08:19.996+0000] {logging_mixin.py:151} INFO - [2025-11-08T15:08:19.995+0000] {dag.py:2915} INFO - Sync 1 DAGs
[2025-11-08T15:08:20.031+0000] {logging_mixin.py:151} INFO - [2025-11-08T15:08:20.031+0000] {dag.py:3696} INFO - Setting next_dagrun for dbt_transform to 2025-11-08T15:03:36.611768+00:00, run_after=2025-11-08T15:08:36.611768+00:00
[2025-11-08T15:08:20.065+0000] {processor.py:179} INFO - Processing /opt/airflow/dags/dbt_dag.py took 0.160 seconds
[2025-11-08T15:08:50.287+0000] {processor.py:157} INFO - Started process (PID=7642) to work on /opt/airflow/dags/dbt_dag.py
[2025-11-08T15:08:50.289+0000] {processor.py:829} INFO - Processing file /opt/airflow/dags/dbt_dag.py for tasks to queue
[2025-11-08T15:08:50.290+0000] {logging_mixin.py:151} INFO - [2025-11-08T15:08:50.290+0000] {dagbag.py:539} INFO - Filling up the DagBag from /opt/airflow/dags/dbt_dag.py
[2025-11-08T15:08:50.322+0000] {processor.py:839} INFO - DAG(s) dict_keys(['dbt_transform']) retrieved from /opt/airflow/dags/dbt_dag.py
[2025-11-08T15:08:50.365+0000] {logging_mixin.py:151} INFO - [2025-11-08T15:08:50.364+0000] {dag.py:2915} INFO - Sync 1 DAGs
[2025-11-08T15:08:50.408+0000] {logging_mixin.py:151} INFO - [2025-11-08T15:08:50.408+0000] {dag.py:3696} INFO - Setting next_dagrun for dbt_transform to 2025-11-08T15:08:48.397289+00:00, run_after=2025-11-08T15:13:48.397289+00:00
[2025-11-08T15:08:50.449+0000] {processor.py:179} INFO - Processing /opt/airflow/dags/dbt_dag.py took 0.169 seconds
[2025-11-08T15:09:20.686+0000] {processor.py:157} INFO - Started process (PID=7685) to work on /opt/airflow/dags/dbt_dag.py
[2025-11-08T15:09:20.687+0000] {processor.py:829} INFO - Processing file /opt/airflow/dags/dbt_dag.py for tasks to queue
[2025-11-08T15:09:20.689+0000] {logging_mixin.py:151} INFO - [2025-11-08T15:09:20.688+0000] {dagbag.py:539} INFO - Filling up the DagBag from /opt/airflow/dags/dbt_dag.py
[2025-11-08T15:09:20.721+0000] {processor.py:839} INFO - DAG(s) dict_keys(['dbt_transform']) retrieved from /opt/airflow/dags/dbt_dag.py
[2025-11-08T15:09:20.773+0000] {logging_mixin.py:151} INFO - [2025-11-08T15:09:20.773+0000] {dag.py:2915} INFO - Sync 1 DAGs
[2025-11-08T15:09:20.807+0000] {logging_mixin.py:151} INFO - [2025-11-08T15:09:20.807+0000] {dag.py:3696} INFO - Setting next_dagrun for dbt_transform to 2025-11-08T15:08:56.175661+00:00, run_after=2025-11-08T15:13:56.175661+00:00
[2025-11-08T15:09:20.837+0000] {processor.py:179} INFO - Processing /opt/airflow/dags/dbt_dag.py took 0.159 seconds
[2025-11-08T15:09:50.975+0000] {processor.py:157} INFO - Started process (PID=7690) to work on /opt/airflow/dags/dbt_dag.py
[2025-11-08T15:09:50.977+0000] {processor.py:829} INFO - Processing file /opt/airflow/dags/dbt_dag.py for tasks to queue
[2025-11-08T15:09:50.979+0000] {logging_mixin.py:151} INFO - [2025-11-08T15:09:50.979+0000] {dagbag.py:539} INFO - Filling up the DagBag from /opt/airflow/dags/dbt_dag.py
[2025-11-08T15:09:51.015+0000] {processor.py:839} INFO - DAG(s) dict_keys(['dbt_transform']) retrieved from /opt/airflow/dags/dbt_dag.py
[2025-11-08T15:09:51.071+0000] {logging_mixin.py:151} INFO - [2025-11-08T15:09:51.070+0000] {dag.py:2915} INFO - Sync 1 DAGs
[2025-11-08T15:09:51.119+0000] {logging_mixin.py:151} INFO - [2025-11-08T15:09:51.118+0000] {dag.py:3696} INFO - Setting next_dagrun for dbt_transform to 2025-11-08T15:08:56.175661+00:00, run_after=2025-11-08T15:13:56.175661+00:00
[2025-11-08T15:09:51.171+0000] {processor.py:179} INFO - Processing /opt/airflow/dags/dbt_dag.py took 0.202 seconds
[2025-11-08T15:10:21.437+0000] {processor.py:157} INFO - Started process (PID=7695) to work on /opt/airflow/dags/dbt_dag.py
[2025-11-08T15:10:21.438+0000] {processor.py:829} INFO - Processing file /opt/airflow/dags/dbt_dag.py for tasks to queue
[2025-11-08T15:10:21.440+0000] {logging_mixin.py:151} INFO - [2025-11-08T15:10:21.439+0000] {dagbag.py:539} INFO - Filling up the DagBag from /opt/airflow/dags/dbt_dag.py
[2025-11-08T15:10:21.477+0000] {processor.py:839} INFO - DAG(s) dict_keys(['dbt_transform']) retrieved from /opt/airflow/dags/dbt_dag.py
[2025-11-08T15:10:21.539+0000] {logging_mixin.py:151} INFO - [2025-11-08T15:10:21.539+0000] {dag.py:2915} INFO - Sync 1 DAGs
[2025-11-08T15:10:21.616+0000] {logging_mixin.py:151} INFO - [2025-11-08T15:10:21.615+0000] {dag.py:3696} INFO - Setting next_dagrun for dbt_transform to 2025-11-08T15:08:56.175661+00:00, run_after=2025-11-08T15:13:56.175661+00:00
[2025-11-08T15:10:21.666+0000] {processor.py:179} INFO - Processing /opt/airflow/dags/dbt_dag.py took 0.235 seconds
[2025-11-08T15:10:51.802+0000] {processor.py:157} INFO - Started process (PID=7700) to work on /opt/airflow/dags/dbt_dag.py
[2025-11-08T15:10:51.803+0000] {processor.py:829} INFO - Processing file /opt/airflow/dags/dbt_dag.py for tasks to queue
[2025-11-08T15:10:51.805+0000] {logging_mixin.py:151} INFO - [2025-11-08T15:10:51.805+0000] {dagbag.py:539} INFO - Filling up the DagBag from /opt/airflow/dags/dbt_dag.py
[2025-11-08T15:10:51.841+0000] {processor.py:839} INFO - DAG(s) dict_keys(['dbt_transform']) retrieved from /opt/airflow/dags/dbt_dag.py
[2025-11-08T15:10:51.892+0000] {logging_mixin.py:151} INFO - [2025-11-08T15:10:51.892+0000] {dag.py:2915} INFO - Sync 1 DAGs
[2025-11-08T15:10:51.934+0000] {logging_mixin.py:151} INFO - [2025-11-08T15:10:51.934+0000] {dag.py:3696} INFO - Setting next_dagrun for dbt_transform to 2025-11-08T15:08:56.175661+00:00, run_after=2025-11-08T15:13:56.175661+00:00
[2025-11-08T15:10:51.987+0000] {processor.py:179} INFO - Processing /opt/airflow/dags/dbt_dag.py took 0.193 seconds
[2025-11-08T15:11:22.294+0000] {processor.py:157} INFO - Started process (PID=7705) to work on /opt/airflow/dags/dbt_dag.py
[2025-11-08T15:11:22.295+0000] {processor.py:829} INFO - Processing file /opt/airflow/dags/dbt_dag.py for tasks to queue
[2025-11-08T15:11:22.297+0000] {logging_mixin.py:151} INFO - [2025-11-08T15:11:22.296+0000] {dagbag.py:539} INFO - Filling up the DagBag from /opt/airflow/dags/dbt_dag.py
[2025-11-08T15:11:22.337+0000] {processor.py:839} INFO - DAG(s) dict_keys(['dbt_transform']) retrieved from /opt/airflow/dags/dbt_dag.py
[2025-11-08T15:11:22.396+0000] {logging_mixin.py:151} INFO - [2025-11-08T15:11:22.395+0000] {dag.py:2915} INFO - Sync 1 DAGs
[2025-11-08T15:11:22.454+0000] {logging_mixin.py:151} INFO - [2025-11-08T15:11:22.454+0000] {dag.py:3696} INFO - Setting next_dagrun for dbt_transform to 2025-11-08T15:08:56.175661+00:00, run_after=2025-11-08T15:13:56.175661+00:00
[2025-11-08T15:11:22.501+0000] {processor.py:179} INFO - Processing /opt/airflow/dags/dbt_dag.py took 0.213 seconds
[2025-11-08T15:11:52.742+0000] {processor.py:157} INFO - Started process (PID=7710) to work on /opt/airflow/dags/dbt_dag.py
[2025-11-08T15:11:52.745+0000] {processor.py:829} INFO - Processing file /opt/airflow/dags/dbt_dag.py for tasks to queue
[2025-11-08T15:11:52.748+0000] {logging_mixin.py:151} INFO - [2025-11-08T15:11:52.747+0000] {dagbag.py:539} INFO - Filling up the DagBag from /opt/airflow/dags/dbt_dag.py
[2025-11-08T15:11:52.802+0000] {processor.py:839} INFO - DAG(s) dict_keys(['dbt_transform']) retrieved from /opt/airflow/dags/dbt_dag.py
[2025-11-08T15:11:52.872+0000] {logging_mixin.py:151} INFO - [2025-11-08T15:11:52.871+0000] {dag.py:2915} INFO - Sync 1 DAGs
[2025-11-08T15:11:52.932+0000] {logging_mixin.py:151} INFO - [2025-11-08T15:11:52.931+0000] {dag.py:3696} INFO - Setting next_dagrun for dbt_transform to 2025-11-08T15:08:56.175661+00:00, run_after=2025-11-08T15:13:56.175661+00:00
[2025-11-08T15:11:52.984+0000] {processor.py:179} INFO - Processing /opt/airflow/dags/dbt_dag.py took 0.251 seconds
[2025-11-08T15:12:23.144+0000] {processor.py:157} INFO - Started process (PID=7715) to work on /opt/airflow/dags/dbt_dag.py
[2025-11-08T15:12:23.145+0000] {processor.py:829} INFO - Processing file /opt/airflow/dags/dbt_dag.py for tasks to queue
[2025-11-08T15:12:23.147+0000] {logging_mixin.py:151} INFO - [2025-11-08T15:12:23.147+0000] {dagbag.py:539} INFO - Filling up the DagBag from /opt/airflow/dags/dbt_dag.py
[2025-11-08T15:12:23.183+0000] {processor.py:839} INFO - DAG(s) dict_keys(['dbt_transform']) retrieved from /opt/airflow/dags/dbt_dag.py
[2025-11-08T15:12:23.239+0000] {logging_mixin.py:151} INFO - [2025-11-08T15:12:23.238+0000] {dag.py:2915} INFO - Sync 1 DAGs
[2025-11-08T15:12:23.321+0000] {logging_mixin.py:151} INFO - [2025-11-08T15:12:23.321+0000] {dag.py:3696} INFO - Setting next_dagrun for dbt_transform to 2025-11-08T15:08:56.175661+00:00, run_after=2025-11-08T15:13:56.175661+00:00
[2025-11-08T15:12:23.360+0000] {processor.py:179} INFO - Processing /opt/airflow/dags/dbt_dag.py took 0.223 seconds
[2025-11-08T15:12:53.622+0000] {processor.py:157} INFO - Started process (PID=7720) to work on /opt/airflow/dags/dbt_dag.py
[2025-11-08T15:12:53.626+0000] {processor.py:829} INFO - Processing file /opt/airflow/dags/dbt_dag.py for tasks to queue
[2025-11-08T15:12:53.629+0000] {logging_mixin.py:151} INFO - [2025-11-08T15:12:53.628+0000] {dagbag.py:539} INFO - Filling up the DagBag from /opt/airflow/dags/dbt_dag.py
[2025-11-08T15:12:53.680+0000] {processor.py:839} INFO - DAG(s) dict_keys(['dbt_transform']) retrieved from /opt/airflow/dags/dbt_dag.py
[2025-11-08T15:12:53.747+0000] {logging_mixin.py:151} INFO - [2025-11-08T15:12:53.746+0000] {dag.py:2915} INFO - Sync 1 DAGs
[2025-11-08T15:12:53.796+0000] {logging_mixin.py:151} INFO - [2025-11-08T15:12:53.796+0000] {dag.py:3696} INFO - Setting next_dagrun for dbt_transform to 2025-11-08T15:08:56.175661+00:00, run_after=2025-11-08T15:13:56.175661+00:00
[2025-11-08T15:12:53.843+0000] {processor.py:179} INFO - Processing /opt/airflow/dags/dbt_dag.py took 0.233 seconds
[2025-11-08T15:13:24.011+0000] {processor.py:157} INFO - Started process (PID=7725) to work on /opt/airflow/dags/dbt_dag.py
[2025-11-08T15:13:24.013+0000] {processor.py:829} INFO - Processing file /opt/airflow/dags/dbt_dag.py for tasks to queue
[2025-11-08T15:13:24.015+0000] {logging_mixin.py:151} INFO - [2025-11-08T15:13:24.015+0000] {dagbag.py:539} INFO - Filling up the DagBag from /opt/airflow/dags/dbt_dag.py
[2025-11-08T15:13:24.068+0000] {processor.py:839} INFO - DAG(s) dict_keys(['dbt_transform']) retrieved from /opt/airflow/dags/dbt_dag.py
[2025-11-08T15:13:24.145+0000] {logging_mixin.py:151} INFO - [2025-11-08T15:13:24.145+0000] {dag.py:2915} INFO - Sync 1 DAGs
[2025-11-08T15:13:24.202+0000] {logging_mixin.py:151} INFO - [2025-11-08T15:13:24.201+0000] {dag.py:3696} INFO - Setting next_dagrun for dbt_transform to 2025-11-08T15:08:56.175661+00:00, run_after=2025-11-08T15:13:56.175661+00:00
[2025-11-08T15:13:24.254+0000] {processor.py:179} INFO - Processing /opt/airflow/dags/dbt_dag.py took 0.254 seconds
[2025-11-08T15:13:54.456+0000] {processor.py:157} INFO - Started process (PID=7755) to work on /opt/airflow/dags/dbt_dag.py
[2025-11-08T15:13:54.458+0000] {processor.py:829} INFO - Processing file /opt/airflow/dags/dbt_dag.py for tasks to queue
[2025-11-08T15:13:54.461+0000] {logging_mixin.py:151} INFO - [2025-11-08T15:13:54.460+0000] {dagbag.py:539} INFO - Filling up the DagBag from /opt/airflow/dags/dbt_dag.py
[2025-11-08T15:13:54.513+0000] {processor.py:839} INFO - DAG(s) dict_keys(['dbt_transform']) retrieved from /opt/airflow/dags/dbt_dag.py
[2025-11-08T15:13:54.566+0000] {logging_mixin.py:151} INFO - [2025-11-08T15:13:54.566+0000] {dag.py:2915} INFO - Sync 1 DAGs
[2025-11-08T15:13:54.603+0000] {logging_mixin.py:151} INFO - [2025-11-08T15:13:54.602+0000] {dag.py:3696} INFO - Setting next_dagrun for dbt_transform to 2025-11-08T15:08:56.175661+00:00, run_after=2025-11-08T15:13:56.175661+00:00
[2025-11-08T15:13:54.639+0000] {processor.py:179} INFO - Processing /opt/airflow/dags/dbt_dag.py took 0.190 seconds
[2025-11-08T15:14:24.820+0000] {processor.py:157} INFO - Started process (PID=7866) to work on /opt/airflow/dags/dbt_dag.py
[2025-11-08T15:14:24.821+0000] {processor.py:829} INFO - Processing file /opt/airflow/dags/dbt_dag.py for tasks to queue
[2025-11-08T15:14:24.823+0000] {logging_mixin.py:151} INFO - [2025-11-08T15:14:24.822+0000] {dagbag.py:539} INFO - Filling up the DagBag from /opt/airflow/dags/dbt_dag.py
[2025-11-08T15:14:24.863+0000] {processor.py:839} INFO - DAG(s) dict_keys(['dbt_transform']) retrieved from /opt/airflow/dags/dbt_dag.py
[2025-11-08T15:14:24.929+0000] {logging_mixin.py:151} INFO - [2025-11-08T15:14:24.928+0000] {dag.py:2915} INFO - Sync 1 DAGs
[2025-11-08T15:14:24.982+0000] {logging_mixin.py:151} INFO - [2025-11-08T15:14:24.981+0000] {dag.py:3696} INFO - Setting next_dagrun for dbt_transform to 2025-11-08T15:14:18.906365+00:00, run_after=2025-11-08T15:19:18.906365+00:00
[2025-11-08T15:14:25.021+0000] {processor.py:179} INFO - Processing /opt/airflow/dags/dbt_dag.py took 0.209 seconds
[2025-11-08T15:14:55.226+0000] {processor.py:157} INFO - Started process (PID=7871) to work on /opt/airflow/dags/dbt_dag.py
[2025-11-08T15:14:55.228+0000] {processor.py:829} INFO - Processing file /opt/airflow/dags/dbt_dag.py for tasks to queue
[2025-11-08T15:14:55.229+0000] {logging_mixin.py:151} INFO - [2025-11-08T15:14:55.229+0000] {dagbag.py:539} INFO - Filling up the DagBag from /opt/airflow/dags/dbt_dag.py
[2025-11-08T15:14:55.276+0000] {processor.py:839} INFO - DAG(s) dict_keys(['dbt_transform']) retrieved from /opt/airflow/dags/dbt_dag.py
[2025-11-08T15:14:55.353+0000] {logging_mixin.py:151} INFO - [2025-11-08T15:14:55.352+0000] {dag.py:2915} INFO - Sync 1 DAGs
[2025-11-08T15:14:55.401+0000] {logging_mixin.py:151} INFO - [2025-11-08T15:14:55.400+0000] {dag.py:3696} INFO - Setting next_dagrun for dbt_transform to 2025-11-08T15:14:18.906365+00:00, run_after=2025-11-08T15:19:18.906365+00:00
[2025-11-08T15:14:55.442+0000] {processor.py:179} INFO - Processing /opt/airflow/dags/dbt_dag.py took 0.222 seconds
[2025-11-08T15:15:25.671+0000] {processor.py:157} INFO - Started process (PID=7876) to work on /opt/airflow/dags/dbt_dag.py
[2025-11-08T15:15:25.673+0000] {processor.py:829} INFO - Processing file /opt/airflow/dags/dbt_dag.py for tasks to queue
[2025-11-08T15:15:25.675+0000] {logging_mixin.py:151} INFO - [2025-11-08T15:15:25.675+0000] {dagbag.py:539} INFO - Filling up the DagBag from /opt/airflow/dags/dbt_dag.py
[2025-11-08T15:15:25.717+0000] {processor.py:839} INFO - DAG(s) dict_keys(['dbt_transform']) retrieved from /opt/airflow/dags/dbt_dag.py
[2025-11-08T15:15:25.777+0000] {logging_mixin.py:151} INFO - [2025-11-08T15:15:25.777+0000] {dag.py:2915} INFO - Sync 1 DAGs
[2025-11-08T15:15:25.855+0000] {logging_mixin.py:151} INFO - [2025-11-08T15:15:25.855+0000] {dag.py:3696} INFO - Setting next_dagrun for dbt_transform to 2025-11-08T15:14:18.906365+00:00, run_after=2025-11-08T15:19:18.906365+00:00
[2025-11-08T15:15:25.927+0000] {processor.py:179} INFO - Processing /opt/airflow/dags/dbt_dag.py took 0.263 seconds
[2025-11-08T15:15:56.121+0000] {processor.py:157} INFO - Started process (PID=7881) to work on /opt/airflow/dags/dbt_dag.py
[2025-11-08T15:15:56.123+0000] {processor.py:829} INFO - Processing file /opt/airflow/dags/dbt_dag.py for tasks to queue
[2025-11-08T15:15:56.126+0000] {logging_mixin.py:151} INFO - [2025-11-08T15:15:56.125+0000] {dagbag.py:539} INFO - Filling up the DagBag from /opt/airflow/dags/dbt_dag.py
[2025-11-08T15:15:56.183+0000] {processor.py:839} INFO - DAG(s) dict_keys(['dbt_transform']) retrieved from /opt/airflow/dags/dbt_dag.py
[2025-11-08T15:15:56.259+0000] {logging_mixin.py:151} INFO - [2025-11-08T15:15:56.258+0000] {dag.py:2915} INFO - Sync 1 DAGs
[2025-11-08T15:15:56.402+0000] {logging_mixin.py:151} INFO - [2025-11-08T15:15:56.402+0000] {dag.py:3696} INFO - Setting next_dagrun for dbt_transform to 2025-11-08T15:14:18.906365+00:00, run_after=2025-11-08T15:19:18.906365+00:00
[2025-11-08T15:15:56.453+0000] {processor.py:179} INFO - Processing /opt/airflow/dags/dbt_dag.py took 0.341 seconds
[2025-11-08T15:16:26.600+0000] {processor.py:157} INFO - Started process (PID=7886) to work on /opt/airflow/dags/dbt_dag.py
[2025-11-08T15:16:26.603+0000] {processor.py:829} INFO - Processing file /opt/airflow/dags/dbt_dag.py for tasks to queue
[2025-11-08T15:16:26.606+0000] {logging_mixin.py:151} INFO - [2025-11-08T15:16:26.605+0000] {dagbag.py:539} INFO - Filling up the DagBag from /opt/airflow/dags/dbt_dag.py
[2025-11-08T15:16:26.667+0000] {processor.py:839} INFO - DAG(s) dict_keys(['dbt_transform']) retrieved from /opt/airflow/dags/dbt_dag.py
[2025-11-08T15:16:26.744+0000] {logging_mixin.py:151} INFO - [2025-11-08T15:16:26.742+0000] {dag.py:2915} INFO - Sync 1 DAGs
[2025-11-08T15:16:26.806+0000] {logging_mixin.py:151} INFO - [2025-11-08T15:16:26.805+0000] {dag.py:3696} INFO - Setting next_dagrun for dbt_transform to 2025-11-08T15:14:18.906365+00:00, run_after=2025-11-08T15:19:18.906365+00:00
[2025-11-08T15:16:26.864+0000] {processor.py:179} INFO - Processing /opt/airflow/dags/dbt_dag.py took 0.275 seconds
[2025-11-08T15:16:57.229+0000] {processor.py:157} INFO - Started process (PID=7891) to work on /opt/airflow/dags/dbt_dag.py
[2025-11-08T15:16:57.231+0000] {processor.py:829} INFO - Processing file /opt/airflow/dags/dbt_dag.py for tasks to queue
[2025-11-08T15:16:57.233+0000] {logging_mixin.py:151} INFO - [2025-11-08T15:16:57.233+0000] {dagbag.py:539} INFO - Filling up the DagBag from /opt/airflow/dags/dbt_dag.py
[2025-11-08T15:16:57.282+0000] {processor.py:839} INFO - DAG(s) dict_keys(['dbt_transform']) retrieved from /opt/airflow/dags/dbt_dag.py
[2025-11-08T15:16:57.349+0000] {logging_mixin.py:151} INFO - [2025-11-08T15:16:57.349+0000] {dag.py:2915} INFO - Sync 1 DAGs
[2025-11-08T15:16:57.401+0000] {logging_mixin.py:151} INFO - [2025-11-08T15:16:57.400+0000] {dag.py:3696} INFO - Setting next_dagrun for dbt_transform to 2025-11-08T15:14:18.906365+00:00, run_after=2025-11-08T15:19:18.906365+00:00
[2025-11-08T15:16:57.450+0000] {processor.py:179} INFO - Processing /opt/airflow/dags/dbt_dag.py took 0.228 seconds
[2025-11-08T15:17:27.534+0000] {processor.py:157} INFO - Started process (PID=7896) to work on /opt/airflow/dags/dbt_dag.py
[2025-11-08T15:17:27.537+0000] {processor.py:829} INFO - Processing file /opt/airflow/dags/dbt_dag.py for tasks to queue
[2025-11-08T15:17:27.539+0000] {logging_mixin.py:151} INFO - [2025-11-08T15:17:27.539+0000] {dagbag.py:539} INFO - Filling up the DagBag from /opt/airflow/dags/dbt_dag.py
[2025-11-08T15:17:27.575+0000] {processor.py:839} INFO - DAG(s) dict_keys(['dbt_transform']) retrieved from /opt/airflow/dags/dbt_dag.py
[2025-11-08T15:17:27.660+0000] {logging_mixin.py:151} INFO - [2025-11-08T15:17:27.659+0000] {dag.py:2915} INFO - Sync 1 DAGs
[2025-11-08T15:17:27.716+0000] {logging_mixin.py:151} INFO - [2025-11-08T15:17:27.716+0000] {dag.py:3696} INFO - Setting next_dagrun for dbt_transform to 2025-11-08T15:14:18.906365+00:00, run_after=2025-11-08T15:19:18.906365+00:00
[2025-11-08T15:17:27.779+0000] {processor.py:179} INFO - Processing /opt/airflow/dags/dbt_dag.py took 0.257 seconds
[2025-11-08T15:17:58.067+0000] {processor.py:157} INFO - Started process (PID=7901) to work on /opt/airflow/dags/dbt_dag.py
[2025-11-08T15:17:58.069+0000] {processor.py:829} INFO - Processing file /opt/airflow/dags/dbt_dag.py for tasks to queue
[2025-11-08T15:17:58.070+0000] {logging_mixin.py:151} INFO - [2025-11-08T15:17:58.070+0000] {dagbag.py:539} INFO - Filling up the DagBag from /opt/airflow/dags/dbt_dag.py
[2025-11-08T15:17:58.100+0000] {processor.py:839} INFO - DAG(s) dict_keys(['dbt_transform']) retrieved from /opt/airflow/dags/dbt_dag.py
[2025-11-08T15:17:58.165+0000] {logging_mixin.py:151} INFO - [2025-11-08T15:17:58.165+0000] {dag.py:2915} INFO - Sync 1 DAGs
[2025-11-08T15:17:58.231+0000] {logging_mixin.py:151} INFO - [2025-11-08T15:17:58.230+0000] {dag.py:3696} INFO - Setting next_dagrun for dbt_transform to 2025-11-08T15:14:18.906365+00:00, run_after=2025-11-08T15:19:18.906365+00:00
[2025-11-08T15:17:58.278+0000] {processor.py:179} INFO - Processing /opt/airflow/dags/dbt_dag.py took 0.218 seconds
[2025-11-08T15:18:28.391+0000] {processor.py:157} INFO - Started process (PID=7906) to work on /opt/airflow/dags/dbt_dag.py
[2025-11-08T15:18:28.394+0000] {processor.py:829} INFO - Processing file /opt/airflow/dags/dbt_dag.py for tasks to queue
[2025-11-08T15:18:28.396+0000] {logging_mixin.py:151} INFO - [2025-11-08T15:18:28.395+0000] {dagbag.py:539} INFO - Filling up the DagBag from /opt/airflow/dags/dbt_dag.py
[2025-11-08T15:18:28.437+0000] {processor.py:839} INFO - DAG(s) dict_keys(['dbt_transform']) retrieved from /opt/airflow/dags/dbt_dag.py
[2025-11-08T15:18:28.499+0000] {logging_mixin.py:151} INFO - [2025-11-08T15:18:28.499+0000] {dag.py:2915} INFO - Sync 1 DAGs
[2025-11-08T15:18:28.553+0000] {logging_mixin.py:151} INFO - [2025-11-08T15:18:28.552+0000] {dag.py:3696} INFO - Setting next_dagrun for dbt_transform to 2025-11-08T15:14:18.906365+00:00, run_after=2025-11-08T15:19:18.906365+00:00
[2025-11-08T15:18:28.608+0000] {processor.py:179} INFO - Processing /opt/airflow/dags/dbt_dag.py took 0.226 seconds
[2025-11-08T15:18:58.919+0000] {processor.py:157} INFO - Started process (PID=7911) to work on /opt/airflow/dags/dbt_dag.py
[2025-11-08T15:18:58.920+0000] {processor.py:829} INFO - Processing file /opt/airflow/dags/dbt_dag.py for tasks to queue
[2025-11-08T15:18:58.922+0000] {logging_mixin.py:151} INFO - [2025-11-08T15:18:58.921+0000] {dagbag.py:539} INFO - Filling up the DagBag from /opt/airflow/dags/dbt_dag.py
[2025-11-08T15:18:58.970+0000] {processor.py:839} INFO - DAG(s) dict_keys(['dbt_transform']) retrieved from /opt/airflow/dags/dbt_dag.py
[2025-11-08T15:18:59.026+0000] {logging_mixin.py:151} INFO - [2025-11-08T15:18:59.025+0000] {dag.py:2915} INFO - Sync 1 DAGs
[2025-11-08T15:18:59.067+0000] {logging_mixin.py:151} INFO - [2025-11-08T15:18:59.066+0000] {dag.py:3696} INFO - Setting next_dagrun for dbt_transform to 2025-11-08T15:14:18.906365+00:00, run_after=2025-11-08T15:19:18.906365+00:00
[2025-11-08T15:18:59.111+0000] {processor.py:179} INFO - Processing /opt/airflow/dags/dbt_dag.py took 0.198 seconds
[2025-11-08T15:19:29.239+0000] {processor.py:157} INFO - Started process (PID=7988) to work on /opt/airflow/dags/dbt_dag.py
[2025-11-08T15:19:29.244+0000] {processor.py:829} INFO - Processing file /opt/airflow/dags/dbt_dag.py for tasks to queue
[2025-11-08T15:19:29.266+0000] {logging_mixin.py:151} INFO - [2025-11-08T15:19:29.264+0000] {dagbag.py:539} INFO - Filling up the DagBag from /opt/airflow/dags/dbt_dag.py
[2025-11-08T15:19:29.315+0000] {processor.py:839} INFO - DAG(s) dict_keys(['dbt_transform']) retrieved from /opt/airflow/dags/dbt_dag.py
[2025-11-08T15:19:29.393+0000] {logging_mixin.py:151} INFO - [2025-11-08T15:19:29.392+0000] {dag.py:2915} INFO - Sync 1 DAGs
[2025-11-08T15:19:29.466+0000] {logging_mixin.py:151} INFO - [2025-11-08T15:19:29.466+0000] {dag.py:3696} INFO - Setting next_dagrun for dbt_transform to 2025-11-08T15:19:26.782009+00:00, run_after=2025-11-08T15:24:26.782009+00:00
[2025-11-08T15:19:29.524+0000] {processor.py:179} INFO - Processing /opt/airflow/dags/dbt_dag.py took 0.298 seconds
[2025-11-08T15:19:59.776+0000] {processor.py:157} INFO - Started process (PID=8071) to work on /opt/airflow/dags/dbt_dag.py
[2025-11-08T15:19:59.777+0000] {processor.py:829} INFO - Processing file /opt/airflow/dags/dbt_dag.py for tasks to queue
[2025-11-08T15:19:59.780+0000] {logging_mixin.py:151} INFO - [2025-11-08T15:19:59.779+0000] {dagbag.py:539} INFO - Filling up the DagBag from /opt/airflow/dags/dbt_dag.py
[2025-11-08T15:19:59.826+0000] {processor.py:839} INFO - DAG(s) dict_keys(['dbt_transform']) retrieved from /opt/airflow/dags/dbt_dag.py
[2025-11-08T15:19:59.893+0000] {logging_mixin.py:151} INFO - [2025-11-08T15:19:59.893+0000] {dag.py:2915} INFO - Sync 1 DAGs
[2025-11-08T15:19:59.946+0000] {logging_mixin.py:151} INFO - [2025-11-08T15:19:59.945+0000] {dag.py:3696} INFO - Setting next_dagrun for dbt_transform to 2025-11-08T15:19:44.149948+00:00, run_after=2025-11-08T15:24:44.149948+00:00
[2025-11-08T15:19:59.991+0000] {processor.py:179} INFO - Processing /opt/airflow/dags/dbt_dag.py took 0.225 seconds
[2025-11-08T15:20:30.187+0000] {processor.py:157} INFO - Started process (PID=8076) to work on /opt/airflow/dags/dbt_dag.py
[2025-11-08T15:20:30.189+0000] {processor.py:829} INFO - Processing file /opt/airflow/dags/dbt_dag.py for tasks to queue
[2025-11-08T15:20:30.192+0000] {logging_mixin.py:151} INFO - [2025-11-08T15:20:30.191+0000] {dagbag.py:539} INFO - Filling up the DagBag from /opt/airflow/dags/dbt_dag.py
[2025-11-08T15:20:30.245+0000] {processor.py:839} INFO - DAG(s) dict_keys(['dbt_transform']) retrieved from /opt/airflow/dags/dbt_dag.py
[2025-11-08T15:20:30.329+0000] {logging_mixin.py:151} INFO - [2025-11-08T15:20:30.328+0000] {dag.py:2915} INFO - Sync 1 DAGs
[2025-11-08T15:20:30.394+0000] {logging_mixin.py:151} INFO - [2025-11-08T15:20:30.394+0000] {dag.py:3696} INFO - Setting next_dagrun for dbt_transform to 2025-11-08T15:19:44.149948+00:00, run_after=2025-11-08T15:24:44.149948+00:00
[2025-11-08T15:20:30.452+0000] {processor.py:179} INFO - Processing /opt/airflow/dags/dbt_dag.py took 0.274 seconds
[2025-11-08T15:21:00.621+0000] {processor.py:157} INFO - Started process (PID=8081) to work on /opt/airflow/dags/dbt_dag.py
[2025-11-08T15:21:00.622+0000] {processor.py:829} INFO - Processing file /opt/airflow/dags/dbt_dag.py for tasks to queue
[2025-11-08T15:21:00.626+0000] {logging_mixin.py:151} INFO - [2025-11-08T15:21:00.624+0000] {dagbag.py:539} INFO - Filling up the DagBag from /opt/airflow/dags/dbt_dag.py
[2025-11-08T15:21:00.664+0000] {processor.py:839} INFO - DAG(s) dict_keys(['dbt_transform']) retrieved from /opt/airflow/dags/dbt_dag.py
[2025-11-08T15:21:00.723+0000] {logging_mixin.py:151} INFO - [2025-11-08T15:21:00.723+0000] {dag.py:2915} INFO - Sync 1 DAGs
[2025-11-08T15:21:00.762+0000] {logging_mixin.py:151} INFO - [2025-11-08T15:21:00.762+0000] {dag.py:3696} INFO - Setting next_dagrun for dbt_transform to 2025-11-08T15:19:44.149948+00:00, run_after=2025-11-08T15:24:44.149948+00:00
[2025-11-08T15:21:00.801+0000] {processor.py:179} INFO - Processing /opt/airflow/dags/dbt_dag.py took 0.188 seconds
[2025-11-08T15:21:31.088+0000] {processor.py:157} INFO - Started process (PID=8086) to work on /opt/airflow/dags/dbt_dag.py
[2025-11-08T15:21:31.091+0000] {processor.py:829} INFO - Processing file /opt/airflow/dags/dbt_dag.py for tasks to queue
[2025-11-08T15:21:31.094+0000] {logging_mixin.py:151} INFO - [2025-11-08T15:21:31.093+0000] {dagbag.py:539} INFO - Filling up the DagBag from /opt/airflow/dags/dbt_dag.py
[2025-11-08T15:21:31.151+0000] {processor.py:839} INFO - DAG(s) dict_keys(['dbt_transform']) retrieved from /opt/airflow/dags/dbt_dag.py
[2025-11-08T15:21:31.242+0000] {logging_mixin.py:151} INFO - [2025-11-08T15:21:31.242+0000] {dag.py:2915} INFO - Sync 1 DAGs
[2025-11-08T15:21:31.320+0000] {logging_mixin.py:151} INFO - [2025-11-08T15:21:31.319+0000] {dag.py:3696} INFO - Setting next_dagrun for dbt_transform to 2025-11-08T15:19:44.149948+00:00, run_after=2025-11-08T15:24:44.149948+00:00
[2025-11-08T15:21:31.385+0000] {processor.py:179} INFO - Processing /opt/airflow/dags/dbt_dag.py took 0.305 seconds
[2025-11-08T15:22:01.742+0000] {processor.py:157} INFO - Started process (PID=8091) to work on /opt/airflow/dags/dbt_dag.py
[2025-11-08T15:22:01.746+0000] {processor.py:829} INFO - Processing file /opt/airflow/dags/dbt_dag.py for tasks to queue
[2025-11-08T15:22:01.750+0000] {logging_mixin.py:151} INFO - [2025-11-08T15:22:01.749+0000] {dagbag.py:539} INFO - Filling up the DagBag from /opt/airflow/dags/dbt_dag.py
[2025-11-08T15:22:01.813+0000] {processor.py:839} INFO - DAG(s) dict_keys(['dbt_transform']) retrieved from /opt/airflow/dags/dbt_dag.py
[2025-11-08T15:22:01.891+0000] {logging_mixin.py:151} INFO - [2025-11-08T15:22:01.890+0000] {dag.py:2915} INFO - Sync 1 DAGs
[2025-11-08T15:22:01.948+0000] {logging_mixin.py:151} INFO - [2025-11-08T15:22:01.947+0000] {dag.py:3696} INFO - Setting next_dagrun for dbt_transform to 2025-11-08T15:19:44.149948+00:00, run_after=2025-11-08T15:24:44.149948+00:00
[2025-11-08T15:22:01.988+0000] {processor.py:179} INFO - Processing /opt/airflow/dags/dbt_dag.py took 0.260 seconds
[2025-11-08T15:22:32.343+0000] {processor.py:157} INFO - Started process (PID=8096) to work on /opt/airflow/dags/dbt_dag.py
[2025-11-08T15:22:32.344+0000] {processor.py:829} INFO - Processing file /opt/airflow/dags/dbt_dag.py for tasks to queue
[2025-11-08T15:22:32.346+0000] {logging_mixin.py:151} INFO - [2025-11-08T15:22:32.346+0000] {dagbag.py:539} INFO - Filling up the DagBag from /opt/airflow/dags/dbt_dag.py
[2025-11-08T15:22:32.387+0000] {processor.py:839} INFO - DAG(s) dict_keys(['dbt_transform']) retrieved from /opt/airflow/dags/dbt_dag.py
[2025-11-08T15:22:32.483+0000] {logging_mixin.py:151} INFO - [2025-11-08T15:22:32.482+0000] {dag.py:2915} INFO - Sync 1 DAGs
[2025-11-08T15:22:32.565+0000] {logging_mixin.py:151} INFO - [2025-11-08T15:22:32.564+0000] {dag.py:3696} INFO - Setting next_dagrun for dbt_transform to 2025-11-08T15:19:44.149948+00:00, run_after=2025-11-08T15:24:44.149948+00:00
[2025-11-08T15:22:32.639+0000] {processor.py:179} INFO - Processing /opt/airflow/dags/dbt_dag.py took 0.304 seconds
[2025-11-08T15:23:02.980+0000] {processor.py:157} INFO - Started process (PID=8101) to work on /opt/airflow/dags/dbt_dag.py
[2025-11-08T15:23:02.981+0000] {processor.py:829} INFO - Processing file /opt/airflow/dags/dbt_dag.py for tasks to queue
[2025-11-08T15:23:02.983+0000] {logging_mixin.py:151} INFO - [2025-11-08T15:23:02.983+0000] {dagbag.py:539} INFO - Filling up the DagBag from /opt/airflow/dags/dbt_dag.py
[2025-11-08T15:23:03.018+0000] {processor.py:839} INFO - DAG(s) dict_keys(['dbt_transform']) retrieved from /opt/airflow/dags/dbt_dag.py
[2025-11-08T15:23:03.066+0000] {logging_mixin.py:151} INFO - [2025-11-08T15:23:03.066+0000] {dag.py:2915} INFO - Sync 1 DAGs
[2025-11-08T15:23:03.110+0000] {logging_mixin.py:151} INFO - [2025-11-08T15:23:03.110+0000] {dag.py:3696} INFO - Setting next_dagrun for dbt_transform to 2025-11-08T15:19:44.149948+00:00, run_after=2025-11-08T15:24:44.149948+00:00
[2025-11-08T15:23:03.151+0000] {processor.py:179} INFO - Processing /opt/airflow/dags/dbt_dag.py took 0.178 seconds
[2025-11-08T15:23:33.304+0000] {processor.py:157} INFO - Started process (PID=8106) to work on /opt/airflow/dags/dbt_dag.py
[2025-11-08T15:23:33.307+0000] {processor.py:829} INFO - Processing file /opt/airflow/dags/dbt_dag.py for tasks to queue
[2025-11-08T15:23:33.312+0000] {logging_mixin.py:151} INFO - [2025-11-08T15:23:33.311+0000] {dagbag.py:539} INFO - Filling up the DagBag from /opt/airflow/dags/dbt_dag.py
[2025-11-08T15:23:33.372+0000] {processor.py:839} INFO - DAG(s) dict_keys(['dbt_transform']) retrieved from /opt/airflow/dags/dbt_dag.py
[2025-11-08T15:23:33.457+0000] {logging_mixin.py:151} INFO - [2025-11-08T15:23:33.456+0000] {dag.py:2915} INFO - Sync 1 DAGs
[2025-11-08T15:23:33.528+0000] {logging_mixin.py:151} INFO - [2025-11-08T15:23:33.527+0000] {dag.py:3696} INFO - Setting next_dagrun for dbt_transform to 2025-11-08T15:19:44.149948+00:00, run_after=2025-11-08T15:24:44.149948+00:00
[2025-11-08T15:23:33.587+0000] {processor.py:179} INFO - Processing /opt/airflow/dags/dbt_dag.py took 0.294 seconds
[2025-11-08T15:24:03.807+0000] {processor.py:157} INFO - Started process (PID=8111) to work on /opt/airflow/dags/dbt_dag.py
[2025-11-08T15:24:03.810+0000] {processor.py:829} INFO - Processing file /opt/airflow/dags/dbt_dag.py for tasks to queue
[2025-11-08T15:24:03.813+0000] {logging_mixin.py:151} INFO - [2025-11-08T15:24:03.812+0000] {dagbag.py:539} INFO - Filling up the DagBag from /opt/airflow/dags/dbt_dag.py
[2025-11-08T15:24:03.875+0000] {processor.py:839} INFO - DAG(s) dict_keys(['dbt_transform']) retrieved from /opt/airflow/dags/dbt_dag.py
[2025-11-08T15:24:03.944+0000] {logging_mixin.py:151} INFO - [2025-11-08T15:24:03.944+0000] {dag.py:2915} INFO - Sync 1 DAGs
[2025-11-08T15:24:04.008+0000] {logging_mixin.py:151} INFO - [2025-11-08T15:24:04.007+0000] {dag.py:3696} INFO - Setting next_dagrun for dbt_transform to 2025-11-08T15:19:44.149948+00:00, run_after=2025-11-08T15:24:44.149948+00:00
[2025-11-08T15:24:04.077+0000] {processor.py:179} INFO - Processing /opt/airflow/dags/dbt_dag.py took 0.279 seconds
[2025-11-08T15:24:34.241+0000] {processor.py:157} INFO - Started process (PID=8143) to work on /opt/airflow/dags/dbt_dag.py
[2025-11-08T15:24:34.243+0000] {processor.py:829} INFO - Processing file /opt/airflow/dags/dbt_dag.py for tasks to queue
[2025-11-08T15:24:34.248+0000] {logging_mixin.py:151} INFO - [2025-11-08T15:24:34.246+0000] {dagbag.py:539} INFO - Filling up the DagBag from /opt/airflow/dags/dbt_dag.py
[2025-11-08T15:24:34.338+0000] {processor.py:839} INFO - DAG(s) dict_keys(['dbt_transform']) retrieved from /opt/airflow/dags/dbt_dag.py
[2025-11-08T15:24:34.446+0000] {logging_mixin.py:151} INFO - [2025-11-08T15:24:34.445+0000] {dag.py:2915} INFO - Sync 1 DAGs
[2025-11-08T15:24:34.512+0000] {logging_mixin.py:151} INFO - [2025-11-08T15:24:34.511+0000] {dag.py:3696} INFO - Setting next_dagrun for dbt_transform to 2025-11-08T15:19:44.149948+00:00, run_after=2025-11-08T15:24:44.149948+00:00
[2025-11-08T15:24:34.569+0000] {processor.py:179} INFO - Processing /opt/airflow/dags/dbt_dag.py took 0.345 seconds
[2025-11-08T15:25:04.699+0000] {processor.py:157} INFO - Started process (PID=8228) to work on /opt/airflow/dags/dbt_dag.py
[2025-11-08T15:25:04.700+0000] {processor.py:829} INFO - Processing file /opt/airflow/dags/dbt_dag.py for tasks to queue
[2025-11-08T15:25:04.702+0000] {logging_mixin.py:151} INFO - [2025-11-08T15:25:04.701+0000] {dagbag.py:539} INFO - Filling up the DagBag from /opt/airflow/dags/dbt_dag.py
[2025-11-08T15:25:04.749+0000] {processor.py:839} INFO - DAG(s) dict_keys(['dbt_transform']) retrieved from /opt/airflow/dags/dbt_dag.py
[2025-11-08T15:25:04.809+0000] {logging_mixin.py:151} INFO - [2025-11-08T15:25:04.808+0000] {dag.py:2915} INFO - Sync 1 DAGs
[2025-11-08T15:25:04.855+0000] {logging_mixin.py:151} INFO - [2025-11-08T15:25:04.854+0000] {dag.py:3696} INFO - Setting next_dagrun for dbt_transform to 2025-11-08T15:25:02.525945+00:00, run_after=2025-11-08T15:30:02.525945+00:00
[2025-11-08T15:25:04.898+0000] {processor.py:179} INFO - Processing /opt/airflow/dags/dbt_dag.py took 0.208 seconds
[2025-11-08T15:25:35.131+0000] {processor.py:157} INFO - Started process (PID=8274) to work on /opt/airflow/dags/dbt_dag.py
[2025-11-08T15:25:35.134+0000] {processor.py:829} INFO - Processing file /opt/airflow/dags/dbt_dag.py for tasks to queue
[2025-11-08T15:25:35.137+0000] {logging_mixin.py:151} INFO - [2025-11-08T15:25:35.136+0000] {dagbag.py:539} INFO - Filling up the DagBag from /opt/airflow/dags/dbt_dag.py
[2025-11-08T15:25:35.208+0000] {processor.py:839} INFO - DAG(s) dict_keys(['dbt_transform']) retrieved from /opt/airflow/dags/dbt_dag.py
[2025-11-08T15:25:35.302+0000] {logging_mixin.py:151} INFO - [2025-11-08T15:25:35.301+0000] {dag.py:2915} INFO - Sync 1 DAGs
[2025-11-08T15:25:35.375+0000] {logging_mixin.py:151} INFO - [2025-11-08T15:25:35.374+0000] {dag.py:3696} INFO - Setting next_dagrun for dbt_transform to 2025-11-08T15:25:11.141911+00:00, run_after=2025-11-08T15:30:11.141911+00:00
[2025-11-08T15:25:35.443+0000] {processor.py:179} INFO - Processing /opt/airflow/dags/dbt_dag.py took 0.325 seconds
[2025-11-08T15:26:05.852+0000] {processor.py:157} INFO - Started process (PID=8279) to work on /opt/airflow/dags/dbt_dag.py
[2025-11-08T15:26:05.855+0000] {processor.py:829} INFO - Processing file /opt/airflow/dags/dbt_dag.py for tasks to queue
[2025-11-08T15:26:05.858+0000] {logging_mixin.py:151} INFO - [2025-11-08T15:26:05.857+0000] {dagbag.py:539} INFO - Filling up the DagBag from /opt/airflow/dags/dbt_dag.py
[2025-11-08T15:26:05.908+0000] {processor.py:839} INFO - DAG(s) dict_keys(['dbt_transform']) retrieved from /opt/airflow/dags/dbt_dag.py
[2025-11-08T15:26:05.975+0000] {logging_mixin.py:151} INFO - [2025-11-08T15:26:05.975+0000] {dag.py:2915} INFO - Sync 1 DAGs
[2025-11-08T15:26:06.035+0000] {logging_mixin.py:151} INFO - [2025-11-08T15:26:06.034+0000] {dag.py:3696} INFO - Setting next_dagrun for dbt_transform to 2025-11-08T15:25:11.141911+00:00, run_after=2025-11-08T15:30:11.141911+00:00
[2025-11-08T15:26:06.091+0000] {processor.py:179} INFO - Processing /opt/airflow/dags/dbt_dag.py took 0.256 seconds
[2025-11-08T15:26:36.445+0000] {processor.py:157} INFO - Started process (PID=8284) to work on /opt/airflow/dags/dbt_dag.py
[2025-11-08T15:26:36.446+0000] {processor.py:829} INFO - Processing file /opt/airflow/dags/dbt_dag.py for tasks to queue
[2025-11-08T15:26:36.447+0000] {logging_mixin.py:151} INFO - [2025-11-08T15:26:36.447+0000] {dagbag.py:539} INFO - Filling up the DagBag from /opt/airflow/dags/dbt_dag.py
[2025-11-08T15:26:36.481+0000] {processor.py:839} INFO - DAG(s) dict_keys(['dbt_transform']) retrieved from /opt/airflow/dags/dbt_dag.py
[2025-11-08T15:26:36.532+0000] {logging_mixin.py:151} INFO - [2025-11-08T15:26:36.531+0000] {dag.py:2915} INFO - Sync 1 DAGs
[2025-11-08T15:26:36.571+0000] {logging_mixin.py:151} INFO - [2025-11-08T15:26:36.570+0000] {dag.py:3696} INFO - Setting next_dagrun for dbt_transform to 2025-11-08T15:25:11.141911+00:00, run_after=2025-11-08T15:30:11.141911+00:00
[2025-11-08T15:26:36.603+0000] {processor.py:179} INFO - Processing /opt/airflow/dags/dbt_dag.py took 0.164 seconds
[2025-11-08T15:27:06.837+0000] {processor.py:157} INFO - Started process (PID=8289) to work on /opt/airflow/dags/dbt_dag.py
[2025-11-08T15:27:06.839+0000] {processor.py:829} INFO - Processing file /opt/airflow/dags/dbt_dag.py for tasks to queue
[2025-11-08T15:27:06.842+0000] {logging_mixin.py:151} INFO - [2025-11-08T15:27:06.841+0000] {dagbag.py:539} INFO - Filling up the DagBag from /opt/airflow/dags/dbt_dag.py
[2025-11-08T15:27:06.898+0000] {processor.py:839} INFO - DAG(s) dict_keys(['dbt_transform']) retrieved from /opt/airflow/dags/dbt_dag.py
[2025-11-08T15:27:06.982+0000] {logging_mixin.py:151} INFO - [2025-11-08T15:27:06.982+0000] {dag.py:2915} INFO - Sync 1 DAGs
[2025-11-08T15:27:07.051+0000] {logging_mixin.py:151} INFO - [2025-11-08T15:27:07.050+0000] {dag.py:3696} INFO - Setting next_dagrun for dbt_transform to 2025-11-08T15:25:11.141911+00:00, run_after=2025-11-08T15:30:11.141911+00:00
[2025-11-08T15:27:07.114+0000] {processor.py:179} INFO - Processing /opt/airflow/dags/dbt_dag.py took 0.288 seconds
[2025-11-08T15:27:37.232+0000] {processor.py:157} INFO - Started process (PID=8294) to work on /opt/airflow/dags/dbt_dag.py
[2025-11-08T15:27:37.234+0000] {processor.py:829} INFO - Processing file /opt/airflow/dags/dbt_dag.py for tasks to queue
[2025-11-08T15:27:37.239+0000] {logging_mixin.py:151} INFO - [2025-11-08T15:27:37.236+0000] {dagbag.py:539} INFO - Filling up the DagBag from /opt/airflow/dags/dbt_dag.py
[2025-11-08T15:27:37.305+0000] {processor.py:839} INFO - DAG(s) dict_keys(['dbt_transform']) retrieved from /opt/airflow/dags/dbt_dag.py
[2025-11-08T15:27:37.375+0000] {logging_mixin.py:151} INFO - [2025-11-08T15:27:37.374+0000] {dag.py:2915} INFO - Sync 1 DAGs
[2025-11-08T15:27:37.428+0000] {logging_mixin.py:151} INFO - [2025-11-08T15:27:37.428+0000] {dag.py:3696} INFO - Setting next_dagrun for dbt_transform to 2025-11-08T15:25:11.141911+00:00, run_after=2025-11-08T15:30:11.141911+00:00
[2025-11-08T15:27:37.470+0000] {processor.py:179} INFO - Processing /opt/airflow/dags/dbt_dag.py took 0.246 seconds
[2025-11-08T15:28:07.741+0000] {processor.py:157} INFO - Started process (PID=8299) to work on /opt/airflow/dags/dbt_dag.py
[2025-11-08T15:28:07.743+0000] {processor.py:829} INFO - Processing file /opt/airflow/dags/dbt_dag.py for tasks to queue
[2025-11-08T15:28:07.745+0000] {logging_mixin.py:151} INFO - [2025-11-08T15:28:07.744+0000] {dagbag.py:539} INFO - Filling up the DagBag from /opt/airflow/dags/dbt_dag.py
[2025-11-08T15:28:07.780+0000] {processor.py:839} INFO - DAG(s) dict_keys(['dbt_transform']) retrieved from /opt/airflow/dags/dbt_dag.py
[2025-11-08T15:28:07.861+0000] {logging_mixin.py:151} INFO - [2025-11-08T15:28:07.860+0000] {dag.py:2915} INFO - Sync 1 DAGs
[2025-11-08T15:28:07.921+0000] {logging_mixin.py:151} INFO - [2025-11-08T15:28:07.920+0000] {dag.py:3696} INFO - Setting next_dagrun for dbt_transform to 2025-11-08T15:25:11.141911+00:00, run_after=2025-11-08T15:30:11.141911+00:00
[2025-11-08T15:28:07.972+0000] {processor.py:179} INFO - Processing /opt/airflow/dags/dbt_dag.py took 0.239 seconds
[2025-11-08T15:28:38.084+0000] {processor.py:157} INFO - Started process (PID=8304) to work on /opt/airflow/dags/dbt_dag.py
[2025-11-08T15:28:38.086+0000] {processor.py:829} INFO - Processing file /opt/airflow/dags/dbt_dag.py for tasks to queue
[2025-11-08T15:28:38.088+0000] {logging_mixin.py:151} INFO - [2025-11-08T15:28:38.087+0000] {dagbag.py:539} INFO - Filling up the DagBag from /opt/airflow/dags/dbt_dag.py
[2025-11-08T15:28:38.129+0000] {processor.py:839} INFO - DAG(s) dict_keys(['dbt_transform']) retrieved from /opt/airflow/dags/dbt_dag.py
[2025-11-08T15:28:38.182+0000] {logging_mixin.py:151} INFO - [2025-11-08T15:28:38.181+0000] {dag.py:2915} INFO - Sync 1 DAGs
[2025-11-08T15:28:38.235+0000] {logging_mixin.py:151} INFO - [2025-11-08T15:28:38.235+0000] {dag.py:3696} INFO - Setting next_dagrun for dbt_transform to 2025-11-08T15:25:11.141911+00:00, run_after=2025-11-08T15:30:11.141911+00:00
[2025-11-08T15:28:38.295+0000] {processor.py:179} INFO - Processing /opt/airflow/dags/dbt_dag.py took 0.218 seconds
[2025-11-08T15:29:08.619+0000] {processor.py:157} INFO - Started process (PID=8309) to work on /opt/airflow/dags/dbt_dag.py
[2025-11-08T15:29:08.621+0000] {processor.py:829} INFO - Processing file /opt/airflow/dags/dbt_dag.py for tasks to queue
[2025-11-08T15:29:08.623+0000] {logging_mixin.py:151} INFO - [2025-11-08T15:29:08.622+0000] {dagbag.py:539} INFO - Filling up the DagBag from /opt/airflow/dags/dbt_dag.py
[2025-11-08T15:29:08.679+0000] {processor.py:839} INFO - DAG(s) dict_keys(['dbt_transform']) retrieved from /opt/airflow/dags/dbt_dag.py
[2025-11-08T15:29:08.751+0000] {logging_mixin.py:151} INFO - [2025-11-08T15:29:08.750+0000] {dag.py:2915} INFO - Sync 1 DAGs
[2025-11-08T15:29:08.817+0000] {logging_mixin.py:151} INFO - [2025-11-08T15:29:08.816+0000] {dag.py:3696} INFO - Setting next_dagrun for dbt_transform to 2025-11-08T15:25:11.141911+00:00, run_after=2025-11-08T15:30:11.141911+00:00
[2025-11-08T15:29:08.869+0000] {processor.py:179} INFO - Processing /opt/airflow/dags/dbt_dag.py took 0.256 seconds
[2025-11-08T15:29:38.983+0000] {processor.py:157} INFO - Started process (PID=8314) to work on /opt/airflow/dags/dbt_dag.py
[2025-11-08T15:29:38.985+0000] {processor.py:829} INFO - Processing file /opt/airflow/dags/dbt_dag.py for tasks to queue
[2025-11-08T15:29:38.987+0000] {logging_mixin.py:151} INFO - [2025-11-08T15:29:38.986+0000] {dagbag.py:539} INFO - Filling up the DagBag from /opt/airflow/dags/dbt_dag.py
[2025-11-08T15:29:39.021+0000] {processor.py:839} INFO - DAG(s) dict_keys(['dbt_transform']) retrieved from /opt/airflow/dags/dbt_dag.py
[2025-11-08T15:29:39.081+0000] {logging_mixin.py:151} INFO - [2025-11-08T15:29:39.080+0000] {dag.py:2915} INFO - Sync 1 DAGs
[2025-11-08T15:29:39.162+0000] {logging_mixin.py:151} INFO - [2025-11-08T15:29:39.161+0000] {dag.py:3696} INFO - Setting next_dagrun for dbt_transform to 2025-11-08T15:25:11.141911+00:00, run_after=2025-11-08T15:30:11.141911+00:00
[2025-11-08T15:29:39.211+0000] {processor.py:179} INFO - Processing /opt/airflow/dags/dbt_dag.py took 0.234 seconds
[2025-11-08T15:30:09.542+0000] {processor.py:157} INFO - Started process (PID=8334) to work on /opt/airflow/dags/dbt_dag.py
[2025-11-08T15:30:09.544+0000] {processor.py:829} INFO - Processing file /opt/airflow/dags/dbt_dag.py for tasks to queue
[2025-11-08T15:30:09.546+0000] {logging_mixin.py:151} INFO - [2025-11-08T15:30:09.546+0000] {dagbag.py:539} INFO - Filling up the DagBag from /opt/airflow/dags/dbt_dag.py
[2025-11-08T15:30:09.593+0000] {processor.py:839} INFO - DAG(s) dict_keys(['dbt_transform']) retrieved from /opt/airflow/dags/dbt_dag.py
[2025-11-08T15:30:09.660+0000] {logging_mixin.py:151} INFO - [2025-11-08T15:30:09.659+0000] {dag.py:2915} INFO - Sync 1 DAGs
[2025-11-08T15:30:09.710+0000] {logging_mixin.py:151} INFO - [2025-11-08T15:30:09.709+0000] {dag.py:3696} INFO - Setting next_dagrun for dbt_transform to 2025-11-08T15:25:11.141911+00:00, run_after=2025-11-08T15:30:11.141911+00:00
[2025-11-08T15:30:09.756+0000] {processor.py:179} INFO - Processing /opt/airflow/dags/dbt_dag.py took 0.221 seconds
[2025-11-08T15:30:40.111+0000] {processor.py:157} INFO - Started process (PID=8456) to work on /opt/airflow/dags/dbt_dag.py
[2025-11-08T15:30:40.113+0000] {processor.py:829} INFO - Processing file /opt/airflow/dags/dbt_dag.py for tasks to queue
[2025-11-08T15:30:40.117+0000] {logging_mixin.py:151} INFO - [2025-11-08T15:30:40.116+0000] {dagbag.py:539} INFO - Filling up the DagBag from /opt/airflow/dags/dbt_dag.py
[2025-11-08T15:30:40.175+0000] {processor.py:839} INFO - DAG(s) dict_keys(['dbt_transform']) retrieved from /opt/airflow/dags/dbt_dag.py
[2025-11-08T15:30:40.261+0000] {logging_mixin.py:151} INFO - [2025-11-08T15:30:40.261+0000] {dag.py:2915} INFO - Sync 1 DAGs
[2025-11-08T15:30:40.304+0000] {logging_mixin.py:151} INFO - [2025-11-08T15:30:40.304+0000] {dag.py:3696} INFO - Setting next_dagrun for dbt_transform to 2025-11-08T15:30:35.728049+00:00, run_after=2025-11-08T15:35:35.728049+00:00
[2025-11-08T15:30:40.345+0000] {processor.py:179} INFO - Processing /opt/airflow/dags/dbt_dag.py took 0.249 seconds
[2025-11-08T15:31:10.695+0000] {processor.py:157} INFO - Started process (PID=8461) to work on /opt/airflow/dags/dbt_dag.py
[2025-11-08T15:31:10.697+0000] {processor.py:829} INFO - Processing file /opt/airflow/dags/dbt_dag.py for tasks to queue
[2025-11-08T15:31:10.699+0000] {logging_mixin.py:151} INFO - [2025-11-08T15:31:10.698+0000] {dagbag.py:539} INFO - Filling up the DagBag from /opt/airflow/dags/dbt_dag.py
[2025-11-08T15:31:10.740+0000] {processor.py:839} INFO - DAG(s) dict_keys(['dbt_transform']) retrieved from /opt/airflow/dags/dbt_dag.py
[2025-11-08T15:31:10.798+0000] {logging_mixin.py:151} INFO - [2025-11-08T15:31:10.797+0000] {dag.py:2915} INFO - Sync 1 DAGs
[2025-11-08T15:31:10.834+0000] {logging_mixin.py:151} INFO - [2025-11-08T15:31:10.833+0000] {dag.py:3696} INFO - Setting next_dagrun for dbt_transform to 2025-11-08T15:30:35.728049+00:00, run_after=2025-11-08T15:35:35.728049+00:00
[2025-11-08T15:31:10.871+0000] {processor.py:179} INFO - Processing /opt/airflow/dags/dbt_dag.py took 0.185 seconds
[2025-11-08T15:31:41.067+0000] {processor.py:157} INFO - Started process (PID=8466) to work on /opt/airflow/dags/dbt_dag.py
[2025-11-08T15:31:41.069+0000] {processor.py:829} INFO - Processing file /opt/airflow/dags/dbt_dag.py for tasks to queue
[2025-11-08T15:31:41.072+0000] {logging_mixin.py:151} INFO - [2025-11-08T15:31:41.072+0000] {dagbag.py:539} INFO - Filling up the DagBag from /opt/airflow/dags/dbt_dag.py
[2025-11-08T15:31:41.138+0000] {processor.py:839} INFO - DAG(s) dict_keys(['dbt_transform']) retrieved from /opt/airflow/dags/dbt_dag.py
[2025-11-08T15:31:41.225+0000] {logging_mixin.py:151} INFO - [2025-11-08T15:31:41.224+0000] {dag.py:2915} INFO - Sync 1 DAGs
[2025-11-08T15:31:41.312+0000] {logging_mixin.py:151} INFO - [2025-11-08T15:31:41.311+0000] {dag.py:3696} INFO - Setting next_dagrun for dbt_transform to 2025-11-08T15:30:35.728049+00:00, run_after=2025-11-08T15:35:35.728049+00:00
[2025-11-08T15:31:41.385+0000] {processor.py:179} INFO - Processing /opt/airflow/dags/dbt_dag.py took 0.329 seconds
[2025-11-08T15:32:11.605+0000] {processor.py:157} INFO - Started process (PID=8471) to work on /opt/airflow/dags/dbt_dag.py
[2025-11-08T15:32:11.606+0000] {processor.py:829} INFO - Processing file /opt/airflow/dags/dbt_dag.py for tasks to queue
[2025-11-08T15:32:11.609+0000] {logging_mixin.py:151} INFO - [2025-11-08T15:32:11.609+0000] {dagbag.py:539} INFO - Filling up the DagBag from /opt/airflow/dags/dbt_dag.py
[2025-11-08T15:32:11.649+0000] {processor.py:839} INFO - DAG(s) dict_keys(['dbt_transform']) retrieved from /opt/airflow/dags/dbt_dag.py
[2025-11-08T15:32:11.706+0000] {logging_mixin.py:151} INFO - [2025-11-08T15:32:11.706+0000] {dag.py:2915} INFO - Sync 1 DAGs
[2025-11-08T15:32:11.789+0000] {logging_mixin.py:151} INFO - [2025-11-08T15:32:11.788+0000] {dag.py:3696} INFO - Setting next_dagrun for dbt_transform to 2025-11-08T15:30:35.728049+00:00, run_after=2025-11-08T15:35:35.728049+00:00
[2025-11-08T15:32:11.860+0000] {processor.py:179} INFO - Processing /opt/airflow/dags/dbt_dag.py took 0.262 seconds
[2025-11-08T15:32:42.002+0000] {processor.py:157} INFO - Started process (PID=8476) to work on /opt/airflow/dags/dbt_dag.py
[2025-11-08T15:32:42.003+0000] {processor.py:829} INFO - Processing file /opt/airflow/dags/dbt_dag.py for tasks to queue
[2025-11-08T15:32:42.004+0000] {logging_mixin.py:151} INFO - [2025-11-08T15:32:42.004+0000] {dagbag.py:539} INFO - Filling up the DagBag from /opt/airflow/dags/dbt_dag.py
[2025-11-08T15:32:42.030+0000] {processor.py:839} INFO - DAG(s) dict_keys(['dbt_transform']) retrieved from /opt/airflow/dags/dbt_dag.py
[2025-11-08T15:32:42.066+0000] {logging_mixin.py:151} INFO - [2025-11-08T15:32:42.066+0000] {dag.py:2915} INFO - Sync 1 DAGs
[2025-11-08T15:32:42.091+0000] {logging_mixin.py:151} INFO - [2025-11-08T15:32:42.091+0000] {dag.py:3696} INFO - Setting next_dagrun for dbt_transform to 2025-11-08T15:30:35.728049+00:00, run_after=2025-11-08T15:35:35.728049+00:00
[2025-11-08T15:32:42.116+0000] {processor.py:179} INFO - Processing /opt/airflow/dags/dbt_dag.py took 0.118 seconds
[2025-11-08T15:33:12.330+0000] {processor.py:157} INFO - Started process (PID=8481) to work on /opt/airflow/dags/dbt_dag.py
[2025-11-08T15:33:12.333+0000] {processor.py:829} INFO - Processing file /opt/airflow/dags/dbt_dag.py for tasks to queue
[2025-11-08T15:33:12.337+0000] {logging_mixin.py:151} INFO - [2025-11-08T15:33:12.336+0000] {dagbag.py:539} INFO - Filling up the DagBag from /opt/airflow/dags/dbt_dag.py
[2025-11-08T15:33:12.392+0000] {processor.py:839} INFO - DAG(s) dict_keys(['dbt_transform']) retrieved from /opt/airflow/dags/dbt_dag.py
[2025-11-08T15:33:12.481+0000] {logging_mixin.py:151} INFO - [2025-11-08T15:33:12.481+0000] {dag.py:2915} INFO - Sync 1 DAGs
[2025-11-08T15:33:12.544+0000] {logging_mixin.py:151} INFO - [2025-11-08T15:33:12.544+0000] {dag.py:3696} INFO - Setting next_dagrun for dbt_transform to 2025-11-08T15:30:35.728049+00:00, run_after=2025-11-08T15:35:35.728049+00:00
[2025-11-08T15:33:12.608+0000] {processor.py:179} INFO - Processing /opt/airflow/dags/dbt_dag.py took 0.287 seconds
[2025-11-08T15:33:42.980+0000] {processor.py:157} INFO - Started process (PID=8486) to work on /opt/airflow/dags/dbt_dag.py
[2025-11-08T15:33:42.982+0000] {processor.py:829} INFO - Processing file /opt/airflow/dags/dbt_dag.py for tasks to queue
[2025-11-08T15:33:42.984+0000] {logging_mixin.py:151} INFO - [2025-11-08T15:33:42.983+0000] {dagbag.py:539} INFO - Filling up the DagBag from /opt/airflow/dags/dbt_dag.py
[2025-11-08T15:33:43.025+0000] {processor.py:839} INFO - DAG(s) dict_keys(['dbt_transform']) retrieved from /opt/airflow/dags/dbt_dag.py
[2025-11-08T15:33:43.087+0000] {logging_mixin.py:151} INFO - [2025-11-08T15:33:43.086+0000] {dag.py:2915} INFO - Sync 1 DAGs
[2025-11-08T15:33:43.165+0000] {logging_mixin.py:151} INFO - [2025-11-08T15:33:43.165+0000] {dag.py:3696} INFO - Setting next_dagrun for dbt_transform to 2025-11-08T15:30:35.728049+00:00, run_after=2025-11-08T15:35:35.728049+00:00
[2025-11-08T15:33:43.229+0000] {processor.py:179} INFO - Processing /opt/airflow/dags/dbt_dag.py took 0.257 seconds
[2025-11-08T15:34:13.600+0000] {processor.py:157} INFO - Started process (PID=8491) to work on /opt/airflow/dags/dbt_dag.py
[2025-11-08T15:34:13.602+0000] {processor.py:829} INFO - Processing file /opt/airflow/dags/dbt_dag.py for tasks to queue
[2025-11-08T15:34:13.604+0000] {logging_mixin.py:151} INFO - [2025-11-08T15:34:13.604+0000] {dagbag.py:539} INFO - Filling up the DagBag from /opt/airflow/dags/dbt_dag.py
[2025-11-08T15:34:13.651+0000] {processor.py:839} INFO - DAG(s) dict_keys(['dbt_transform']) retrieved from /opt/airflow/dags/dbt_dag.py
[2025-11-08T15:34:13.721+0000] {logging_mixin.py:151} INFO - [2025-11-08T15:34:13.720+0000] {dag.py:2915} INFO - Sync 1 DAGs
[2025-11-08T15:34:13.821+0000] {logging_mixin.py:151} INFO - [2025-11-08T15:34:13.820+0000] {dag.py:3696} INFO - Setting next_dagrun for dbt_transform to 2025-11-08T15:30:35.728049+00:00, run_after=2025-11-08T15:35:35.728049+00:00
[2025-11-08T15:34:13.876+0000] {processor.py:179} INFO - Processing /opt/airflow/dags/dbt_dag.py took 0.286 seconds
[2025-11-08T15:34:44.234+0000] {processor.py:157} INFO - Started process (PID=8496) to work on /opt/airflow/dags/dbt_dag.py
[2025-11-08T15:34:44.237+0000] {processor.py:829} INFO - Processing file /opt/airflow/dags/dbt_dag.py for tasks to queue
[2025-11-08T15:34:44.239+0000] {logging_mixin.py:151} INFO - [2025-11-08T15:34:44.238+0000] {dagbag.py:539} INFO - Filling up the DagBag from /opt/airflow/dags/dbt_dag.py
[2025-11-08T15:34:44.304+0000] {processor.py:839} INFO - DAG(s) dict_keys(['dbt_transform']) retrieved from /opt/airflow/dags/dbt_dag.py
[2025-11-08T15:34:44.381+0000] {logging_mixin.py:151} INFO - [2025-11-08T15:34:44.380+0000] {dag.py:2915} INFO - Sync 1 DAGs
[2025-11-08T15:34:44.442+0000] {logging_mixin.py:151} INFO - [2025-11-08T15:34:44.442+0000] {dag.py:3696} INFO - Setting next_dagrun for dbt_transform to 2025-11-08T15:30:35.728049+00:00, run_after=2025-11-08T15:35:35.728049+00:00
[2025-11-08T15:34:44.501+0000] {processor.py:179} INFO - Processing /opt/airflow/dags/dbt_dag.py took 0.276 seconds
[2025-11-08T15:35:14.918+0000] {processor.py:157} INFO - Started process (PID=8501) to work on /opt/airflow/dags/dbt_dag.py
[2025-11-08T15:35:14.920+0000] {processor.py:829} INFO - Processing file /opt/airflow/dags/dbt_dag.py for tasks to queue
[2025-11-08T15:35:14.924+0000] {logging_mixin.py:151} INFO - [2025-11-08T15:35:14.923+0000] {dagbag.py:539} INFO - Filling up the DagBag from /opt/airflow/dags/dbt_dag.py
[2025-11-08T15:35:14.972+0000] {processor.py:839} INFO - DAG(s) dict_keys(['dbt_transform']) retrieved from /opt/airflow/dags/dbt_dag.py
[2025-11-08T15:35:15.042+0000] {logging_mixin.py:151} INFO - [2025-11-08T15:35:15.042+0000] {dag.py:2915} INFO - Sync 1 DAGs
[2025-11-08T15:35:15.101+0000] {logging_mixin.py:151} INFO - [2025-11-08T15:35:15.100+0000] {dag.py:3696} INFO - Setting next_dagrun for dbt_transform to 2025-11-08T15:30:35.728049+00:00, run_after=2025-11-08T15:35:35.728049+00:00
[2025-11-08T15:35:15.153+0000] {processor.py:179} INFO - Processing /opt/airflow/dags/dbt_dag.py took 0.243 seconds
[2025-11-08T15:35:45.526+0000] {processor.py:157} INFO - Started process (PID=8586) to work on /opt/airflow/dags/dbt_dag.py
[2025-11-08T15:35:45.527+0000] {processor.py:829} INFO - Processing file /opt/airflow/dags/dbt_dag.py for tasks to queue
[2025-11-08T15:35:45.528+0000] {logging_mixin.py:151} INFO - [2025-11-08T15:35:45.528+0000] {dagbag.py:539} INFO - Filling up the DagBag from /opt/airflow/dags/dbt_dag.py
[2025-11-08T15:35:45.565+0000] {processor.py:839} INFO - DAG(s) dict_keys(['dbt_transform']) retrieved from /opt/airflow/dags/dbt_dag.py
[2025-11-08T15:35:45.631+0000] {logging_mixin.py:151} INFO - [2025-11-08T15:35:45.630+0000] {dag.py:2915} INFO - Sync 1 DAGs
[2025-11-08T15:35:45.675+0000] {logging_mixin.py:151} INFO - [2025-11-08T15:35:45.674+0000] {dag.py:3696} INFO - Setting next_dagrun for dbt_transform to 2025-11-08T15:35:44.786606+00:00, run_after=2025-11-08T15:40:44.786606+00:00
[2025-11-08T15:35:45.723+0000] {processor.py:179} INFO - Processing /opt/airflow/dags/dbt_dag.py took 0.204 seconds
[2025-11-08T15:36:15.840+0000] {processor.py:157} INFO - Started process (PID=8658) to work on /opt/airflow/dags/dbt_dag.py
[2025-11-08T15:36:15.842+0000] {processor.py:829} INFO - Processing file /opt/airflow/dags/dbt_dag.py for tasks to queue
[2025-11-08T15:36:15.845+0000] {logging_mixin.py:151} INFO - [2025-11-08T15:36:15.844+0000] {dagbag.py:539} INFO - Filling up the DagBag from /opt/airflow/dags/dbt_dag.py
[2025-11-08T15:36:15.896+0000] {processor.py:839} INFO - DAG(s) dict_keys(['dbt_transform']) retrieved from /opt/airflow/dags/dbt_dag.py
[2025-11-08T15:36:15.963+0000] {logging_mixin.py:151} INFO - [2025-11-08T15:36:15.962+0000] {dag.py:2915} INFO - Sync 1 DAGs
[2025-11-08T15:36:16.011+0000] {logging_mixin.py:151} INFO - [2025-11-08T15:36:16.011+0000] {dag.py:3696} INFO - Setting next_dagrun for dbt_transform to 2025-11-08T15:36:01.072704+00:00, run_after=2025-11-08T15:41:01.072704+00:00
[2025-11-08T15:36:16.060+0000] {processor.py:179} INFO - Processing /opt/airflow/dags/dbt_dag.py took 0.227 seconds
[2025-11-08T15:36:46.394+0000] {processor.py:157} INFO - Started process (PID=8663) to work on /opt/airflow/dags/dbt_dag.py
[2025-11-08T15:36:46.395+0000] {processor.py:829} INFO - Processing file /opt/airflow/dags/dbt_dag.py for tasks to queue
[2025-11-08T15:36:46.396+0000] {logging_mixin.py:151} INFO - [2025-11-08T15:36:46.396+0000] {dagbag.py:539} INFO - Filling up the DagBag from /opt/airflow/dags/dbt_dag.py
[2025-11-08T15:36:46.430+0000] {processor.py:839} INFO - DAG(s) dict_keys(['dbt_transform']) retrieved from /opt/airflow/dags/dbt_dag.py
[2025-11-08T15:36:46.481+0000] {logging_mixin.py:151} INFO - [2025-11-08T15:36:46.480+0000] {dag.py:2915} INFO - Sync 1 DAGs
[2025-11-08T15:36:46.519+0000] {logging_mixin.py:151} INFO - [2025-11-08T15:36:46.519+0000] {dag.py:3696} INFO - Setting next_dagrun for dbt_transform to 2025-11-08T15:36:01.072704+00:00, run_after=2025-11-08T15:41:01.072704+00:00
[2025-11-08T15:36:46.558+0000] {processor.py:179} INFO - Processing /opt/airflow/dags/dbt_dag.py took 0.170 seconds
[2025-11-08T15:37:16.721+0000] {processor.py:157} INFO - Started process (PID=8668) to work on /opt/airflow/dags/dbt_dag.py
[2025-11-08T15:37:16.722+0000] {processor.py:829} INFO - Processing file /opt/airflow/dags/dbt_dag.py for tasks to queue
[2025-11-08T15:37:16.724+0000] {logging_mixin.py:151} INFO - [2025-11-08T15:37:16.723+0000] {dagbag.py:539} INFO - Filling up the DagBag from /opt/airflow/dags/dbt_dag.py
[2025-11-08T15:37:16.765+0000] {processor.py:839} INFO - DAG(s) dict_keys(['dbt_transform']) retrieved from /opt/airflow/dags/dbt_dag.py
[2025-11-08T15:37:16.828+0000] {logging_mixin.py:151} INFO - [2025-11-08T15:37:16.827+0000] {dag.py:2915} INFO - Sync 1 DAGs
[2025-11-08T15:37:16.890+0000] {logging_mixin.py:151} INFO - [2025-11-08T15:37:16.890+0000] {dag.py:3696} INFO - Setting next_dagrun for dbt_transform to 2025-11-08T15:36:01.072704+00:00, run_after=2025-11-08T15:41:01.072704+00:00
[2025-11-08T15:37:16.952+0000] {processor.py:179} INFO - Processing /opt/airflow/dags/dbt_dag.py took 0.238 seconds
[2025-11-08T15:37:47.158+0000] {processor.py:157} INFO - Started process (PID=8673) to work on /opt/airflow/dags/dbt_dag.py
[2025-11-08T15:37:47.159+0000] {processor.py:829} INFO - Processing file /opt/airflow/dags/dbt_dag.py for tasks to queue
[2025-11-08T15:37:47.161+0000] {logging_mixin.py:151} INFO - [2025-11-08T15:37:47.160+0000] {dagbag.py:539} INFO - Filling up the DagBag from /opt/airflow/dags/dbt_dag.py
[2025-11-08T15:37:47.201+0000] {processor.py:839} INFO - DAG(s) dict_keys(['dbt_transform']) retrieved from /opt/airflow/dags/dbt_dag.py
[2025-11-08T15:37:47.256+0000] {logging_mixin.py:151} INFO - [2025-11-08T15:37:47.256+0000] {dag.py:2915} INFO - Sync 1 DAGs
[2025-11-08T15:37:47.296+0000] {logging_mixin.py:151} INFO - [2025-11-08T15:37:47.296+0000] {dag.py:3696} INFO - Setting next_dagrun for dbt_transform to 2025-11-08T15:36:01.072704+00:00, run_after=2025-11-08T15:41:01.072704+00:00
[2025-11-08T15:37:47.333+0000] {processor.py:179} INFO - Processing /opt/airflow/dags/dbt_dag.py took 0.182 seconds
[2025-11-08T15:38:17.542+0000] {processor.py:157} INFO - Started process (PID=8678) to work on /opt/airflow/dags/dbt_dag.py
[2025-11-08T15:38:17.544+0000] {processor.py:829} INFO - Processing file /opt/airflow/dags/dbt_dag.py for tasks to queue
[2025-11-08T15:38:17.547+0000] {logging_mixin.py:151} INFO - [2025-11-08T15:38:17.546+0000] {dagbag.py:539} INFO - Filling up the DagBag from /opt/airflow/dags/dbt_dag.py
[2025-11-08T15:38:17.602+0000] {processor.py:839} INFO - DAG(s) dict_keys(['dbt_transform']) retrieved from /opt/airflow/dags/dbt_dag.py
[2025-11-08T15:38:17.668+0000] {logging_mixin.py:151} INFO - [2025-11-08T15:38:17.668+0000] {dag.py:2915} INFO - Sync 1 DAGs
[2025-11-08T15:38:17.772+0000] {logging_mixin.py:151} INFO - [2025-11-08T15:38:17.772+0000] {dag.py:3696} INFO - Setting next_dagrun for dbt_transform to 2025-11-08T15:36:01.072704+00:00, run_after=2025-11-08T15:41:01.072704+00:00
[2025-11-08T15:38:17.823+0000] {processor.py:179} INFO - Processing /opt/airflow/dags/dbt_dag.py took 0.292 seconds
[2025-11-08T15:38:47.932+0000] {processor.py:157} INFO - Started process (PID=8683) to work on /opt/airflow/dags/dbt_dag.py
[2025-11-08T15:38:47.934+0000] {processor.py:829} INFO - Processing file /opt/airflow/dags/dbt_dag.py for tasks to queue
[2025-11-08T15:38:47.936+0000] {logging_mixin.py:151} INFO - [2025-11-08T15:38:47.935+0000] {dagbag.py:539} INFO - Filling up the DagBag from /opt/airflow/dags/dbt_dag.py
[2025-11-08T15:38:47.972+0000] {processor.py:839} INFO - DAG(s) dict_keys(['dbt_transform']) retrieved from /opt/airflow/dags/dbt_dag.py
[2025-11-08T15:38:48.022+0000] {logging_mixin.py:151} INFO - [2025-11-08T15:38:48.022+0000] {dag.py:2915} INFO - Sync 1 DAGs
[2025-11-08T15:38:48.063+0000] {logging_mixin.py:151} INFO - [2025-11-08T15:38:48.062+0000] {dag.py:3696} INFO - Setting next_dagrun for dbt_transform to 2025-11-08T15:36:01.072704+00:00, run_after=2025-11-08T15:41:01.072704+00:00
[2025-11-08T15:38:48.097+0000] {processor.py:179} INFO - Processing /opt/airflow/dags/dbt_dag.py took 0.171 seconds
[2025-11-08T15:39:18.421+0000] {processor.py:157} INFO - Started process (PID=8688) to work on /opt/airflow/dags/dbt_dag.py
[2025-11-08T15:39:18.423+0000] {processor.py:829} INFO - Processing file /opt/airflow/dags/dbt_dag.py for tasks to queue
[2025-11-08T15:39:18.426+0000] {logging_mixin.py:151} INFO - [2025-11-08T15:39:18.425+0000] {dagbag.py:539} INFO - Filling up the DagBag from /opt/airflow/dags/dbt_dag.py
[2025-11-08T15:39:18.472+0000] {processor.py:839} INFO - DAG(s) dict_keys(['dbt_transform']) retrieved from /opt/airflow/dags/dbt_dag.py
[2025-11-08T15:39:18.536+0000] {logging_mixin.py:151} INFO - [2025-11-08T15:39:18.536+0000] {dag.py:2915} INFO - Sync 1 DAGs
[2025-11-08T15:39:18.592+0000] {logging_mixin.py:151} INFO - [2025-11-08T15:39:18.592+0000] {dag.py:3696} INFO - Setting next_dagrun for dbt_transform to 2025-11-08T15:36:01.072704+00:00, run_after=2025-11-08T15:41:01.072704+00:00
[2025-11-08T15:39:18.640+0000] {processor.py:179} INFO - Processing /opt/airflow/dags/dbt_dag.py took 0.225 seconds
[2025-11-08T15:39:48.705+0000] {processor.py:157} INFO - Started process (PID=8693) to work on /opt/airflow/dags/dbt_dag.py
[2025-11-08T15:39:48.706+0000] {processor.py:829} INFO - Processing file /opt/airflow/dags/dbt_dag.py for tasks to queue
[2025-11-08T15:39:48.707+0000] {logging_mixin.py:151} INFO - [2025-11-08T15:39:48.707+0000] {dagbag.py:539} INFO - Filling up the DagBag from /opt/airflow/dags/dbt_dag.py
[2025-11-08T15:39:48.733+0000] {processor.py:839} INFO - DAG(s) dict_keys(['dbt_transform']) retrieved from /opt/airflow/dags/dbt_dag.py
[2025-11-08T15:39:48.782+0000] {logging_mixin.py:151} INFO - [2025-11-08T15:39:48.781+0000] {dag.py:2915} INFO - Sync 1 DAGs
[2025-11-08T15:39:48.818+0000] {logging_mixin.py:151} INFO - [2025-11-08T15:39:48.818+0000] {dag.py:3696} INFO - Setting next_dagrun for dbt_transform to 2025-11-08T15:36:01.072704+00:00, run_after=2025-11-08T15:41:01.072704+00:00
[2025-11-08T15:39:48.856+0000] {processor.py:179} INFO - Processing /opt/airflow/dags/dbt_dag.py took 0.156 seconds
[2025-11-08T15:40:19.035+0000] {processor.py:157} INFO - Started process (PID=8698) to work on /opt/airflow/dags/dbt_dag.py
[2025-11-08T15:40:19.036+0000] {processor.py:829} INFO - Processing file /opt/airflow/dags/dbt_dag.py for tasks to queue
[2025-11-08T15:40:19.039+0000] {logging_mixin.py:151} INFO - [2025-11-08T15:40:19.038+0000] {dagbag.py:539} INFO - Filling up the DagBag from /opt/airflow/dags/dbt_dag.py
[2025-11-08T15:40:19.076+0000] {processor.py:839} INFO - DAG(s) dict_keys(['dbt_transform']) retrieved from /opt/airflow/dags/dbt_dag.py
[2025-11-08T15:40:19.129+0000] {logging_mixin.py:151} INFO - [2025-11-08T15:40:19.129+0000] {dag.py:2915} INFO - Sync 1 DAGs
[2025-11-08T15:40:19.181+0000] {logging_mixin.py:151} INFO - [2025-11-08T15:40:19.181+0000] {dag.py:3696} INFO - Setting next_dagrun for dbt_transform to 2025-11-08T15:36:01.072704+00:00, run_after=2025-11-08T15:41:01.072704+00:00
[2025-11-08T15:40:19.216+0000] {processor.py:179} INFO - Processing /opt/airflow/dags/dbt_dag.py took 0.187 seconds
[2025-11-08T15:40:49.489+0000] {processor.py:157} INFO - Started process (PID=8704) to work on /opt/airflow/dags/dbt_dag.py
[2025-11-08T15:40:49.491+0000] {processor.py:829} INFO - Processing file /opt/airflow/dags/dbt_dag.py for tasks to queue
[2025-11-08T15:40:49.494+0000] {logging_mixin.py:151} INFO - [2025-11-08T15:40:49.493+0000] {dagbag.py:539} INFO - Filling up the DagBag from /opt/airflow/dags/dbt_dag.py
[2025-11-08T15:40:49.545+0000] {processor.py:839} INFO - DAG(s) dict_keys(['dbt_transform']) retrieved from /opt/airflow/dags/dbt_dag.py
[2025-11-08T15:40:49.624+0000] {logging_mixin.py:151} INFO - [2025-11-08T15:40:49.623+0000] {dag.py:2915} INFO - Sync 1 DAGs
[2025-11-08T15:40:49.689+0000] {logging_mixin.py:151} INFO - [2025-11-08T15:40:49.688+0000] {dag.py:3696} INFO - Setting next_dagrun for dbt_transform to 2025-11-08T15:36:01.072704+00:00, run_after=2025-11-08T15:41:01.072704+00:00
[2025-11-08T15:40:49.737+0000] {processor.py:179} INFO - Processing /opt/airflow/dags/dbt_dag.py took 0.262 seconds
[2025-11-08T15:41:20.064+0000] {processor.py:157} INFO - Started process (PID=8839) to work on /opt/airflow/dags/dbt_dag.py
[2025-11-08T15:41:20.065+0000] {processor.py:829} INFO - Processing file /opt/airflow/dags/dbt_dag.py for tasks to queue
[2025-11-08T15:41:20.067+0000] {logging_mixin.py:151} INFO - [2025-11-08T15:41:20.066+0000] {dagbag.py:539} INFO - Filling up the DagBag from /opt/airflow/dags/dbt_dag.py
[2025-11-08T15:41:20.113+0000] {processor.py:839} INFO - DAG(s) dict_keys(['dbt_transform']) retrieved from /opt/airflow/dags/dbt_dag.py
[2025-11-08T15:41:20.178+0000] {logging_mixin.py:151} INFO - [2025-11-08T15:41:20.177+0000] {dag.py:2915} INFO - Sync 1 DAGs
[2025-11-08T15:41:20.225+0000] {logging_mixin.py:151} INFO - [2025-11-08T15:41:20.224+0000] {dag.py:3696} INFO - Setting next_dagrun for dbt_transform to 2025-11-08T15:41:10.700115+00:00, run_after=2025-11-08T15:46:10.700115+00:00
[2025-11-08T15:41:20.264+0000] {processor.py:179} INFO - Processing /opt/airflow/dags/dbt_dag.py took 0.208 seconds
[2025-11-08T15:41:50.708+0000] {processor.py:157} INFO - Started process (PID=8857) to work on /opt/airflow/dags/dbt_dag.py
[2025-11-08T15:41:50.709+0000] {processor.py:829} INFO - Processing file /opt/airflow/dags/dbt_dag.py for tasks to queue
[2025-11-08T15:41:50.711+0000] {logging_mixin.py:151} INFO - [2025-11-08T15:41:50.711+0000] {dagbag.py:539} INFO - Filling up the DagBag from /opt/airflow/dags/dbt_dag.py
[2025-11-08T15:41:50.749+0000] {processor.py:839} INFO - DAG(s) dict_keys(['dbt_transform']) retrieved from /opt/airflow/dags/dbt_dag.py
[2025-11-08T15:41:50.816+0000] {logging_mixin.py:151} INFO - [2025-11-08T15:41:50.816+0000] {dag.py:2915} INFO - Sync 1 DAGs
[2025-11-08T15:41:50.867+0000] {logging_mixin.py:151} INFO - [2025-11-08T15:41:50.866+0000] {dag.py:3696} INFO - Setting next_dagrun for dbt_transform to 2025-11-08T15:41:27.240883+00:00, run_after=2025-11-08T15:46:27.240883+00:00
[2025-11-08T15:41:50.917+0000] {processor.py:179} INFO - Processing /opt/airflow/dags/dbt_dag.py took 0.217 seconds
[2025-11-08T15:42:21.038+0000] {processor.py:157} INFO - Started process (PID=8862) to work on /opt/airflow/dags/dbt_dag.py
[2025-11-08T15:42:21.041+0000] {processor.py:829} INFO - Processing file /opt/airflow/dags/dbt_dag.py for tasks to queue
[2025-11-08T15:42:21.043+0000] {logging_mixin.py:151} INFO - [2025-11-08T15:42:21.042+0000] {dagbag.py:539} INFO - Filling up the DagBag from /opt/airflow/dags/dbt_dag.py
[2025-11-08T15:42:21.093+0000] {processor.py:839} INFO - DAG(s) dict_keys(['dbt_transform']) retrieved from /opt/airflow/dags/dbt_dag.py
[2025-11-08T15:42:21.168+0000] {logging_mixin.py:151} INFO - [2025-11-08T15:42:21.167+0000] {dag.py:2915} INFO - Sync 1 DAGs
[2025-11-08T15:42:21.226+0000] {logging_mixin.py:151} INFO - [2025-11-08T15:42:21.225+0000] {dag.py:3696} INFO - Setting next_dagrun for dbt_transform to 2025-11-08T15:41:27.240883+00:00, run_after=2025-11-08T15:46:27.240883+00:00
[2025-11-08T15:42:21.282+0000] {processor.py:179} INFO - Processing /opt/airflow/dags/dbt_dag.py took 0.255 seconds
[2025-11-08T15:42:51.583+0000] {processor.py:157} INFO - Started process (PID=8867) to work on /opt/airflow/dags/dbt_dag.py
[2025-11-08T15:42:51.585+0000] {processor.py:829} INFO - Processing file /opt/airflow/dags/dbt_dag.py for tasks to queue
[2025-11-08T15:42:51.588+0000] {logging_mixin.py:151} INFO - [2025-11-08T15:42:51.587+0000] {dagbag.py:539} INFO - Filling up the DagBag from /opt/airflow/dags/dbt_dag.py
[2025-11-08T15:42:51.643+0000] {processor.py:839} INFO - DAG(s) dict_keys(['dbt_transform']) retrieved from /opt/airflow/dags/dbt_dag.py
[2025-11-08T15:42:51.719+0000] {logging_mixin.py:151} INFO - [2025-11-08T15:42:51.719+0000] {dag.py:2915} INFO - Sync 1 DAGs
[2025-11-08T15:42:51.773+0000] {logging_mixin.py:151} INFO - [2025-11-08T15:42:51.773+0000] {dag.py:3696} INFO - Setting next_dagrun for dbt_transform to 2025-11-08T15:41:27.240883+00:00, run_after=2025-11-08T15:46:27.240883+00:00
[2025-11-08T15:42:51.808+0000] {processor.py:179} INFO - Processing /opt/airflow/dags/dbt_dag.py took 0.235 seconds
[2025-11-08T15:43:22.009+0000] {processor.py:157} INFO - Started process (PID=8872) to work on /opt/airflow/dags/dbt_dag.py
[2025-11-08T15:43:22.010+0000] {processor.py:829} INFO - Processing file /opt/airflow/dags/dbt_dag.py for tasks to queue
[2025-11-08T15:43:22.011+0000] {logging_mixin.py:151} INFO - [2025-11-08T15:43:22.011+0000] {dagbag.py:539} INFO - Filling up the DagBag from /opt/airflow/dags/dbt_dag.py
[2025-11-08T15:43:22.037+0000] {processor.py:839} INFO - DAG(s) dict_keys(['dbt_transform']) retrieved from /opt/airflow/dags/dbt_dag.py
[2025-11-08T15:43:22.071+0000] {logging_mixin.py:151} INFO - [2025-11-08T15:43:22.071+0000] {dag.py:2915} INFO - Sync 1 DAGs
[2025-11-08T15:43:22.095+0000] {logging_mixin.py:151} INFO - [2025-11-08T15:43:22.095+0000] {dag.py:3696} INFO - Setting next_dagrun for dbt_transform to 2025-11-08T15:41:27.240883+00:00, run_after=2025-11-08T15:46:27.240883+00:00
[2025-11-08T15:43:22.121+0000] {processor.py:179} INFO - Processing /opt/airflow/dags/dbt_dag.py took 0.116 seconds
[2025-11-08T15:43:52.289+0000] {processor.py:157} INFO - Started process (PID=8877) to work on /opt/airflow/dags/dbt_dag.py
[2025-11-08T15:43:52.291+0000] {processor.py:829} INFO - Processing file /opt/airflow/dags/dbt_dag.py for tasks to queue
[2025-11-08T15:43:52.292+0000] {logging_mixin.py:151} INFO - [2025-11-08T15:43:52.292+0000] {dagbag.py:539} INFO - Filling up the DagBag from /opt/airflow/dags/dbt_dag.py
[2025-11-08T15:43:52.338+0000] {processor.py:839} INFO - DAG(s) dict_keys(['dbt_transform']) retrieved from /opt/airflow/dags/dbt_dag.py
[2025-11-08T15:43:52.411+0000] {logging_mixin.py:151} INFO - [2025-11-08T15:43:52.410+0000] {dag.py:2915} INFO - Sync 1 DAGs
[2025-11-08T15:43:52.490+0000] {logging_mixin.py:151} INFO - [2025-11-08T15:43:52.489+0000] {dag.py:3696} INFO - Setting next_dagrun for dbt_transform to 2025-11-08T15:41:27.240883+00:00, run_after=2025-11-08T15:46:27.240883+00:00
[2025-11-08T15:43:52.542+0000] {processor.py:179} INFO - Processing /opt/airflow/dags/dbt_dag.py took 0.264 seconds
[2025-11-08T15:44:22.669+0000] {processor.py:157} INFO - Started process (PID=8882) to work on /opt/airflow/dags/dbt_dag.py
[2025-11-08T15:44:22.671+0000] {processor.py:829} INFO - Processing file /opt/airflow/dags/dbt_dag.py for tasks to queue
[2025-11-08T15:44:22.674+0000] {logging_mixin.py:151} INFO - [2025-11-08T15:44:22.672+0000] {dagbag.py:539} INFO - Filling up the DagBag from /opt/airflow/dags/dbt_dag.py
[2025-11-08T15:44:22.710+0000] {processor.py:839} INFO - DAG(s) dict_keys(['dbt_transform']) retrieved from /opt/airflow/dags/dbt_dag.py
[2025-11-08T15:44:22.760+0000] {logging_mixin.py:151} INFO - [2025-11-08T15:44:22.759+0000] {dag.py:2915} INFO - Sync 1 DAGs
[2025-11-08T15:44:22.797+0000] {logging_mixin.py:151} INFO - [2025-11-08T15:44:22.797+0000] {dag.py:3696} INFO - Setting next_dagrun for dbt_transform to 2025-11-08T15:41:27.240883+00:00, run_after=2025-11-08T15:46:27.240883+00:00
[2025-11-08T15:44:22.844+0000] {processor.py:179} INFO - Processing /opt/airflow/dags/dbt_dag.py took 0.181 seconds
[2025-11-08T15:44:53.179+0000] {processor.py:157} INFO - Started process (PID=8887) to work on /opt/airflow/dags/dbt_dag.py
[2025-11-08T15:44:53.181+0000] {processor.py:829} INFO - Processing file /opt/airflow/dags/dbt_dag.py for tasks to queue
[2025-11-08T15:44:53.183+0000] {logging_mixin.py:151} INFO - [2025-11-08T15:44:53.182+0000] {dagbag.py:539} INFO - Filling up the DagBag from /opt/airflow/dags/dbt_dag.py
[2025-11-08T15:44:53.225+0000] {processor.py:839} INFO - DAG(s) dict_keys(['dbt_transform']) retrieved from /opt/airflow/dags/dbt_dag.py
[2025-11-08T15:44:53.297+0000] {logging_mixin.py:151} INFO - [2025-11-08T15:44:53.296+0000] {dag.py:2915} INFO - Sync 1 DAGs
[2025-11-08T15:44:53.349+0000] {logging_mixin.py:151} INFO - [2025-11-08T15:44:53.348+0000] {dag.py:3696} INFO - Setting next_dagrun for dbt_transform to 2025-11-08T15:41:27.240883+00:00, run_after=2025-11-08T15:46:27.240883+00:00
[2025-11-08T15:44:53.400+0000] {processor.py:179} INFO - Processing /opt/airflow/dags/dbt_dag.py took 0.229 seconds
[2025-11-08T15:45:23.741+0000] {processor.py:157} INFO - Started process (PID=8892) to work on /opt/airflow/dags/dbt_dag.py
[2025-11-08T15:45:23.743+0000] {processor.py:829} INFO - Processing file /opt/airflow/dags/dbt_dag.py for tasks to queue
[2025-11-08T15:45:23.745+0000] {logging_mixin.py:151} INFO - [2025-11-08T15:45:23.744+0000] {dagbag.py:539} INFO - Filling up the DagBag from /opt/airflow/dags/dbt_dag.py
[2025-11-08T15:45:23.782+0000] {processor.py:839} INFO - DAG(s) dict_keys(['dbt_transform']) retrieved from /opt/airflow/dags/dbt_dag.py
[2025-11-08T15:45:23.875+0000] {logging_mixin.py:151} INFO - [2025-11-08T15:45:23.874+0000] {dag.py:2915} INFO - Sync 1 DAGs
[2025-11-08T15:45:23.948+0000] {logging_mixin.py:151} INFO - [2025-11-08T15:45:23.948+0000] {dag.py:3696} INFO - Setting next_dagrun for dbt_transform to 2025-11-08T15:41:27.240883+00:00, run_after=2025-11-08T15:46:27.240883+00:00
[2025-11-08T15:45:24.010+0000] {processor.py:179} INFO - Processing /opt/airflow/dags/dbt_dag.py took 0.276 seconds
[2025-11-08T15:45:54.354+0000] {processor.py:157} INFO - Started process (PID=8897) to work on /opt/airflow/dags/dbt_dag.py
[2025-11-08T15:45:54.356+0000] {processor.py:829} INFO - Processing file /opt/airflow/dags/dbt_dag.py for tasks to queue
[2025-11-08T15:45:54.358+0000] {logging_mixin.py:151} INFO - [2025-11-08T15:45:54.358+0000] {dagbag.py:539} INFO - Filling up the DagBag from /opt/airflow/dags/dbt_dag.py
[2025-11-08T15:45:54.388+0000] {processor.py:839} INFO - DAG(s) dict_keys(['dbt_transform']) retrieved from /opt/airflow/dags/dbt_dag.py
[2025-11-08T15:45:54.441+0000] {logging_mixin.py:151} INFO - [2025-11-08T15:45:54.440+0000] {dag.py:2915} INFO - Sync 1 DAGs
[2025-11-08T15:45:54.478+0000] {logging_mixin.py:151} INFO - [2025-11-08T15:45:54.477+0000] {dag.py:3696} INFO - Setting next_dagrun for dbt_transform to 2025-11-08T15:41:27.240883+00:00, run_after=2025-11-08T15:46:27.240883+00:00
[2025-11-08T15:45:54.519+0000] {processor.py:179} INFO - Processing /opt/airflow/dags/dbt_dag.py took 0.172 seconds
[2025-11-08T15:46:24.645+0000] {processor.py:157} INFO - Started process (PID=8946) to work on /opt/airflow/dags/dbt_dag.py
[2025-11-08T15:46:24.648+0000] {processor.py:829} INFO - Processing file /opt/airflow/dags/dbt_dag.py for tasks to queue
[2025-11-08T15:46:24.650+0000] {logging_mixin.py:151} INFO - [2025-11-08T15:46:24.649+0000] {dagbag.py:539} INFO - Filling up the DagBag from /opt/airflow/dags/dbt_dag.py
[2025-11-08T15:46:24.691+0000] {processor.py:839} INFO - DAG(s) dict_keys(['dbt_transform']) retrieved from /opt/airflow/dags/dbt_dag.py
[2025-11-08T15:46:24.745+0000] {logging_mixin.py:151} INFO - [2025-11-08T15:46:24.745+0000] {dag.py:2915} INFO - Sync 1 DAGs
[2025-11-08T15:46:24.786+0000] {logging_mixin.py:151} INFO - [2025-11-08T15:46:24.786+0000] {dag.py:3696} INFO - Setting next_dagrun for dbt_transform to 2025-11-08T15:46:24.158371+00:00, run_after=2025-11-08T15:51:24.158371+00:00
[2025-11-08T15:46:24.827+0000] {processor.py:179} INFO - Processing /opt/airflow/dags/dbt_dag.py took 0.189 seconds
[2025-11-08T15:46:55.200+0000] {processor.py:157} INFO - Started process (PID=9018) to work on /opt/airflow/dags/dbt_dag.py
[2025-11-08T15:46:55.202+0000] {processor.py:829} INFO - Processing file /opt/airflow/dags/dbt_dag.py for tasks to queue
[2025-11-08T15:46:55.204+0000] {logging_mixin.py:151} INFO - [2025-11-08T15:46:55.203+0000] {dagbag.py:539} INFO - Filling up the DagBag from /opt/airflow/dags/dbt_dag.py
[2025-11-08T15:46:55.252+0000] {processor.py:839} INFO - DAG(s) dict_keys(['dbt_transform']) retrieved from /opt/airflow/dags/dbt_dag.py
[2025-11-08T15:46:55.318+0000] {logging_mixin.py:151} INFO - [2025-11-08T15:46:55.318+0000] {dag.py:2915} INFO - Sync 1 DAGs
[2025-11-08T15:46:55.367+0000] {logging_mixin.py:151} INFO - [2025-11-08T15:46:55.366+0000] {dag.py:3696} INFO - Setting next_dagrun for dbt_transform to 2025-11-08T15:46:34.758039+00:00, run_after=2025-11-08T15:51:34.758039+00:00
[2025-11-08T15:46:55.409+0000] {processor.py:179} INFO - Processing /opt/airflow/dags/dbt_dag.py took 0.215 seconds
[2025-11-08T15:47:25.559+0000] {processor.py:157} INFO - Started process (PID=9037) to work on /opt/airflow/dags/dbt_dag.py
[2025-11-08T15:47:25.561+0000] {processor.py:829} INFO - Processing file /opt/airflow/dags/dbt_dag.py for tasks to queue
[2025-11-08T15:47:25.565+0000] {logging_mixin.py:151} INFO - [2025-11-08T15:47:25.564+0000] {dagbag.py:539} INFO - Filling up the DagBag from /opt/airflow/dags/dbt_dag.py
[2025-11-08T15:47:25.639+0000] {processor.py:839} INFO - DAG(s) dict_keys(['dbt_transform']) retrieved from /opt/airflow/dags/dbt_dag.py
[2025-11-08T15:47:25.721+0000] {logging_mixin.py:151} INFO - [2025-11-08T15:47:25.720+0000] {dag.py:2915} INFO - Sync 1 DAGs
[2025-11-08T15:47:25.768+0000] {logging_mixin.py:151} INFO - [2025-11-08T15:47:25.767+0000] {dag.py:3696} INFO - Setting next_dagrun for dbt_transform to 2025-11-08T15:46:56.426677+00:00, run_after=2025-11-08T15:51:56.426677+00:00
[2025-11-08T15:47:25.810+0000] {processor.py:179} INFO - Processing /opt/airflow/dags/dbt_dag.py took 0.264 seconds
[2025-11-08T15:47:56.061+0000] {processor.py:157} INFO - Started process (PID=9042) to work on /opt/airflow/dags/dbt_dag.py
[2025-11-08T15:47:56.063+0000] {processor.py:829} INFO - Processing file /opt/airflow/dags/dbt_dag.py for tasks to queue
[2025-11-08T15:47:56.065+0000] {logging_mixin.py:151} INFO - [2025-11-08T15:47:56.064+0000] {dagbag.py:539} INFO - Filling up the DagBag from /opt/airflow/dags/dbt_dag.py
[2025-11-08T15:47:56.113+0000] {processor.py:839} INFO - DAG(s) dict_keys(['dbt_transform']) retrieved from /opt/airflow/dags/dbt_dag.py
[2025-11-08T15:47:56.191+0000] {logging_mixin.py:151} INFO - [2025-11-08T15:47:56.191+0000] {dag.py:2915} INFO - Sync 1 DAGs
[2025-11-08T15:47:56.269+0000] {logging_mixin.py:151} INFO - [2025-11-08T15:47:56.268+0000] {dag.py:3696} INFO - Setting next_dagrun for dbt_transform to 2025-11-08T15:46:56.426677+00:00, run_after=2025-11-08T15:51:56.426677+00:00
[2025-11-08T15:47:56.330+0000] {processor.py:179} INFO - Processing /opt/airflow/dags/dbt_dag.py took 0.277 seconds
[2025-11-08T15:48:26.406+0000] {processor.py:157} INFO - Started process (PID=9047) to work on /opt/airflow/dags/dbt_dag.py
[2025-11-08T15:48:26.407+0000] {processor.py:829} INFO - Processing file /opt/airflow/dags/dbt_dag.py for tasks to queue
[2025-11-08T15:48:26.408+0000] {logging_mixin.py:151} INFO - [2025-11-08T15:48:26.408+0000] {dagbag.py:539} INFO - Filling up the DagBag from /opt/airflow/dags/dbt_dag.py
[2025-11-08T15:48:26.439+0000] {processor.py:839} INFO - DAG(s) dict_keys(['dbt_transform']) retrieved from /opt/airflow/dags/dbt_dag.py
[2025-11-08T15:48:26.490+0000] {logging_mixin.py:151} INFO - [2025-11-08T15:48:26.490+0000] {dag.py:2915} INFO - Sync 1 DAGs
[2025-11-08T15:48:26.529+0000] {logging_mixin.py:151} INFO - [2025-11-08T15:48:26.529+0000] {dag.py:3696} INFO - Setting next_dagrun for dbt_transform to 2025-11-08T15:46:56.426677+00:00, run_after=2025-11-08T15:51:56.426677+00:00
[2025-11-08T15:48:26.565+0000] {processor.py:179} INFO - Processing /opt/airflow/dags/dbt_dag.py took 0.164 seconds
[2025-11-08T15:48:56.726+0000] {processor.py:157} INFO - Started process (PID=9052) to work on /opt/airflow/dags/dbt_dag.py
[2025-11-08T15:48:56.729+0000] {processor.py:829} INFO - Processing file /opt/airflow/dags/dbt_dag.py for tasks to queue
[2025-11-08T15:48:56.732+0000] {logging_mixin.py:151} INFO - [2025-11-08T15:48:56.731+0000] {dagbag.py:539} INFO - Filling up the DagBag from /opt/airflow/dags/dbt_dag.py
[2025-11-08T15:48:56.781+0000] {processor.py:839} INFO - DAG(s) dict_keys(['dbt_transform']) retrieved from /opt/airflow/dags/dbt_dag.py
[2025-11-08T15:48:56.838+0000] {logging_mixin.py:151} INFO - [2025-11-08T15:48:56.837+0000] {dag.py:2915} INFO - Sync 1 DAGs
[2025-11-08T15:48:56.879+0000] {logging_mixin.py:151} INFO - [2025-11-08T15:48:56.878+0000] {dag.py:3696} INFO - Setting next_dagrun for dbt_transform to 2025-11-08T15:46:56.426677+00:00, run_after=2025-11-08T15:51:56.426677+00:00
[2025-11-08T15:48:56.925+0000] {processor.py:179} INFO - Processing /opt/airflow/dags/dbt_dag.py took 0.210 seconds
[2025-11-08T15:49:27.244+0000] {processor.py:157} INFO - Started process (PID=9057) to work on /opt/airflow/dags/dbt_dag.py
[2025-11-08T15:49:27.246+0000] {processor.py:829} INFO - Processing file /opt/airflow/dags/dbt_dag.py for tasks to queue
[2025-11-08T15:49:27.248+0000] {logging_mixin.py:151} INFO - [2025-11-08T15:49:27.248+0000] {dagbag.py:539} INFO - Filling up the DagBag from /opt/airflow/dags/dbt_dag.py
[2025-11-08T15:49:27.300+0000] {processor.py:839} INFO - DAG(s) dict_keys(['dbt_transform']) retrieved from /opt/airflow/dags/dbt_dag.py
[2025-11-08T15:49:27.368+0000] {logging_mixin.py:151} INFO - [2025-11-08T15:49:27.367+0000] {dag.py:2915} INFO - Sync 1 DAGs
[2025-11-08T15:49:27.424+0000] {logging_mixin.py:151} INFO - [2025-11-08T15:49:27.423+0000] {dag.py:3696} INFO - Setting next_dagrun for dbt_transform to 2025-11-08T15:46:56.426677+00:00, run_after=2025-11-08T15:51:56.426677+00:00
[2025-11-08T15:49:27.484+0000] {processor.py:179} INFO - Processing /opt/airflow/dags/dbt_dag.py took 0.247 seconds
[2025-11-08T15:49:57.845+0000] {processor.py:157} INFO - Started process (PID=9062) to work on /opt/airflow/dags/dbt_dag.py
[2025-11-08T15:49:57.847+0000] {processor.py:829} INFO - Processing file /opt/airflow/dags/dbt_dag.py for tasks to queue
[2025-11-08T15:49:57.849+0000] {logging_mixin.py:151} INFO - [2025-11-08T15:49:57.848+0000] {dagbag.py:539} INFO - Filling up the DagBag from /opt/airflow/dags/dbt_dag.py
[2025-11-08T15:49:57.897+0000] {processor.py:839} INFO - DAG(s) dict_keys(['dbt_transform']) retrieved from /opt/airflow/dags/dbt_dag.py
[2025-11-08T15:49:57.984+0000] {logging_mixin.py:151} INFO - [2025-11-08T15:49:57.983+0000] {dag.py:2915} INFO - Sync 1 DAGs
[2025-11-08T15:49:58.056+0000] {logging_mixin.py:151} INFO - [2025-11-08T15:49:58.055+0000] {dag.py:3696} INFO - Setting next_dagrun for dbt_transform to 2025-11-08T15:46:56.426677+00:00, run_after=2025-11-08T15:51:56.426677+00:00
[2025-11-08T15:49:58.128+0000] {processor.py:179} INFO - Processing /opt/airflow/dags/dbt_dag.py took 0.292 seconds
[2025-11-08T15:50:28.505+0000] {processor.py:157} INFO - Started process (PID=9067) to work on /opt/airflow/dags/dbt_dag.py
[2025-11-08T15:50:28.511+0000] {processor.py:829} INFO - Processing file /opt/airflow/dags/dbt_dag.py for tasks to queue
[2025-11-08T15:50:28.515+0000] {logging_mixin.py:151} INFO - [2025-11-08T15:50:28.514+0000] {dagbag.py:539} INFO - Filling up the DagBag from /opt/airflow/dags/dbt_dag.py
[2025-11-08T15:50:28.563+0000] {processor.py:839} INFO - DAG(s) dict_keys(['dbt_transform']) retrieved from /opt/airflow/dags/dbt_dag.py
[2025-11-08T15:50:28.635+0000] {logging_mixin.py:151} INFO - [2025-11-08T15:50:28.634+0000] {dag.py:2915} INFO - Sync 1 DAGs
[2025-11-08T15:50:28.690+0000] {logging_mixin.py:151} INFO - [2025-11-08T15:50:28.689+0000] {dag.py:3696} INFO - Setting next_dagrun for dbt_transform to 2025-11-08T15:46:56.426677+00:00, run_after=2025-11-08T15:51:56.426677+00:00
[2025-11-08T15:50:28.742+0000] {processor.py:179} INFO - Processing /opt/airflow/dags/dbt_dag.py took 0.246 seconds
[2025-11-08T15:50:59.084+0000] {processor.py:157} INFO - Started process (PID=9072) to work on /opt/airflow/dags/dbt_dag.py
[2025-11-08T15:50:59.086+0000] {processor.py:829} INFO - Processing file /opt/airflow/dags/dbt_dag.py for tasks to queue
[2025-11-08T15:50:59.088+0000] {logging_mixin.py:151} INFO - [2025-11-08T15:50:59.087+0000] {dagbag.py:539} INFO - Filling up the DagBag from /opt/airflow/dags/dbt_dag.py
[2025-11-08T15:50:59.130+0000] {processor.py:839} INFO - DAG(s) dict_keys(['dbt_transform']) retrieved from /opt/airflow/dags/dbt_dag.py
[2025-11-08T15:50:59.209+0000] {logging_mixin.py:151} INFO - [2025-11-08T15:50:59.208+0000] {dag.py:2915} INFO - Sync 1 DAGs
[2025-11-08T15:50:59.280+0000] {logging_mixin.py:151} INFO - [2025-11-08T15:50:59.280+0000] {dag.py:3696} INFO - Setting next_dagrun for dbt_transform to 2025-11-08T15:46:56.426677+00:00, run_after=2025-11-08T15:51:56.426677+00:00
[2025-11-08T15:50:59.342+0000] {processor.py:179} INFO - Processing /opt/airflow/dags/dbt_dag.py took 0.266 seconds
[2025-11-08T15:51:29.692+0000] {processor.py:157} INFO - Started process (PID=9077) to work on /opt/airflow/dags/dbt_dag.py
[2025-11-08T15:51:29.694+0000] {processor.py:829} INFO - Processing file /opt/airflow/dags/dbt_dag.py for tasks to queue
[2025-11-08T15:51:29.696+0000] {logging_mixin.py:151} INFO - [2025-11-08T15:51:29.695+0000] {dagbag.py:539} INFO - Filling up the DagBag from /opt/airflow/dags/dbt_dag.py
[2025-11-08T15:51:29.738+0000] {processor.py:839} INFO - DAG(s) dict_keys(['dbt_transform']) retrieved from /opt/airflow/dags/dbt_dag.py
[2025-11-08T15:51:29.794+0000] {logging_mixin.py:151} INFO - [2025-11-08T15:51:29.794+0000] {dag.py:2915} INFO - Sync 1 DAGs
[2025-11-08T15:51:29.867+0000] {logging_mixin.py:151} INFO - [2025-11-08T15:51:29.866+0000] {dag.py:3696} INFO - Setting next_dagrun for dbt_transform to 2025-11-08T15:46:56.426677+00:00, run_after=2025-11-08T15:51:56.426677+00:00
[2025-11-08T15:51:29.931+0000] {processor.py:179} INFO - Processing /opt/airflow/dags/dbt_dag.py took 0.248 seconds
[2025-11-08T15:52:00.320+0000] {processor.py:157} INFO - Started process (PID=9149) to work on /opt/airflow/dags/dbt_dag.py
[2025-11-08T15:52:00.322+0000] {processor.py:829} INFO - Processing file /opt/airflow/dags/dbt_dag.py for tasks to queue
[2025-11-08T15:52:00.324+0000] {logging_mixin.py:151} INFO - [2025-11-08T15:52:00.324+0000] {dagbag.py:539} INFO - Filling up the DagBag from /opt/airflow/dags/dbt_dag.py
[2025-11-08T15:52:00.362+0000] {processor.py:839} INFO - DAG(s) dict_keys(['dbt_transform']) retrieved from /opt/airflow/dags/dbt_dag.py
[2025-11-08T15:52:00.421+0000] {logging_mixin.py:151} INFO - [2025-11-08T15:52:00.421+0000] {dag.py:2915} INFO - Sync 1 DAGs
[2025-11-08T15:52:00.464+0000] {logging_mixin.py:151} INFO - [2025-11-08T15:52:00.464+0000] {dag.py:3696} INFO - Setting next_dagrun for dbt_transform to 2025-11-08T15:51:58.274477+00:00, run_after=2025-11-08T15:56:58.274477+00:00
[2025-11-08T15:52:00.502+0000] {processor.py:179} INFO - Processing /opt/airflow/dags/dbt_dag.py took 0.188 seconds
[2025-11-08T15:52:30.638+0000] {processor.py:157} INFO - Started process (PID=9194) to work on /opt/airflow/dags/dbt_dag.py
[2025-11-08T15:52:30.640+0000] {processor.py:829} INFO - Processing file /opt/airflow/dags/dbt_dag.py for tasks to queue
[2025-11-08T15:52:30.643+0000] {logging_mixin.py:151} INFO - [2025-11-08T15:52:30.642+0000] {dagbag.py:539} INFO - Filling up the DagBag from /opt/airflow/dags/dbt_dag.py
[2025-11-08T15:52:30.697+0000] {processor.py:839} INFO - DAG(s) dict_keys(['dbt_transform']) retrieved from /opt/airflow/dags/dbt_dag.py
[2025-11-08T15:52:30.771+0000] {logging_mixin.py:151} INFO - [2025-11-08T15:52:30.771+0000] {dag.py:2915} INFO - Sync 1 DAGs
[2025-11-08T15:52:30.825+0000] {logging_mixin.py:151} INFO - [2025-11-08T15:52:30.825+0000] {dag.py:3696} INFO - Setting next_dagrun for dbt_transform to 2025-11-08T15:52:24.654783+00:00, run_after=2025-11-08T15:57:24.654783+00:00
[2025-11-08T15:52:30.870+0000] {processor.py:179} INFO - Processing /opt/airflow/dags/dbt_dag.py took 0.245 seconds
[2025-11-08T15:53:01.111+0000] {processor.py:157} INFO - Started process (PID=9199) to work on /opt/airflow/dags/dbt_dag.py
[2025-11-08T15:53:01.113+0000] {processor.py:829} INFO - Processing file /opt/airflow/dags/dbt_dag.py for tasks to queue
[2025-11-08T15:53:01.116+0000] {logging_mixin.py:151} INFO - [2025-11-08T15:53:01.115+0000] {dagbag.py:539} INFO - Filling up the DagBag from /opt/airflow/dags/dbt_dag.py
[2025-11-08T15:53:01.155+0000] {processor.py:839} INFO - DAG(s) dict_keys(['dbt_transform']) retrieved from /opt/airflow/dags/dbt_dag.py
[2025-11-08T15:53:01.210+0000] {logging_mixin.py:151} INFO - [2025-11-08T15:53:01.210+0000] {dag.py:2915} INFO - Sync 1 DAGs
[2025-11-08T15:53:01.285+0000] {logging_mixin.py:151} INFO - [2025-11-08T15:53:01.285+0000] {dag.py:3696} INFO - Setting next_dagrun for dbt_transform to 2025-11-08T15:52:24.654783+00:00, run_after=2025-11-08T15:57:24.654783+00:00
[2025-11-08T15:53:01.349+0000] {processor.py:179} INFO - Processing /opt/airflow/dags/dbt_dag.py took 0.245 seconds
[2025-11-08T15:53:31.511+0000] {processor.py:157} INFO - Started process (PID=9204) to work on /opt/airflow/dags/dbt_dag.py
[2025-11-08T15:53:31.514+0000] {processor.py:829} INFO - Processing file /opt/airflow/dags/dbt_dag.py for tasks to queue
[2025-11-08T15:53:31.517+0000] {logging_mixin.py:151} INFO - [2025-11-08T15:53:31.516+0000] {dagbag.py:539} INFO - Filling up the DagBag from /opt/airflow/dags/dbt_dag.py
[2025-11-08T15:53:31.577+0000] {processor.py:839} INFO - DAG(s) dict_keys(['dbt_transform']) retrieved from /opt/airflow/dags/dbt_dag.py
[2025-11-08T15:53:31.647+0000] {logging_mixin.py:151} INFO - [2025-11-08T15:53:31.647+0000] {dag.py:2915} INFO - Sync 1 DAGs
[2025-11-08T15:53:31.698+0000] {logging_mixin.py:151} INFO - [2025-11-08T15:53:31.697+0000] {dag.py:3696} INFO - Setting next_dagrun for dbt_transform to 2025-11-08T15:52:24.654783+00:00, run_after=2025-11-08T15:57:24.654783+00:00
[2025-11-08T15:53:31.747+0000] {processor.py:179} INFO - Processing /opt/airflow/dags/dbt_dag.py took 0.248 seconds
[2025-11-08T15:54:02.019+0000] {processor.py:157} INFO - Started process (PID=9209) to work on /opt/airflow/dags/dbt_dag.py
[2025-11-08T15:54:02.021+0000] {processor.py:829} INFO - Processing file /opt/airflow/dags/dbt_dag.py for tasks to queue
[2025-11-08T15:54:02.024+0000] {logging_mixin.py:151} INFO - [2025-11-08T15:54:02.023+0000] {dagbag.py:539} INFO - Filling up the DagBag from /opt/airflow/dags/dbt_dag.py
[2025-11-08T15:54:02.074+0000] {processor.py:839} INFO - DAG(s) dict_keys(['dbt_transform']) retrieved from /opt/airflow/dags/dbt_dag.py
[2025-11-08T15:54:02.143+0000] {logging_mixin.py:151} INFO - [2025-11-08T15:54:02.142+0000] {dag.py:2915} INFO - Sync 1 DAGs
[2025-11-08T15:54:02.198+0000] {logging_mixin.py:151} INFO - [2025-11-08T15:54:02.197+0000] {dag.py:3696} INFO - Setting next_dagrun for dbt_transform to 2025-11-08T15:52:24.654783+00:00, run_after=2025-11-08T15:57:24.654783+00:00
[2025-11-08T15:54:02.256+0000] {processor.py:179} INFO - Processing /opt/airflow/dags/dbt_dag.py took 0.247 seconds
[2025-11-08T15:54:32.348+0000] {processor.py:157} INFO - Started process (PID=9214) to work on /opt/airflow/dags/dbt_dag.py
[2025-11-08T15:54:32.349+0000] {processor.py:829} INFO - Processing file /opt/airflow/dags/dbt_dag.py for tasks to queue
[2025-11-08T15:54:32.352+0000] {logging_mixin.py:151} INFO - [2025-11-08T15:54:32.351+0000] {dagbag.py:539} INFO - Filling up the DagBag from /opt/airflow/dags/dbt_dag.py
[2025-11-08T15:54:32.395+0000] {processor.py:839} INFO - DAG(s) dict_keys(['dbt_transform']) retrieved from /opt/airflow/dags/dbt_dag.py
[2025-11-08T15:54:32.456+0000] {logging_mixin.py:151} INFO - [2025-11-08T15:54:32.455+0000] {dag.py:2915} INFO - Sync 1 DAGs
[2025-11-08T15:54:32.503+0000] {logging_mixin.py:151} INFO - [2025-11-08T15:54:32.502+0000] {dag.py:3696} INFO - Setting next_dagrun for dbt_transform to 2025-11-08T15:52:24.654783+00:00, run_after=2025-11-08T15:57:24.654783+00:00
[2025-11-08T15:54:32.550+0000] {processor.py:179} INFO - Processing /opt/airflow/dags/dbt_dag.py took 0.210 seconds
[2025-11-08T15:55:02.873+0000] {processor.py:157} INFO - Started process (PID=9219) to work on /opt/airflow/dags/dbt_dag.py
[2025-11-08T15:55:02.874+0000] {processor.py:829} INFO - Processing file /opt/airflow/dags/dbt_dag.py for tasks to queue
[2025-11-08T15:55:02.876+0000] {logging_mixin.py:151} INFO - [2025-11-08T15:55:02.876+0000] {dagbag.py:539} INFO - Filling up the DagBag from /opt/airflow/dags/dbt_dag.py
[2025-11-08T15:55:02.909+0000] {processor.py:839} INFO - DAG(s) dict_keys(['dbt_transform']) retrieved from /opt/airflow/dags/dbt_dag.py
[2025-11-08T15:55:02.957+0000] {logging_mixin.py:151} INFO - [2025-11-08T15:55:02.957+0000] {dag.py:2915} INFO - Sync 1 DAGs
[2025-11-08T15:55:02.995+0000] {logging_mixin.py:151} INFO - [2025-11-08T15:55:02.994+0000] {dag.py:3696} INFO - Setting next_dagrun for dbt_transform to 2025-11-08T15:52:24.654783+00:00, run_after=2025-11-08T15:57:24.654783+00:00
[2025-11-08T15:55:03.032+0000] {processor.py:179} INFO - Processing /opt/airflow/dags/dbt_dag.py took 0.164 seconds
[2025-11-08T15:55:33.184+0000] {processor.py:157} INFO - Started process (PID=9224) to work on /opt/airflow/dags/dbt_dag.py
[2025-11-08T15:55:33.185+0000] {processor.py:829} INFO - Processing file /opt/airflow/dags/dbt_dag.py for tasks to queue
[2025-11-08T15:55:33.187+0000] {logging_mixin.py:151} INFO - [2025-11-08T15:55:33.187+0000] {dagbag.py:539} INFO - Filling up the DagBag from /opt/airflow/dags/dbt_dag.py
[2025-11-08T15:55:33.235+0000] {processor.py:839} INFO - DAG(s) dict_keys(['dbt_transform']) retrieved from /opt/airflow/dags/dbt_dag.py
[2025-11-08T15:55:33.293+0000] {logging_mixin.py:151} INFO - [2025-11-08T15:55:33.293+0000] {dag.py:2915} INFO - Sync 1 DAGs
[2025-11-08T15:55:33.330+0000] {logging_mixin.py:151} INFO - [2025-11-08T15:55:33.330+0000] {dag.py:3696} INFO - Setting next_dagrun for dbt_transform to 2025-11-08T15:52:24.654783+00:00, run_after=2025-11-08T15:57:24.654783+00:00
[2025-11-08T15:55:33.368+0000] {processor.py:179} INFO - Processing /opt/airflow/dags/dbt_dag.py took 0.192 seconds
[2025-11-08T15:56:03.615+0000] {processor.py:157} INFO - Started process (PID=9229) to work on /opt/airflow/dags/dbt_dag.py
[2025-11-08T15:56:03.617+0000] {processor.py:829} INFO - Processing file /opt/airflow/dags/dbt_dag.py for tasks to queue
[2025-11-08T15:56:03.619+0000] {logging_mixin.py:151} INFO - [2025-11-08T15:56:03.618+0000] {dagbag.py:539} INFO - Filling up the DagBag from /opt/airflow/dags/dbt_dag.py
[2025-11-08T15:56:03.667+0000] {processor.py:839} INFO - DAG(s) dict_keys(['dbt_transform']) retrieved from /opt/airflow/dags/dbt_dag.py
[2025-11-08T15:56:03.757+0000] {logging_mixin.py:151} INFO - [2025-11-08T15:56:03.756+0000] {dag.py:2915} INFO - Sync 1 DAGs
[2025-11-08T15:56:03.817+0000] {logging_mixin.py:151} INFO - [2025-11-08T15:56:03.817+0000] {dag.py:3696} INFO - Setting next_dagrun for dbt_transform to 2025-11-08T15:52:24.654783+00:00, run_after=2025-11-08T15:57:24.654783+00:00
[2025-11-08T15:56:03.865+0000] {processor.py:179} INFO - Processing /opt/airflow/dags/dbt_dag.py took 0.256 seconds
[2025-11-08T15:56:34.205+0000] {processor.py:157} INFO - Started process (PID=9234) to work on /opt/airflow/dags/dbt_dag.py
[2025-11-08T15:56:34.207+0000] {processor.py:829} INFO - Processing file /opt/airflow/dags/dbt_dag.py for tasks to queue
[2025-11-08T15:56:34.209+0000] {logging_mixin.py:151} INFO - [2025-11-08T15:56:34.208+0000] {dagbag.py:539} INFO - Filling up the DagBag from /opt/airflow/dags/dbt_dag.py
[2025-11-08T15:56:34.262+0000] {processor.py:839} INFO - DAG(s) dict_keys(['dbt_transform']) retrieved from /opt/airflow/dags/dbt_dag.py
[2025-11-08T15:56:34.316+0000] {logging_mixin.py:151} INFO - [2025-11-08T15:56:34.315+0000] {dag.py:2915} INFO - Sync 1 DAGs
[2025-11-08T15:56:34.375+0000] {logging_mixin.py:151} INFO - [2025-11-08T15:56:34.374+0000] {dag.py:3696} INFO - Setting next_dagrun for dbt_transform to 2025-11-08T15:52:24.654783+00:00, run_after=2025-11-08T15:57:24.654783+00:00
[2025-11-08T15:56:34.426+0000] {processor.py:179} INFO - Processing /opt/airflow/dags/dbt_dag.py took 0.232 seconds
[2025-11-08T15:57:04.531+0000] {processor.py:157} INFO - Started process (PID=9252) to work on /opt/airflow/dags/dbt_dag.py
[2025-11-08T15:57:04.533+0000] {processor.py:829} INFO - Processing file /opt/airflow/dags/dbt_dag.py for tasks to queue
[2025-11-08T15:57:04.536+0000] {logging_mixin.py:151} INFO - [2025-11-08T15:57:04.535+0000] {dagbag.py:539} INFO - Filling up the DagBag from /opt/airflow/dags/dbt_dag.py
[2025-11-08T15:57:04.580+0000] {processor.py:839} INFO - DAG(s) dict_keys(['dbt_transform']) retrieved from /opt/airflow/dags/dbt_dag.py
[2025-11-08T15:57:04.639+0000] {logging_mixin.py:151} INFO - [2025-11-08T15:57:04.639+0000] {dag.py:2915} INFO - Sync 1 DAGs
[2025-11-08T15:57:04.696+0000] {logging_mixin.py:151} INFO - [2025-11-08T15:57:04.696+0000] {dag.py:3696} INFO - Setting next_dagrun for dbt_transform to 2025-11-08T15:52:24.654783+00:00, run_after=2025-11-08T15:57:24.654783+00:00
[2025-11-08T15:57:04.748+0000] {processor.py:179} INFO - Processing /opt/airflow/dags/dbt_dag.py took 0.227 seconds
[2025-11-08T15:57:35.022+0000] {processor.py:157} INFO - Started process (PID=9324) to work on /opt/airflow/dags/dbt_dag.py
[2025-11-08T15:57:35.023+0000] {processor.py:829} INFO - Processing file /opt/airflow/dags/dbt_dag.py for tasks to queue
[2025-11-08T15:57:35.026+0000] {logging_mixin.py:151} INFO - [2025-11-08T15:57:35.025+0000] {dagbag.py:539} INFO - Filling up the DagBag from /opt/airflow/dags/dbt_dag.py
[2025-11-08T15:57:35.063+0000] {processor.py:839} INFO - DAG(s) dict_keys(['dbt_transform']) retrieved from /opt/airflow/dags/dbt_dag.py
[2025-11-08T15:57:35.123+0000] {logging_mixin.py:151} INFO - [2025-11-08T15:57:35.122+0000] {dag.py:2915} INFO - Sync 1 DAGs
[2025-11-08T15:57:35.186+0000] {logging_mixin.py:151} INFO - [2025-11-08T15:57:35.185+0000] {dag.py:3696} INFO - Setting next_dagrun for dbt_transform to 2025-11-08T15:57:24.072041+00:00, run_after=2025-11-08T16:02:24.072041+00:00
[2025-11-08T15:57:35.236+0000] {processor.py:179} INFO - Processing /opt/airflow/dags/dbt_dag.py took 0.220 seconds
[2025-11-08T15:58:05.378+0000] {processor.py:157} INFO - Started process (PID=9355) to work on /opt/airflow/dags/dbt_dag.py
[2025-11-08T15:58:05.381+0000] {processor.py:829} INFO - Processing file /opt/airflow/dags/dbt_dag.py for tasks to queue
[2025-11-08T15:58:05.383+0000] {logging_mixin.py:151} INFO - [2025-11-08T15:58:05.382+0000] {dagbag.py:539} INFO - Filling up the DagBag from /opt/airflow/dags/dbt_dag.py
[2025-11-08T15:58:05.439+0000] {processor.py:839} INFO - DAG(s) dict_keys(['dbt_transform']) retrieved from /opt/airflow/dags/dbt_dag.py
[2025-11-08T15:58:05.512+0000] {logging_mixin.py:151} INFO - [2025-11-08T15:58:05.511+0000] {dag.py:2915} INFO - Sync 1 DAGs
[2025-11-08T15:58:05.559+0000] {logging_mixin.py:151} INFO - [2025-11-08T15:58:05.558+0000] {dag.py:3696} INFO - Setting next_dagrun for dbt_transform to 2025-11-08T15:57:51.489820+00:00, run_after=2025-11-08T16:02:51.489820+00:00
[2025-11-08T15:58:05.607+0000] {processor.py:179} INFO - Processing /opt/airflow/dags/dbt_dag.py took 0.238 seconds
[2025-11-08T15:58:35.861+0000] {processor.py:157} INFO - Started process (PID=9360) to work on /opt/airflow/dags/dbt_dag.py
[2025-11-08T15:58:35.864+0000] {processor.py:829} INFO - Processing file /opt/airflow/dags/dbt_dag.py for tasks to queue
[2025-11-08T15:58:35.867+0000] {logging_mixin.py:151} INFO - [2025-11-08T15:58:35.866+0000] {dagbag.py:539} INFO - Filling up the DagBag from /opt/airflow/dags/dbt_dag.py
[2025-11-08T15:58:35.917+0000] {processor.py:839} INFO - DAG(s) dict_keys(['dbt_transform']) retrieved from /opt/airflow/dags/dbt_dag.py
[2025-11-08T15:58:35.971+0000] {logging_mixin.py:151} INFO - [2025-11-08T15:58:35.971+0000] {dag.py:2915} INFO - Sync 1 DAGs
[2025-11-08T15:58:36.026+0000] {logging_mixin.py:151} INFO - [2025-11-08T15:58:36.025+0000] {dag.py:3696} INFO - Setting next_dagrun for dbt_transform to 2025-11-08T15:57:51.489820+00:00, run_after=2025-11-08T16:02:51.489820+00:00
[2025-11-08T15:58:36.077+0000] {processor.py:179} INFO - Processing /opt/airflow/dags/dbt_dag.py took 0.226 seconds
[2025-11-08T15:59:06.234+0000] {processor.py:157} INFO - Started process (PID=9365) to work on /opt/airflow/dags/dbt_dag.py
[2025-11-08T15:59:06.235+0000] {processor.py:829} INFO - Processing file /opt/airflow/dags/dbt_dag.py for tasks to queue
[2025-11-08T15:59:06.237+0000] {logging_mixin.py:151} INFO - [2025-11-08T15:59:06.237+0000] {dagbag.py:539} INFO - Filling up the DagBag from /opt/airflow/dags/dbt_dag.py
[2025-11-08T15:59:06.308+0000] {processor.py:839} INFO - DAG(s) dict_keys(['dbt_transform']) retrieved from /opt/airflow/dags/dbt_dag.py
[2025-11-08T15:59:06.407+0000] {logging_mixin.py:151} INFO - [2025-11-08T15:59:06.406+0000] {dag.py:2915} INFO - Sync 1 DAGs
[2025-11-08T15:59:06.459+0000] {logging_mixin.py:151} INFO - [2025-11-08T15:59:06.458+0000] {dag.py:3696} INFO - Setting next_dagrun for dbt_transform to 2025-11-08T15:57:51.489820+00:00, run_after=2025-11-08T16:02:51.489820+00:00
[2025-11-08T15:59:06.520+0000] {processor.py:179} INFO - Processing /opt/airflow/dags/dbt_dag.py took 0.292 seconds
[2025-11-08T15:59:36.762+0000] {processor.py:157} INFO - Started process (PID=9370) to work on /opt/airflow/dags/dbt_dag.py
[2025-11-08T15:59:36.764+0000] {processor.py:829} INFO - Processing file /opt/airflow/dags/dbt_dag.py for tasks to queue
[2025-11-08T15:59:36.767+0000] {logging_mixin.py:151} INFO - [2025-11-08T15:59:36.766+0000] {dagbag.py:539} INFO - Filling up the DagBag from /opt/airflow/dags/dbt_dag.py
[2025-11-08T15:59:36.821+0000] {processor.py:839} INFO - DAG(s) dict_keys(['dbt_transform']) retrieved from /opt/airflow/dags/dbt_dag.py
[2025-11-08T15:59:36.889+0000] {logging_mixin.py:151} INFO - [2025-11-08T15:59:36.888+0000] {dag.py:2915} INFO - Sync 1 DAGs
[2025-11-08T15:59:36.947+0000] {logging_mixin.py:151} INFO - [2025-11-08T15:59:36.946+0000] {dag.py:3696} INFO - Setting next_dagrun for dbt_transform to 2025-11-08T15:57:51.489820+00:00, run_after=2025-11-08T16:02:51.489820+00:00
[2025-11-08T15:59:37.007+0000] {processor.py:179} INFO - Processing /opt/airflow/dags/dbt_dag.py took 0.254 seconds
[2025-11-08T16:00:07.129+0000] {processor.py:157} INFO - Started process (PID=9375) to work on /opt/airflow/dags/dbt_dag.py
[2025-11-08T16:00:07.130+0000] {processor.py:829} INFO - Processing file /opt/airflow/dags/dbt_dag.py for tasks to queue
[2025-11-08T16:00:07.133+0000] {logging_mixin.py:151} INFO - [2025-11-08T16:00:07.131+0000] {dagbag.py:539} INFO - Filling up the DagBag from /opt/airflow/dags/dbt_dag.py
[2025-11-08T16:00:07.165+0000] {processor.py:839} INFO - DAG(s) dict_keys(['dbt_transform']) retrieved from /opt/airflow/dags/dbt_dag.py
[2025-11-08T16:00:07.220+0000] {logging_mixin.py:151} INFO - [2025-11-08T16:00:07.220+0000] {dag.py:2915} INFO - Sync 1 DAGs
[2025-11-08T16:00:07.329+0000] {logging_mixin.py:151} INFO - [2025-11-08T16:00:07.328+0000] {dag.py:3696} INFO - Setting next_dagrun for dbt_transform to 2025-11-08T15:57:51.489820+00:00, run_after=2025-11-08T16:02:51.489820+00:00
[2025-11-08T16:00:07.378+0000] {processor.py:179} INFO - Processing /opt/airflow/dags/dbt_dag.py took 0.256 seconds
[2025-11-08T16:00:37.631+0000] {processor.py:157} INFO - Started process (PID=9380) to work on /opt/airflow/dags/dbt_dag.py
[2025-11-08T16:00:37.632+0000] {processor.py:829} INFO - Processing file /opt/airflow/dags/dbt_dag.py for tasks to queue
[2025-11-08T16:00:37.633+0000] {logging_mixin.py:151} INFO - [2025-11-08T16:00:37.633+0000] {dagbag.py:539} INFO - Filling up the DagBag from /opt/airflow/dags/dbt_dag.py
[2025-11-08T16:00:37.659+0000] {processor.py:839} INFO - DAG(s) dict_keys(['dbt_transform']) retrieved from /opt/airflow/dags/dbt_dag.py
[2025-11-08T16:00:37.695+0000] {logging_mixin.py:151} INFO - [2025-11-08T16:00:37.695+0000] {dag.py:2915} INFO - Sync 1 DAGs
[2025-11-08T16:00:37.721+0000] {logging_mixin.py:151} INFO - [2025-11-08T16:00:37.721+0000] {dag.py:3696} INFO - Setting next_dagrun for dbt_transform to 2025-11-08T15:57:51.489820+00:00, run_after=2025-11-08T16:02:51.489820+00:00
[2025-11-08T16:00:37.744+0000] {processor.py:179} INFO - Processing /opt/airflow/dags/dbt_dag.py took 0.117 seconds
[2025-11-08T16:01:07.900+0000] {processor.py:157} INFO - Started process (PID=9385) to work on /opt/airflow/dags/dbt_dag.py
[2025-11-08T16:01:07.901+0000] {processor.py:829} INFO - Processing file /opt/airflow/dags/dbt_dag.py for tasks to queue
[2025-11-08T16:01:07.902+0000] {logging_mixin.py:151} INFO - [2025-11-08T16:01:07.902+0000] {dagbag.py:539} INFO - Filling up the DagBag from /opt/airflow/dags/dbt_dag.py
[2025-11-08T16:01:07.928+0000] {processor.py:839} INFO - DAG(s) dict_keys(['dbt_transform']) retrieved from /opt/airflow/dags/dbt_dag.py
[2025-11-08T16:01:07.969+0000] {logging_mixin.py:151} INFO - [2025-11-08T16:01:07.969+0000] {dag.py:2915} INFO - Sync 1 DAGs
[2025-11-08T16:01:07.997+0000] {logging_mixin.py:151} INFO - [2025-11-08T16:01:07.996+0000] {dag.py:3696} INFO - Setting next_dagrun for dbt_transform to 2025-11-08T15:57:51.489820+00:00, run_after=2025-11-08T16:02:51.489820+00:00
[2025-11-08T16:01:08.020+0000] {processor.py:179} INFO - Processing /opt/airflow/dags/dbt_dag.py took 0.127 seconds
[2025-11-08T16:01:38.225+0000] {processor.py:157} INFO - Started process (PID=9390) to work on /opt/airflow/dags/dbt_dag.py
[2025-11-08T16:01:38.227+0000] {processor.py:829} INFO - Processing file /opt/airflow/dags/dbt_dag.py for tasks to queue
[2025-11-08T16:01:38.229+0000] {logging_mixin.py:151} INFO - [2025-11-08T16:01:38.228+0000] {dagbag.py:539} INFO - Filling up the DagBag from /opt/airflow/dags/dbt_dag.py
[2025-11-08T16:01:38.278+0000] {processor.py:839} INFO - DAG(s) dict_keys(['dbt_transform']) retrieved from /opt/airflow/dags/dbt_dag.py
[2025-11-08T16:01:38.345+0000] {logging_mixin.py:151} INFO - [2025-11-08T16:01:38.344+0000] {dag.py:2915} INFO - Sync 1 DAGs
[2025-11-08T16:01:38.397+0000] {logging_mixin.py:151} INFO - [2025-11-08T16:01:38.396+0000] {dag.py:3696} INFO - Setting next_dagrun for dbt_transform to 2025-11-08T15:57:51.489820+00:00, run_after=2025-11-08T16:02:51.489820+00:00
[2025-11-08T16:01:38.441+0000] {processor.py:179} INFO - Processing /opt/airflow/dags/dbt_dag.py took 0.225 seconds
[2025-11-08T16:02:08.667+0000] {processor.py:157} INFO - Started process (PID=9395) to work on /opt/airflow/dags/dbt_dag.py
[2025-11-08T16:02:08.669+0000] {processor.py:829} INFO - Processing file /opt/airflow/dags/dbt_dag.py for tasks to queue
[2025-11-08T16:02:08.671+0000] {logging_mixin.py:151} INFO - [2025-11-08T16:02:08.670+0000] {dagbag.py:539} INFO - Filling up the DagBag from /opt/airflow/dags/dbt_dag.py
[2025-11-08T16:02:08.715+0000] {processor.py:839} INFO - DAG(s) dict_keys(['dbt_transform']) retrieved from /opt/airflow/dags/dbt_dag.py
[2025-11-08T16:02:08.775+0000] {logging_mixin.py:151} INFO - [2025-11-08T16:02:08.774+0000] {dag.py:2915} INFO - Sync 1 DAGs
[2025-11-08T16:02:08.854+0000] {logging_mixin.py:151} INFO - [2025-11-08T16:02:08.853+0000] {dag.py:3696} INFO - Setting next_dagrun for dbt_transform to 2025-11-08T15:57:51.489820+00:00, run_after=2025-11-08T16:02:51.489820+00:00
[2025-11-08T16:02:08.929+0000] {processor.py:179} INFO - Processing /opt/airflow/dags/dbt_dag.py took 0.269 seconds
[2025-11-08T16:02:39.095+0000] {processor.py:157} INFO - Started process (PID=9429) to work on /opt/airflow/dags/dbt_dag.py
[2025-11-08T16:02:39.097+0000] {processor.py:829} INFO - Processing file /opt/airflow/dags/dbt_dag.py for tasks to queue
[2025-11-08T16:02:39.099+0000] {logging_mixin.py:151} INFO - [2025-11-08T16:02:39.098+0000] {dagbag.py:539} INFO - Filling up the DagBag from /opt/airflow/dags/dbt_dag.py
[2025-11-08T16:02:39.152+0000] {processor.py:839} INFO - DAG(s) dict_keys(['dbt_transform']) retrieved from /opt/airflow/dags/dbt_dag.py
[2025-11-08T16:02:39.237+0000] {logging_mixin.py:151} INFO - [2025-11-08T16:02:39.236+0000] {dag.py:2915} INFO - Sync 1 DAGs
[2025-11-08T16:02:39.304+0000] {logging_mixin.py:151} INFO - [2025-11-08T16:02:39.303+0000] {dag.py:3696} INFO - Setting next_dagrun for dbt_transform to 2025-11-08T15:57:51.489820+00:00, run_after=2025-11-08T16:02:51.489820+00:00
[2025-11-08T16:02:39.348+0000] {processor.py:179} INFO - Processing /opt/airflow/dags/dbt_dag.py took 0.263 seconds
[2025-11-08T16:03:09.583+0000] {processor.py:157} INFO - Started process (PID=9498) to work on /opt/airflow/dags/dbt_dag.py
[2025-11-08T16:03:09.585+0000] {processor.py:829} INFO - Processing file /opt/airflow/dags/dbt_dag.py for tasks to queue
[2025-11-08T16:03:09.587+0000] {logging_mixin.py:151} INFO - [2025-11-08T16:03:09.586+0000] {dagbag.py:539} INFO - Filling up the DagBag from /opt/airflow/dags/dbt_dag.py
[2025-11-08T16:03:09.633+0000] {processor.py:839} INFO - DAG(s) dict_keys(['dbt_transform']) retrieved from /opt/airflow/dags/dbt_dag.py
[2025-11-08T16:03:09.703+0000] {logging_mixin.py:151} INFO - [2025-11-08T16:03:09.702+0000] {dag.py:2915} INFO - Sync 1 DAGs
[2025-11-08T16:03:09.770+0000] {logging_mixin.py:151} INFO - [2025-11-08T16:03:09.769+0000] {dag.py:3696} INFO - Setting next_dagrun for dbt_transform to 2025-11-08T16:02:50.196417+00:00, run_after=2025-11-08T16:07:50.196417+00:00
[2025-11-08T16:03:09.825+0000] {processor.py:179} INFO - Processing /opt/airflow/dags/dbt_dag.py took 0.251 seconds
[2025-11-08T16:03:39.951+0000] {processor.py:157} INFO - Started process (PID=9517) to work on /opt/airflow/dags/dbt_dag.py
[2025-11-08T16:03:39.953+0000] {processor.py:829} INFO - Processing file /opt/airflow/dags/dbt_dag.py for tasks to queue
[2025-11-08T16:03:39.955+0000] {logging_mixin.py:151} INFO - [2025-11-08T16:03:39.954+0000] {dagbag.py:539} INFO - Filling up the DagBag from /opt/airflow/dags/dbt_dag.py
[2025-11-08T16:03:39.990+0000] {processor.py:839} INFO - DAG(s) dict_keys(['dbt_transform']) retrieved from /opt/airflow/dags/dbt_dag.py
[2025-11-08T16:03:40.059+0000] {logging_mixin.py:151} INFO - [2025-11-08T16:03:40.058+0000] {dag.py:2915} INFO - Sync 1 DAGs
[2025-11-08T16:03:40.127+0000] {logging_mixin.py:151} INFO - [2025-11-08T16:03:40.126+0000] {dag.py:3696} INFO - Setting next_dagrun for dbt_transform to 2025-11-08T16:03:19.105013+00:00, run_after=2025-11-08T16:08:19.105013+00:00
[2025-11-08T16:03:40.185+0000] {processor.py:179} INFO - Processing /opt/airflow/dags/dbt_dag.py took 0.245 seconds
[2025-11-08T16:04:10.451+0000] {processor.py:157} INFO - Started process (PID=9522) to work on /opt/airflow/dags/dbt_dag.py
[2025-11-08T16:04:10.453+0000] {processor.py:829} INFO - Processing file /opt/airflow/dags/dbt_dag.py for tasks to queue
[2025-11-08T16:04:10.455+0000] {logging_mixin.py:151} INFO - [2025-11-08T16:04:10.454+0000] {dagbag.py:539} INFO - Filling up the DagBag from /opt/airflow/dags/dbt_dag.py
[2025-11-08T16:04:10.495+0000] {processor.py:839} INFO - DAG(s) dict_keys(['dbt_transform']) retrieved from /opt/airflow/dags/dbt_dag.py
[2025-11-08T16:04:10.543+0000] {logging_mixin.py:151} INFO - [2025-11-08T16:04:10.542+0000] {dag.py:2915} INFO - Sync 1 DAGs
[2025-11-08T16:04:10.585+0000] {logging_mixin.py:151} INFO - [2025-11-08T16:04:10.584+0000] {dag.py:3696} INFO - Setting next_dagrun for dbt_transform to 2025-11-08T16:03:19.105013+00:00, run_after=2025-11-08T16:08:19.105013+00:00
[2025-11-08T16:04:10.625+0000] {processor.py:179} INFO - Processing /opt/airflow/dags/dbt_dag.py took 0.182 seconds
[2025-11-08T16:04:40.798+0000] {processor.py:157} INFO - Started process (PID=9527) to work on /opt/airflow/dags/dbt_dag.py
[2025-11-08T16:04:40.799+0000] {processor.py:829} INFO - Processing file /opt/airflow/dags/dbt_dag.py for tasks to queue
[2025-11-08T16:04:40.800+0000] {logging_mixin.py:151} INFO - [2025-11-08T16:04:40.800+0000] {dagbag.py:539} INFO - Filling up the DagBag from /opt/airflow/dags/dbt_dag.py
[2025-11-08T16:04:40.828+0000] {processor.py:839} INFO - DAG(s) dict_keys(['dbt_transform']) retrieved from /opt/airflow/dags/dbt_dag.py
[2025-11-08T16:04:40.871+0000] {logging_mixin.py:151} INFO - [2025-11-08T16:04:40.870+0000] {dag.py:2915} INFO - Sync 1 DAGs
[2025-11-08T16:04:40.901+0000] {logging_mixin.py:151} INFO - [2025-11-08T16:04:40.901+0000] {dag.py:3696} INFO - Setting next_dagrun for dbt_transform to 2025-11-08T16:03:19.105013+00:00, run_after=2025-11-08T16:08:19.105013+00:00
[2025-11-08T16:04:40.930+0000] {processor.py:179} INFO - Processing /opt/airflow/dags/dbt_dag.py took 0.137 seconds
[2025-11-08T16:05:11.247+0000] {processor.py:157} INFO - Started process (PID=9532) to work on /opt/airflow/dags/dbt_dag.py
[2025-11-08T16:05:11.250+0000] {processor.py:829} INFO - Processing file /opt/airflow/dags/dbt_dag.py for tasks to queue
[2025-11-08T16:05:11.254+0000] {logging_mixin.py:151} INFO - [2025-11-08T16:05:11.253+0000] {dagbag.py:539} INFO - Filling up the DagBag from /opt/airflow/dags/dbt_dag.py
[2025-11-08T16:05:11.305+0000] {processor.py:839} INFO - DAG(s) dict_keys(['dbt_transform']) retrieved from /opt/airflow/dags/dbt_dag.py
[2025-11-08T16:05:11.367+0000] {logging_mixin.py:151} INFO - [2025-11-08T16:05:11.367+0000] {dag.py:2915} INFO - Sync 1 DAGs
[2025-11-08T16:05:11.394+0000] {logging_mixin.py:151} INFO - [2025-11-08T16:05:11.394+0000] {dag.py:3696} INFO - Setting next_dagrun for dbt_transform to 2025-11-08T16:03:19.105013+00:00, run_after=2025-11-08T16:08:19.105013+00:00
[2025-11-08T16:05:11.421+0000] {processor.py:179} INFO - Processing /opt/airflow/dags/dbt_dag.py took 0.185 seconds
[2025-11-08T16:05:41.591+0000] {processor.py:157} INFO - Started process (PID=9537) to work on /opt/airflow/dags/dbt_dag.py
[2025-11-08T16:05:41.593+0000] {processor.py:829} INFO - Processing file /opt/airflow/dags/dbt_dag.py for tasks to queue
[2025-11-08T16:05:41.596+0000] {logging_mixin.py:151} INFO - [2025-11-08T16:05:41.595+0000] {dagbag.py:539} INFO - Filling up the DagBag from /opt/airflow/dags/dbt_dag.py
[2025-11-08T16:05:41.649+0000] {processor.py:839} INFO - DAG(s) dict_keys(['dbt_transform']) retrieved from /opt/airflow/dags/dbt_dag.py
[2025-11-08T16:05:41.721+0000] {logging_mixin.py:151} INFO - [2025-11-08T16:05:41.720+0000] {dag.py:2915} INFO - Sync 1 DAGs
[2025-11-08T16:05:41.776+0000] {logging_mixin.py:151} INFO - [2025-11-08T16:05:41.776+0000] {dag.py:3696} INFO - Setting next_dagrun for dbt_transform to 2025-11-08T16:03:19.105013+00:00, run_after=2025-11-08T16:08:19.105013+00:00
[2025-11-08T16:05:41.829+0000] {processor.py:179} INFO - Processing /opt/airflow/dags/dbt_dag.py took 0.249 seconds
[2025-11-08T16:06:12.048+0000] {processor.py:157} INFO - Started process (PID=9542) to work on /opt/airflow/dags/dbt_dag.py
[2025-11-08T16:06:12.050+0000] {processor.py:829} INFO - Processing file /opt/airflow/dags/dbt_dag.py for tasks to queue
[2025-11-08T16:06:12.051+0000] {logging_mixin.py:151} INFO - [2025-11-08T16:06:12.051+0000] {dagbag.py:539} INFO - Filling up the DagBag from /opt/airflow/dags/dbt_dag.py
[2025-11-08T16:06:12.092+0000] {processor.py:839} INFO - DAG(s) dict_keys(['dbt_transform']) retrieved from /opt/airflow/dags/dbt_dag.py
[2025-11-08T16:06:12.155+0000] {logging_mixin.py:151} INFO - [2025-11-08T16:06:12.155+0000] {dag.py:2915} INFO - Sync 1 DAGs
[2025-11-08T16:06:12.209+0000] {logging_mixin.py:151} INFO - [2025-11-08T16:06:12.208+0000] {dag.py:3696} INFO - Setting next_dagrun for dbt_transform to 2025-11-08T16:03:19.105013+00:00, run_after=2025-11-08T16:08:19.105013+00:00
[2025-11-08T16:06:12.256+0000] {processor.py:179} INFO - Processing /opt/airflow/dags/dbt_dag.py took 0.215 seconds
[2025-11-08T16:06:42.457+0000] {processor.py:157} INFO - Started process (PID=9547) to work on /opt/airflow/dags/dbt_dag.py
[2025-11-08T16:06:42.458+0000] {processor.py:829} INFO - Processing file /opt/airflow/dags/dbt_dag.py for tasks to queue
[2025-11-08T16:06:42.461+0000] {logging_mixin.py:151} INFO - [2025-11-08T16:06:42.460+0000] {dagbag.py:539} INFO - Filling up the DagBag from /opt/airflow/dags/dbt_dag.py
[2025-11-08T16:06:42.505+0000] {processor.py:839} INFO - DAG(s) dict_keys(['dbt_transform']) retrieved from /opt/airflow/dags/dbt_dag.py
[2025-11-08T16:06:42.572+0000] {logging_mixin.py:151} INFO - [2025-11-08T16:06:42.572+0000] {dag.py:2915} INFO - Sync 1 DAGs
[2025-11-08T16:06:42.623+0000] {logging_mixin.py:151} INFO - [2025-11-08T16:06:42.622+0000] {dag.py:3696} INFO - Setting next_dagrun for dbt_transform to 2025-11-08T16:03:19.105013+00:00, run_after=2025-11-08T16:08:19.105013+00:00
[2025-11-08T16:06:42.672+0000] {processor.py:179} INFO - Processing /opt/airflow/dags/dbt_dag.py took 0.222 seconds
[2025-11-08T16:07:12.975+0000] {processor.py:157} INFO - Started process (PID=9552) to work on /opt/airflow/dags/dbt_dag.py
[2025-11-08T16:07:12.977+0000] {processor.py:829} INFO - Processing file /opt/airflow/dags/dbt_dag.py for tasks to queue
[2025-11-08T16:07:12.981+0000] {logging_mixin.py:151} INFO - [2025-11-08T16:07:12.980+0000] {dagbag.py:539} INFO - Filling up the DagBag from /opt/airflow/dags/dbt_dag.py
[2025-11-08T16:07:13.032+0000] {processor.py:839} INFO - DAG(s) dict_keys(['dbt_transform']) retrieved from /opt/airflow/dags/dbt_dag.py
[2025-11-08T16:07:13.092+0000] {logging_mixin.py:151} INFO - [2025-11-08T16:07:13.092+0000] {dag.py:2915} INFO - Sync 1 DAGs
[2025-11-08T16:07:13.140+0000] {logging_mixin.py:151} INFO - [2025-11-08T16:07:13.140+0000] {dag.py:3696} INFO - Setting next_dagrun for dbt_transform to 2025-11-08T16:03:19.105013+00:00, run_after=2025-11-08T16:08:19.105013+00:00
[2025-11-08T16:07:13.187+0000] {processor.py:179} INFO - Processing /opt/airflow/dags/dbt_dag.py took 0.218 seconds
[2025-11-08T16:07:43.323+0000] {processor.py:157} INFO - Started process (PID=9557) to work on /opt/airflow/dags/dbt_dag.py
[2025-11-08T16:07:43.325+0000] {processor.py:829} INFO - Processing file /opt/airflow/dags/dbt_dag.py for tasks to queue
[2025-11-08T16:07:43.326+0000] {logging_mixin.py:151} INFO - [2025-11-08T16:07:43.325+0000] {dagbag.py:539} INFO - Filling up the DagBag from /opt/airflow/dags/dbt_dag.py
[2025-11-08T16:07:43.366+0000] {processor.py:839} INFO - DAG(s) dict_keys(['dbt_transform']) retrieved from /opt/airflow/dags/dbt_dag.py
[2025-11-08T16:07:43.420+0000] {logging_mixin.py:151} INFO - [2025-11-08T16:07:43.419+0000] {dag.py:2915} INFO - Sync 1 DAGs
[2025-11-08T16:07:43.457+0000] {logging_mixin.py:151} INFO - [2025-11-08T16:07:43.457+0000] {dag.py:3696} INFO - Setting next_dagrun for dbt_transform to 2025-11-08T16:03:19.105013+00:00, run_after=2025-11-08T16:08:19.105013+00:00
[2025-11-08T16:07:43.500+0000] {processor.py:179} INFO - Processing /opt/airflow/dags/dbt_dag.py took 0.185 seconds
[2025-11-08T16:08:13.824+0000] {processor.py:157} INFO - Started process (PID=9604) to work on /opt/airflow/dags/dbt_dag.py
[2025-11-08T16:08:13.826+0000] {processor.py:829} INFO - Processing file /opt/airflow/dags/dbt_dag.py for tasks to queue
[2025-11-08T16:08:13.829+0000] {logging_mixin.py:151} INFO - [2025-11-08T16:08:13.828+0000] {dagbag.py:539} INFO - Filling up the DagBag from /opt/airflow/dags/dbt_dag.py
[2025-11-08T16:08:13.885+0000] {processor.py:839} INFO - DAG(s) dict_keys(['dbt_transform']) retrieved from /opt/airflow/dags/dbt_dag.py
[2025-11-08T16:08:13.950+0000] {logging_mixin.py:151} INFO - [2025-11-08T16:08:13.949+0000] {dag.py:2915} INFO - Sync 1 DAGs
[2025-11-08T16:08:13.993+0000] {logging_mixin.py:151} INFO - [2025-11-08T16:08:13.992+0000] {dag.py:3696} INFO - Setting next_dagrun for dbt_transform to 2025-11-08T16:08:11.115114+00:00, run_after=2025-11-08T16:13:11.115114+00:00
[2025-11-08T16:08:14.039+0000] {processor.py:179} INFO - Processing /opt/airflow/dags/dbt_dag.py took 0.222 seconds
[2025-11-08T16:08:44.298+0000] {processor.py:157} INFO - Started process (PID=9662) to work on /opt/airflow/dags/dbt_dag.py
[2025-11-08T16:08:44.299+0000] {processor.py:829} INFO - Processing file /opt/airflow/dags/dbt_dag.py for tasks to queue
[2025-11-08T16:08:44.300+0000] {logging_mixin.py:151} INFO - [2025-11-08T16:08:44.300+0000] {dagbag.py:539} INFO - Filling up the DagBag from /opt/airflow/dags/dbt_dag.py
[2025-11-08T16:08:44.329+0000] {processor.py:839} INFO - DAG(s) dict_keys(['dbt_transform']) retrieved from /opt/airflow/dags/dbt_dag.py
[2025-11-08T16:08:44.369+0000] {logging_mixin.py:151} INFO - [2025-11-08T16:08:44.369+0000] {dag.py:2915} INFO - Sync 1 DAGs
[2025-11-08T16:08:44.400+0000] {logging_mixin.py:151} INFO - [2025-11-08T16:08:44.399+0000] {dag.py:3696} INFO - Setting next_dagrun for dbt_transform to 2025-11-08T16:08:16.284613+00:00, run_after=2025-11-08T16:13:16.284613+00:00
[2025-11-08T16:08:44.432+0000] {processor.py:179} INFO - Processing /opt/airflow/dags/dbt_dag.py took 0.138 seconds
[2025-11-08T16:09:14.605+0000] {processor.py:157} INFO - Started process (PID=9667) to work on /opt/airflow/dags/dbt_dag.py
[2025-11-08T16:09:14.608+0000] {processor.py:829} INFO - Processing file /opt/airflow/dags/dbt_dag.py for tasks to queue
[2025-11-08T16:09:14.611+0000] {logging_mixin.py:151} INFO - [2025-11-08T16:09:14.610+0000] {dagbag.py:539} INFO - Filling up the DagBag from /opt/airflow/dags/dbt_dag.py
[2025-11-08T16:09:14.650+0000] {processor.py:839} INFO - DAG(s) dict_keys(['dbt_transform']) retrieved from /opt/airflow/dags/dbt_dag.py
[2025-11-08T16:09:14.706+0000] {logging_mixin.py:151} INFO - [2025-11-08T16:09:14.705+0000] {dag.py:2915} INFO - Sync 1 DAGs
[2025-11-08T16:09:14.757+0000] {logging_mixin.py:151} INFO - [2025-11-08T16:09:14.756+0000] {dag.py:3696} INFO - Setting next_dagrun for dbt_transform to 2025-11-08T16:08:16.284613+00:00, run_after=2025-11-08T16:13:16.284613+00:00
[2025-11-08T16:09:14.806+0000] {processor.py:179} INFO - Processing /opt/airflow/dags/dbt_dag.py took 0.207 seconds
[2025-11-08T16:09:45.138+0000] {processor.py:157} INFO - Started process (PID=9672) to work on /opt/airflow/dags/dbt_dag.py
[2025-11-08T16:09:45.139+0000] {processor.py:829} INFO - Processing file /opt/airflow/dags/dbt_dag.py for tasks to queue
[2025-11-08T16:09:45.141+0000] {logging_mixin.py:151} INFO - [2025-11-08T16:09:45.141+0000] {dagbag.py:539} INFO - Filling up the DagBag from /opt/airflow/dags/dbt_dag.py
[2025-11-08T16:09:45.204+0000] {processor.py:839} INFO - DAG(s) dict_keys(['dbt_transform']) retrieved from /opt/airflow/dags/dbt_dag.py
[2025-11-08T16:09:45.307+0000] {logging_mixin.py:151} INFO - [2025-11-08T16:09:45.306+0000] {dag.py:2915} INFO - Sync 1 DAGs
[2025-11-08T16:09:45.371+0000] {logging_mixin.py:151} INFO - [2025-11-08T16:09:45.370+0000] {dag.py:3696} INFO - Setting next_dagrun for dbt_transform to 2025-11-08T16:08:16.284613+00:00, run_after=2025-11-08T16:13:16.284613+00:00
[2025-11-08T16:09:45.424+0000] {processor.py:179} INFO - Processing /opt/airflow/dags/dbt_dag.py took 0.294 seconds
[2025-11-08T16:10:15.783+0000] {processor.py:157} INFO - Started process (PID=9677) to work on /opt/airflow/dags/dbt_dag.py
[2025-11-08T16:10:15.785+0000] {processor.py:829} INFO - Processing file /opt/airflow/dags/dbt_dag.py for tasks to queue
[2025-11-08T16:10:15.787+0000] {logging_mixin.py:151} INFO - [2025-11-08T16:10:15.786+0000] {dagbag.py:539} INFO - Filling up the DagBag from /opt/airflow/dags/dbt_dag.py
[2025-11-08T16:10:15.826+0000] {processor.py:839} INFO - DAG(s) dict_keys(['dbt_transform']) retrieved from /opt/airflow/dags/dbt_dag.py
[2025-11-08T16:10:15.885+0000] {logging_mixin.py:151} INFO - [2025-11-08T16:10:15.885+0000] {dag.py:2915} INFO - Sync 1 DAGs
[2025-11-08T16:10:15.922+0000] {logging_mixin.py:151} INFO - [2025-11-08T16:10:15.922+0000] {dag.py:3696} INFO - Setting next_dagrun for dbt_transform to 2025-11-08T16:08:16.284613+00:00, run_after=2025-11-08T16:13:16.284613+00:00
[2025-11-08T16:10:15.955+0000] {processor.py:179} INFO - Processing /opt/airflow/dags/dbt_dag.py took 0.179 seconds
[2025-11-08T16:10:46.115+0000] {processor.py:157} INFO - Started process (PID=9682) to work on /opt/airflow/dags/dbt_dag.py
[2025-11-08T16:10:46.117+0000] {processor.py:829} INFO - Processing file /opt/airflow/dags/dbt_dag.py for tasks to queue
[2025-11-08T16:10:46.120+0000] {logging_mixin.py:151} INFO - [2025-11-08T16:10:46.120+0000] {dagbag.py:539} INFO - Filling up the DagBag from /opt/airflow/dags/dbt_dag.py
[2025-11-08T16:10:46.184+0000] {processor.py:839} INFO - DAG(s) dict_keys(['dbt_transform']) retrieved from /opt/airflow/dags/dbt_dag.py
[2025-11-08T16:10:46.266+0000] {logging_mixin.py:151} INFO - [2025-11-08T16:10:46.265+0000] {dag.py:2915} INFO - Sync 1 DAGs
[2025-11-08T16:10:46.322+0000] {logging_mixin.py:151} INFO - [2025-11-08T16:10:46.322+0000] {dag.py:3696} INFO - Setting next_dagrun for dbt_transform to 2025-11-08T16:08:16.284613+00:00, run_after=2025-11-08T16:13:16.284613+00:00
[2025-11-08T16:10:46.383+0000] {processor.py:179} INFO - Processing /opt/airflow/dags/dbt_dag.py took 0.279 seconds
[2025-11-08T16:11:16.604+0000] {processor.py:157} INFO - Started process (PID=9687) to work on /opt/airflow/dags/dbt_dag.py
[2025-11-08T16:11:16.606+0000] {processor.py:829} INFO - Processing file /opt/airflow/dags/dbt_dag.py for tasks to queue
[2025-11-08T16:11:16.609+0000] {logging_mixin.py:151} INFO - [2025-11-08T16:11:16.608+0000] {dagbag.py:539} INFO - Filling up the DagBag from /opt/airflow/dags/dbt_dag.py
[2025-11-08T16:11:16.680+0000] {processor.py:839} INFO - DAG(s) dict_keys(['dbt_transform']) retrieved from /opt/airflow/dags/dbt_dag.py
[2025-11-08T16:11:16.749+0000] {logging_mixin.py:151} INFO - [2025-11-08T16:11:16.749+0000] {dag.py:2915} INFO - Sync 1 DAGs
[2025-11-08T16:11:16.812+0000] {logging_mixin.py:151} INFO - [2025-11-08T16:11:16.811+0000] {dag.py:3696} INFO - Setting next_dagrun for dbt_transform to 2025-11-08T16:08:16.284613+00:00, run_after=2025-11-08T16:13:16.284613+00:00
[2025-11-08T16:11:16.863+0000] {processor.py:179} INFO - Processing /opt/airflow/dags/dbt_dag.py took 0.268 seconds
[2025-11-08T16:11:47.060+0000] {processor.py:157} INFO - Started process (PID=9692) to work on /opt/airflow/dags/dbt_dag.py
[2025-11-08T16:11:47.062+0000] {processor.py:829} INFO - Processing file /opt/airflow/dags/dbt_dag.py for tasks to queue
[2025-11-08T16:11:47.064+0000] {logging_mixin.py:151} INFO - [2025-11-08T16:11:47.063+0000] {dagbag.py:539} INFO - Filling up the DagBag from /opt/airflow/dags/dbt_dag.py
[2025-11-08T16:11:47.114+0000] {processor.py:839} INFO - DAG(s) dict_keys(['dbt_transform']) retrieved from /opt/airflow/dags/dbt_dag.py
[2025-11-08T16:11:47.178+0000] {logging_mixin.py:151} INFO - [2025-11-08T16:11:47.178+0000] {dag.py:2915} INFO - Sync 1 DAGs
[2025-11-08T16:11:47.234+0000] {logging_mixin.py:151} INFO - [2025-11-08T16:11:47.234+0000] {dag.py:3696} INFO - Setting next_dagrun for dbt_transform to 2025-11-08T16:08:16.284613+00:00, run_after=2025-11-08T16:13:16.284613+00:00
[2025-11-08T16:11:47.279+0000] {processor.py:179} INFO - Processing /opt/airflow/dags/dbt_dag.py took 0.227 seconds
[2025-11-08T16:12:17.542+0000] {processor.py:157} INFO - Started process (PID=9697) to work on /opt/airflow/dags/dbt_dag.py
[2025-11-08T16:12:17.544+0000] {processor.py:829} INFO - Processing file /opt/airflow/dags/dbt_dag.py for tasks to queue
[2025-11-08T16:12:17.545+0000] {logging_mixin.py:151} INFO - [2025-11-08T16:12:17.545+0000] {dagbag.py:539} INFO - Filling up the DagBag from /opt/airflow/dags/dbt_dag.py
[2025-11-08T16:12:17.584+0000] {processor.py:839} INFO - DAG(s) dict_keys(['dbt_transform']) retrieved from /opt/airflow/dags/dbt_dag.py
[2025-11-08T16:12:17.663+0000] {logging_mixin.py:151} INFO - [2025-11-08T16:12:17.663+0000] {dag.py:2915} INFO - Sync 1 DAGs
[2025-11-08T16:12:17.726+0000] {logging_mixin.py:151} INFO - [2025-11-08T16:12:17.725+0000] {dag.py:3696} INFO - Setting next_dagrun for dbt_transform to 2025-11-08T16:08:16.284613+00:00, run_after=2025-11-08T16:13:16.284613+00:00
[2025-11-08T16:12:17.784+0000] {processor.py:179} INFO - Processing /opt/airflow/dags/dbt_dag.py took 0.247 seconds
[2025-11-08T16:12:47.947+0000] {processor.py:157} INFO - Started process (PID=9702) to work on /opt/airflow/dags/dbt_dag.py
[2025-11-08T16:12:47.949+0000] {processor.py:829} INFO - Processing file /opt/airflow/dags/dbt_dag.py for tasks to queue
[2025-11-08T16:12:47.951+0000] {logging_mixin.py:151} INFO - [2025-11-08T16:12:47.950+0000] {dagbag.py:539} INFO - Filling up the DagBag from /opt/airflow/dags/dbt_dag.py
[2025-11-08T16:12:47.994+0000] {processor.py:839} INFO - DAG(s) dict_keys(['dbt_transform']) retrieved from /opt/airflow/dags/dbt_dag.py
[2025-11-08T16:12:48.062+0000] {logging_mixin.py:151} INFO - [2025-11-08T16:12:48.061+0000] {dag.py:2915} INFO - Sync 1 DAGs
[2025-11-08T16:12:48.115+0000] {logging_mixin.py:151} INFO - [2025-11-08T16:12:48.114+0000] {dag.py:3696} INFO - Setting next_dagrun for dbt_transform to 2025-11-08T16:08:16.284613+00:00, run_after=2025-11-08T16:13:16.284613+00:00
[2025-11-08T16:12:48.164+0000] {processor.py:179} INFO - Processing /opt/airflow/dags/dbt_dag.py took 0.226 seconds
[2025-11-08T16:13:18.442+0000] {processor.py:157} INFO - Started process (PID=9708) to work on /opt/airflow/dags/dbt_dag.py
[2025-11-08T16:13:18.444+0000] {processor.py:829} INFO - Processing file /opt/airflow/dags/dbt_dag.py for tasks to queue
[2025-11-08T16:13:18.447+0000] {logging_mixin.py:151} INFO - [2025-11-08T16:13:18.446+0000] {dagbag.py:539} INFO - Filling up the DagBag from /opt/airflow/dags/dbt_dag.py
[2025-11-08T16:13:18.501+0000] {processor.py:839} INFO - DAG(s) dict_keys(['dbt_transform']) retrieved from /opt/airflow/dags/dbt_dag.py
[2025-11-08T16:13:18.554+0000] {logging_mixin.py:151} INFO - [2025-11-08T16:13:18.554+0000] {dag.py:2915} INFO - Sync 1 DAGs
[2025-11-08T16:13:18.594+0000] {logging_mixin.py:151} INFO - [2025-11-08T16:13:18.594+0000] {dag.py:3696} INFO - Setting next_dagrun for dbt_transform to 2025-11-08T16:13:16.284613+00:00, run_after=2025-11-08T16:18:16.284613+00:00
[2025-11-08T16:13:18.632+0000] {processor.py:179} INFO - Processing /opt/airflow/dags/dbt_dag.py took 0.201 seconds
[2025-11-08T16:13:48.785+0000] {processor.py:157} INFO - Started process (PID=9806) to work on /opt/airflow/dags/dbt_dag.py
[2025-11-08T16:13:48.786+0000] {processor.py:829} INFO - Processing file /opt/airflow/dags/dbt_dag.py for tasks to queue
[2025-11-08T16:13:48.787+0000] {logging_mixin.py:151} INFO - [2025-11-08T16:13:48.787+0000] {dagbag.py:539} INFO - Filling up the DagBag from /opt/airflow/dags/dbt_dag.py
[2025-11-08T16:13:48.815+0000] {processor.py:839} INFO - DAG(s) dict_keys(['dbt_transform']) retrieved from /opt/airflow/dags/dbt_dag.py
[2025-11-08T16:13:48.868+0000] {logging_mixin.py:151} INFO - [2025-11-08T16:13:48.867+0000] {dag.py:2915} INFO - Sync 1 DAGs
[2025-11-08T16:13:48.920+0000] {logging_mixin.py:151} INFO - [2025-11-08T16:13:48.919+0000] {dag.py:3696} INFO - Setting next_dagrun for dbt_transform to 2025-11-08T16:13:40.226565+00:00, run_after=2025-11-08T16:18:40.226565+00:00
[2025-11-08T16:13:48.960+0000] {processor.py:179} INFO - Processing /opt/airflow/dags/dbt_dag.py took 0.180 seconds
[2025-11-08T16:14:19.130+0000] {processor.py:157} INFO - Started process (PID=9811) to work on /opt/airflow/dags/dbt_dag.py
[2025-11-08T16:14:19.133+0000] {processor.py:829} INFO - Processing file /opt/airflow/dags/dbt_dag.py for tasks to queue
[2025-11-08T16:14:19.134+0000] {logging_mixin.py:151} INFO - [2025-11-08T16:14:19.134+0000] {dagbag.py:539} INFO - Filling up the DagBag from /opt/airflow/dags/dbt_dag.py
[2025-11-08T16:14:19.161+0000] {processor.py:839} INFO - DAG(s) dict_keys(['dbt_transform']) retrieved from /opt/airflow/dags/dbt_dag.py
[2025-11-08T16:14:19.201+0000] {logging_mixin.py:151} INFO - [2025-11-08T16:14:19.201+0000] {dag.py:2915} INFO - Sync 1 DAGs
[2025-11-08T16:14:19.233+0000] {logging_mixin.py:151} INFO - [2025-11-08T16:14:19.233+0000] {dag.py:3696} INFO - Setting next_dagrun for dbt_transform to 2025-11-08T16:13:40.226565+00:00, run_after=2025-11-08T16:18:40.226565+00:00
[2025-11-08T16:14:19.263+0000] {processor.py:179} INFO - Processing /opt/airflow/dags/dbt_dag.py took 0.137 seconds
[2025-11-08T16:14:49.356+0000] {processor.py:157} INFO - Started process (PID=9816) to work on /opt/airflow/dags/dbt_dag.py
[2025-11-08T16:14:49.357+0000] {processor.py:829} INFO - Processing file /opt/airflow/dags/dbt_dag.py for tasks to queue
[2025-11-08T16:14:49.359+0000] {logging_mixin.py:151} INFO - [2025-11-08T16:14:49.358+0000] {dagbag.py:539} INFO - Filling up the DagBag from /opt/airflow/dags/dbt_dag.py
[2025-11-08T16:14:49.387+0000] {processor.py:839} INFO - DAG(s) dict_keys(['dbt_transform']) retrieved from /opt/airflow/dags/dbt_dag.py
[2025-11-08T16:14:49.429+0000] {logging_mixin.py:151} INFO - [2025-11-08T16:14:49.428+0000] {dag.py:2915} INFO - Sync 1 DAGs
[2025-11-08T16:14:49.467+0000] {logging_mixin.py:151} INFO - [2025-11-08T16:14:49.467+0000] {dag.py:3696} INFO - Setting next_dagrun for dbt_transform to 2025-11-08T16:13:40.226565+00:00, run_after=2025-11-08T16:18:40.226565+00:00
[2025-11-08T16:14:49.496+0000] {processor.py:179} INFO - Processing /opt/airflow/dags/dbt_dag.py took 0.145 seconds
[2025-11-08T16:15:19.719+0000] {processor.py:157} INFO - Started process (PID=9821) to work on /opt/airflow/dags/dbt_dag.py
[2025-11-08T16:15:19.720+0000] {processor.py:829} INFO - Processing file /opt/airflow/dags/dbt_dag.py for tasks to queue
[2025-11-08T16:15:19.722+0000] {logging_mixin.py:151} INFO - [2025-11-08T16:15:19.721+0000] {dagbag.py:539} INFO - Filling up the DagBag from /opt/airflow/dags/dbt_dag.py
[2025-11-08T16:15:19.755+0000] {processor.py:839} INFO - DAG(s) dict_keys(['dbt_transform']) retrieved from /opt/airflow/dags/dbt_dag.py
[2025-11-08T16:15:19.812+0000] {logging_mixin.py:151} INFO - [2025-11-08T16:15:19.812+0000] {dag.py:2915} INFO - Sync 1 DAGs
[2025-11-08T16:15:19.878+0000] {logging_mixin.py:151} INFO - [2025-11-08T16:15:19.877+0000] {dag.py:3696} INFO - Setting next_dagrun for dbt_transform to 2025-11-08T16:13:40.226565+00:00, run_after=2025-11-08T16:18:40.226565+00:00
[2025-11-08T16:15:19.918+0000] {processor.py:179} INFO - Processing /opt/airflow/dags/dbt_dag.py took 0.206 seconds
[2025-11-08T16:15:50.045+0000] {processor.py:157} INFO - Started process (PID=9826) to work on /opt/airflow/dags/dbt_dag.py
[2025-11-08T16:15:50.047+0000] {processor.py:829} INFO - Processing file /opt/airflow/dags/dbt_dag.py for tasks to queue
[2025-11-08T16:15:50.051+0000] {logging_mixin.py:151} INFO - [2025-11-08T16:15:50.048+0000] {dagbag.py:539} INFO - Filling up the DagBag from /opt/airflow/dags/dbt_dag.py
[2025-11-08T16:15:50.097+0000] {processor.py:839} INFO - DAG(s) dict_keys(['dbt_transform']) retrieved from /opt/airflow/dags/dbt_dag.py
[2025-11-08T16:15:50.174+0000] {logging_mixin.py:151} INFO - [2025-11-08T16:15:50.174+0000] {dag.py:2915} INFO - Sync 1 DAGs
[2025-11-08T16:15:50.234+0000] {logging_mixin.py:151} INFO - [2025-11-08T16:15:50.234+0000] {dag.py:3696} INFO - Setting next_dagrun for dbt_transform to 2025-11-08T16:13:40.226565+00:00, run_after=2025-11-08T16:18:40.226565+00:00
[2025-11-08T16:15:50.282+0000] {processor.py:179} INFO - Processing /opt/airflow/dags/dbt_dag.py took 0.247 seconds
[2025-11-08T16:16:20.596+0000] {processor.py:157} INFO - Started process (PID=9831) to work on /opt/airflow/dags/dbt_dag.py
[2025-11-08T16:16:20.598+0000] {processor.py:829} INFO - Processing file /opt/airflow/dags/dbt_dag.py for tasks to queue
[2025-11-08T16:16:20.601+0000] {logging_mixin.py:151} INFO - [2025-11-08T16:16:20.600+0000] {dagbag.py:539} INFO - Filling up the DagBag from /opt/airflow/dags/dbt_dag.py
[2025-11-08T16:16:20.648+0000] {processor.py:839} INFO - DAG(s) dict_keys(['dbt_transform']) retrieved from /opt/airflow/dags/dbt_dag.py
[2025-11-08T16:16:20.712+0000] {logging_mixin.py:151} INFO - [2025-11-08T16:16:20.711+0000] {dag.py:2915} INFO - Sync 1 DAGs
[2025-11-08T16:16:20.761+0000] {logging_mixin.py:151} INFO - [2025-11-08T16:16:20.760+0000] {dag.py:3696} INFO - Setting next_dagrun for dbt_transform to 2025-11-08T16:13:40.226565+00:00, run_after=2025-11-08T16:18:40.226565+00:00
[2025-11-08T16:16:20.807+0000] {processor.py:179} INFO - Processing /opt/airflow/dags/dbt_dag.py took 0.217 seconds
[2025-11-08T16:16:50.974+0000] {processor.py:157} INFO - Started process (PID=9836) to work on /opt/airflow/dags/dbt_dag.py
[2025-11-08T16:16:50.976+0000] {processor.py:829} INFO - Processing file /opt/airflow/dags/dbt_dag.py for tasks to queue
[2025-11-08T16:16:50.978+0000] {logging_mixin.py:151} INFO - [2025-11-08T16:16:50.977+0000] {dagbag.py:539} INFO - Filling up the DagBag from /opt/airflow/dags/dbt_dag.py
[2025-11-08T16:16:51.018+0000] {processor.py:839} INFO - DAG(s) dict_keys(['dbt_transform']) retrieved from /opt/airflow/dags/dbt_dag.py
[2025-11-08T16:16:51.078+0000] {logging_mixin.py:151} INFO - [2025-11-08T16:16:51.078+0000] {dag.py:2915} INFO - Sync 1 DAGs
[2025-11-08T16:16:51.111+0000] {logging_mixin.py:151} INFO - [2025-11-08T16:16:51.111+0000] {dag.py:3696} INFO - Setting next_dagrun for dbt_transform to 2025-11-08T16:13:40.226565+00:00, run_after=2025-11-08T16:18:40.226565+00:00
[2025-11-08T16:16:51.142+0000] {processor.py:179} INFO - Processing /opt/airflow/dags/dbt_dag.py took 0.174 seconds
[2025-11-08T16:17:21.455+0000] {processor.py:157} INFO - Started process (PID=9841) to work on /opt/airflow/dags/dbt_dag.py
[2025-11-08T16:17:21.456+0000] {processor.py:829} INFO - Processing file /opt/airflow/dags/dbt_dag.py for tasks to queue
[2025-11-08T16:17:21.459+0000] {logging_mixin.py:151} INFO - [2025-11-08T16:17:21.458+0000] {dagbag.py:539} INFO - Filling up the DagBag from /opt/airflow/dags/dbt_dag.py
[2025-11-08T16:17:21.521+0000] {processor.py:839} INFO - DAG(s) dict_keys(['dbt_transform']) retrieved from /opt/airflow/dags/dbt_dag.py
[2025-11-08T16:17:21.603+0000] {logging_mixin.py:151} INFO - [2025-11-08T16:17:21.602+0000] {dag.py:2915} INFO - Sync 1 DAGs
[2025-11-08T16:17:21.667+0000] {logging_mixin.py:151} INFO - [2025-11-08T16:17:21.667+0000] {dag.py:3696} INFO - Setting next_dagrun for dbt_transform to 2025-11-08T16:13:40.226565+00:00, run_after=2025-11-08T16:18:40.226565+00:00
[2025-11-08T16:17:21.717+0000] {processor.py:179} INFO - Processing /opt/airflow/dags/dbt_dag.py took 0.271 seconds
[2025-11-08T16:17:52.024+0000] {processor.py:157} INFO - Started process (PID=9846) to work on /opt/airflow/dags/dbt_dag.py
[2025-11-08T16:17:52.027+0000] {processor.py:829} INFO - Processing file /opt/airflow/dags/dbt_dag.py for tasks to queue
[2025-11-08T16:17:52.029+0000] {logging_mixin.py:151} INFO - [2025-11-08T16:17:52.028+0000] {dagbag.py:539} INFO - Filling up the DagBag from /opt/airflow/dags/dbt_dag.py
[2025-11-08T16:17:52.079+0000] {processor.py:839} INFO - DAG(s) dict_keys(['dbt_transform']) retrieved from /opt/airflow/dags/dbt_dag.py
[2025-11-08T16:17:52.149+0000] {logging_mixin.py:151} INFO - [2025-11-08T16:17:52.148+0000] {dag.py:2915} INFO - Sync 1 DAGs
[2025-11-08T16:17:52.204+0000] {logging_mixin.py:151} INFO - [2025-11-08T16:17:52.204+0000] {dag.py:3696} INFO - Setting next_dagrun for dbt_transform to 2025-11-08T16:13:40.226565+00:00, run_after=2025-11-08T16:18:40.226565+00:00
[2025-11-08T16:17:52.251+0000] {processor.py:179} INFO - Processing /opt/airflow/dags/dbt_dag.py took 0.236 seconds
[2025-11-08T16:18:22.635+0000] {processor.py:157} INFO - Started process (PID=9851) to work on /opt/airflow/dags/dbt_dag.py
[2025-11-08T16:18:22.637+0000] {processor.py:829} INFO - Processing file /opt/airflow/dags/dbt_dag.py for tasks to queue
[2025-11-08T16:18:22.639+0000] {logging_mixin.py:151} INFO - [2025-11-08T16:18:22.638+0000] {dagbag.py:539} INFO - Filling up the DagBag from /opt/airflow/dags/dbt_dag.py
[2025-11-08T16:18:22.691+0000] {processor.py:839} INFO - DAG(s) dict_keys(['dbt_transform']) retrieved from /opt/airflow/dags/dbt_dag.py
[2025-11-08T16:18:22.765+0000] {logging_mixin.py:151} INFO - [2025-11-08T16:18:22.764+0000] {dag.py:2915} INFO - Sync 1 DAGs
[2025-11-08T16:18:22.817+0000] {logging_mixin.py:151} INFO - [2025-11-08T16:18:22.817+0000] {dag.py:3696} INFO - Setting next_dagrun for dbt_transform to 2025-11-08T16:13:40.226565+00:00, run_after=2025-11-08T16:18:40.226565+00:00
[2025-11-08T16:18:22.869+0000] {processor.py:179} INFO - Processing /opt/airflow/dags/dbt_dag.py took 0.244 seconds
[2025-11-08T16:18:53.244+0000] {processor.py:157} INFO - Started process (PID=9938) to work on /opt/airflow/dags/dbt_dag.py
[2025-11-08T16:18:53.247+0000] {processor.py:829} INFO - Processing file /opt/airflow/dags/dbt_dag.py for tasks to queue
[2025-11-08T16:18:53.250+0000] {logging_mixin.py:151} INFO - [2025-11-08T16:18:53.249+0000] {dagbag.py:539} INFO - Filling up the DagBag from /opt/airflow/dags/dbt_dag.py
[2025-11-08T16:18:53.301+0000] {processor.py:839} INFO - DAG(s) dict_keys(['dbt_transform']) retrieved from /opt/airflow/dags/dbt_dag.py
[2025-11-08T16:18:53.388+0000] {logging_mixin.py:151} INFO - [2025-11-08T16:18:53.387+0000] {dag.py:2915} INFO - Sync 1 DAGs
[2025-11-08T16:18:53.457+0000] {logging_mixin.py:151} INFO - [2025-11-08T16:18:53.456+0000] {dag.py:3696} INFO - Setting next_dagrun for dbt_transform to 2025-11-08T16:18:42.722510+00:00, run_after=2025-11-08T16:23:42.722510+00:00
[2025-11-08T16:18:53.524+0000] {processor.py:179} INFO - Processing /opt/airflow/dags/dbt_dag.py took 0.295 seconds
[2025-11-08T16:19:23.908+0000] {processor.py:157} INFO - Started process (PID=9983) to work on /opt/airflow/dags/dbt_dag.py
[2025-11-08T16:19:23.911+0000] {processor.py:829} INFO - Processing file /opt/airflow/dags/dbt_dag.py for tasks to queue
[2025-11-08T16:19:23.913+0000] {logging_mixin.py:151} INFO - [2025-11-08T16:19:23.912+0000] {dagbag.py:539} INFO - Filling up the DagBag from /opt/airflow/dags/dbt_dag.py
[2025-11-08T16:19:23.953+0000] {processor.py:839} INFO - DAG(s) dict_keys(['dbt_transform']) retrieved from /opt/airflow/dags/dbt_dag.py
[2025-11-08T16:19:24.011+0000] {logging_mixin.py:151} INFO - [2025-11-08T16:19:24.011+0000] {dag.py:2915} INFO - Sync 1 DAGs
[2025-11-08T16:19:24.045+0000] {logging_mixin.py:151} INFO - [2025-11-08T16:19:24.044+0000] {dag.py:3696} INFO - Setting next_dagrun for dbt_transform to 2025-11-08T16:19:03.110965+00:00, run_after=2025-11-08T16:24:03.110965+00:00
[2025-11-08T16:19:24.090+0000] {processor.py:179} INFO - Processing /opt/airflow/dags/dbt_dag.py took 0.191 seconds
[2025-11-08T16:19:54.191+0000] {processor.py:157} INFO - Started process (PID=9988) to work on /opt/airflow/dags/dbt_dag.py
[2025-11-08T16:19:54.192+0000] {processor.py:829} INFO - Processing file /opt/airflow/dags/dbt_dag.py for tasks to queue
[2025-11-08T16:19:54.194+0000] {logging_mixin.py:151} INFO - [2025-11-08T16:19:54.193+0000] {dagbag.py:539} INFO - Filling up the DagBag from /opt/airflow/dags/dbt_dag.py
[2025-11-08T16:19:54.245+0000] {processor.py:839} INFO - DAG(s) dict_keys(['dbt_transform']) retrieved from /opt/airflow/dags/dbt_dag.py
[2025-11-08T16:19:54.304+0000] {logging_mixin.py:151} INFO - [2025-11-08T16:19:54.304+0000] {dag.py:2915} INFO - Sync 1 DAGs
[2025-11-08T16:19:54.354+0000] {logging_mixin.py:151} INFO - [2025-11-08T16:19:54.354+0000] {dag.py:3696} INFO - Setting next_dagrun for dbt_transform to 2025-11-08T16:19:03.110965+00:00, run_after=2025-11-08T16:24:03.110965+00:00
[2025-11-08T16:19:54.409+0000] {processor.py:179} INFO - Processing /opt/airflow/dags/dbt_dag.py took 0.223 seconds
[2025-11-08T16:20:24.733+0000] {processor.py:157} INFO - Started process (PID=9993) to work on /opt/airflow/dags/dbt_dag.py
[2025-11-08T16:20:24.734+0000] {processor.py:829} INFO - Processing file /opt/airflow/dags/dbt_dag.py for tasks to queue
[2025-11-08T16:20:24.736+0000] {logging_mixin.py:151} INFO - [2025-11-08T16:20:24.735+0000] {dagbag.py:539} INFO - Filling up the DagBag from /opt/airflow/dags/dbt_dag.py
[2025-11-08T16:20:24.777+0000] {processor.py:839} INFO - DAG(s) dict_keys(['dbt_transform']) retrieved from /opt/airflow/dags/dbt_dag.py
[2025-11-08T16:20:24.849+0000] {logging_mixin.py:151} INFO - [2025-11-08T16:20:24.849+0000] {dag.py:2915} INFO - Sync 1 DAGs
[2025-11-08T16:20:24.896+0000] {logging_mixin.py:151} INFO - [2025-11-08T16:20:24.895+0000] {dag.py:3696} INFO - Setting next_dagrun for dbt_transform to 2025-11-08T16:19:03.110965+00:00, run_after=2025-11-08T16:24:03.110965+00:00
[2025-11-08T16:20:24.938+0000] {processor.py:179} INFO - Processing /opt/airflow/dags/dbt_dag.py took 0.211 seconds
[2025-11-08T16:20:55.088+0000] {processor.py:157} INFO - Started process (PID=9998) to work on /opt/airflow/dags/dbt_dag.py
[2025-11-08T16:20:55.090+0000] {processor.py:829} INFO - Processing file /opt/airflow/dags/dbt_dag.py for tasks to queue
[2025-11-08T16:20:55.093+0000] {logging_mixin.py:151} INFO - [2025-11-08T16:20:55.092+0000] {dagbag.py:539} INFO - Filling up the DagBag from /opt/airflow/dags/dbt_dag.py
[2025-11-08T16:20:55.144+0000] {processor.py:839} INFO - DAG(s) dict_keys(['dbt_transform']) retrieved from /opt/airflow/dags/dbt_dag.py
[2025-11-08T16:20:55.218+0000] {logging_mixin.py:151} INFO - [2025-11-08T16:20:55.218+0000] {dag.py:2915} INFO - Sync 1 DAGs
[2025-11-08T16:20:55.273+0000] {logging_mixin.py:151} INFO - [2025-11-08T16:20:55.272+0000] {dag.py:3696} INFO - Setting next_dagrun for dbt_transform to 2025-11-08T16:19:03.110965+00:00, run_after=2025-11-08T16:24:03.110965+00:00
[2025-11-08T16:20:55.329+0000] {processor.py:179} INFO - Processing /opt/airflow/dags/dbt_dag.py took 0.248 seconds
[2025-11-08T16:21:25.574+0000] {processor.py:157} INFO - Started process (PID=10003) to work on /opt/airflow/dags/dbt_dag.py
[2025-11-08T16:21:25.575+0000] {processor.py:829} INFO - Processing file /opt/airflow/dags/dbt_dag.py for tasks to queue
[2025-11-08T16:21:25.578+0000] {logging_mixin.py:151} INFO - [2025-11-08T16:21:25.577+0000] {dagbag.py:539} INFO - Filling up the DagBag from /opt/airflow/dags/dbt_dag.py
[2025-11-08T16:21:25.614+0000] {processor.py:839} INFO - DAG(s) dict_keys(['dbt_transform']) retrieved from /opt/airflow/dags/dbt_dag.py
[2025-11-08T16:21:25.695+0000] {logging_mixin.py:151} INFO - [2025-11-08T16:21:25.694+0000] {dag.py:2915} INFO - Sync 1 DAGs
[2025-11-08T16:21:25.776+0000] {logging_mixin.py:151} INFO - [2025-11-08T16:21:25.775+0000] {dag.py:3696} INFO - Setting next_dagrun for dbt_transform to 2025-11-08T16:19:03.110965+00:00, run_after=2025-11-08T16:24:03.110965+00:00
[2025-11-08T16:21:25.823+0000] {processor.py:179} INFO - Processing /opt/airflow/dags/dbt_dag.py took 0.255 seconds
[2025-11-08T16:21:55.974+0000] {processor.py:157} INFO - Started process (PID=10008) to work on /opt/airflow/dags/dbt_dag.py
[2025-11-08T16:21:55.977+0000] {processor.py:829} INFO - Processing file /opt/airflow/dags/dbt_dag.py for tasks to queue
[2025-11-08T16:21:55.980+0000] {logging_mixin.py:151} INFO - [2025-11-08T16:21:55.979+0000] {dagbag.py:539} INFO - Filling up the DagBag from /opt/airflow/dags/dbt_dag.py
[2025-11-08T16:21:56.035+0000] {processor.py:839} INFO - DAG(s) dict_keys(['dbt_transform']) retrieved from /opt/airflow/dags/dbt_dag.py
[2025-11-08T16:21:56.100+0000] {logging_mixin.py:151} INFO - [2025-11-08T16:21:56.100+0000] {dag.py:2915} INFO - Sync 1 DAGs
[2025-11-08T16:21:56.153+0000] {logging_mixin.py:151} INFO - [2025-11-08T16:21:56.153+0000] {dag.py:3696} INFO - Setting next_dagrun for dbt_transform to 2025-11-08T16:19:03.110965+00:00, run_after=2025-11-08T16:24:03.110965+00:00
[2025-11-08T16:21:56.195+0000] {processor.py:179} INFO - Processing /opt/airflow/dags/dbt_dag.py took 0.230 seconds
[2025-11-08T16:22:26.542+0000] {processor.py:157} INFO - Started process (PID=10013) to work on /opt/airflow/dags/dbt_dag.py
[2025-11-08T16:22:26.543+0000] {processor.py:829} INFO - Processing file /opt/airflow/dags/dbt_dag.py for tasks to queue
[2025-11-08T16:22:26.545+0000] {logging_mixin.py:151} INFO - [2025-11-08T16:22:26.544+0000] {dagbag.py:539} INFO - Filling up the DagBag from /opt/airflow/dags/dbt_dag.py
[2025-11-08T16:22:26.590+0000] {processor.py:839} INFO - DAG(s) dict_keys(['dbt_transform']) retrieved from /opt/airflow/dags/dbt_dag.py
[2025-11-08T16:22:26.663+0000] {logging_mixin.py:151} INFO - [2025-11-08T16:22:26.662+0000] {dag.py:2915} INFO - Sync 1 DAGs
[2025-11-08T16:22:26.722+0000] {logging_mixin.py:151} INFO - [2025-11-08T16:22:26.721+0000] {dag.py:3696} INFO - Setting next_dagrun for dbt_transform to 2025-11-08T16:19:03.110965+00:00, run_after=2025-11-08T16:24:03.110965+00:00
[2025-11-08T16:22:26.781+0000] {processor.py:179} INFO - Processing /opt/airflow/dags/dbt_dag.py took 0.249 seconds
[2025-11-08T16:22:57.161+0000] {processor.py:157} INFO - Started process (PID=10018) to work on /opt/airflow/dags/dbt_dag.py
[2025-11-08T16:22:57.164+0000] {processor.py:829} INFO - Processing file /opt/airflow/dags/dbt_dag.py for tasks to queue
[2025-11-08T16:22:57.166+0000] {logging_mixin.py:151} INFO - [2025-11-08T16:22:57.166+0000] {dagbag.py:539} INFO - Filling up the DagBag from /opt/airflow/dags/dbt_dag.py
[2025-11-08T16:22:57.214+0000] {processor.py:839} INFO - DAG(s) dict_keys(['dbt_transform']) retrieved from /opt/airflow/dags/dbt_dag.py
[2025-11-08T16:22:57.291+0000] {logging_mixin.py:151} INFO - [2025-11-08T16:22:57.290+0000] {dag.py:2915} INFO - Sync 1 DAGs
[2025-11-08T16:22:57.350+0000] {logging_mixin.py:151} INFO - [2025-11-08T16:22:57.350+0000] {dag.py:3696} INFO - Setting next_dagrun for dbt_transform to 2025-11-08T16:19:03.110965+00:00, run_after=2025-11-08T16:24:03.110965+00:00
[2025-11-08T16:22:57.403+0000] {processor.py:179} INFO - Processing /opt/airflow/dags/dbt_dag.py took 0.251 seconds
[2025-11-08T16:23:27.780+0000] {processor.py:157} INFO - Started process (PID=10023) to work on /opt/airflow/dags/dbt_dag.py
[2025-11-08T16:23:27.782+0000] {processor.py:829} INFO - Processing file /opt/airflow/dags/dbt_dag.py for tasks to queue
[2025-11-08T16:23:27.785+0000] {logging_mixin.py:151} INFO - [2025-11-08T16:23:27.784+0000] {dagbag.py:539} INFO - Filling up the DagBag from /opt/airflow/dags/dbt_dag.py
[2025-11-08T16:23:27.827+0000] {processor.py:839} INFO - DAG(s) dict_keys(['dbt_transform']) retrieved from /opt/airflow/dags/dbt_dag.py
[2025-11-08T16:23:27.903+0000] {logging_mixin.py:151} INFO - [2025-11-08T16:23:27.902+0000] {dag.py:2915} INFO - Sync 1 DAGs
[2025-11-08T16:23:27.963+0000] {logging_mixin.py:151} INFO - [2025-11-08T16:23:27.963+0000] {dag.py:3696} INFO - Setting next_dagrun for dbt_transform to 2025-11-08T16:19:03.110965+00:00, run_after=2025-11-08T16:24:03.110965+00:00
[2025-11-08T16:23:28.013+0000] {processor.py:179} INFO - Processing /opt/airflow/dags/dbt_dag.py took 0.241 seconds
[2025-11-08T16:23:58.367+0000] {processor.py:157} INFO - Started process (PID=10042) to work on /opt/airflow/dags/dbt_dag.py
[2025-11-08T16:23:58.370+0000] {processor.py:829} INFO - Processing file /opt/airflow/dags/dbt_dag.py for tasks to queue
[2025-11-08T16:23:58.373+0000] {logging_mixin.py:151} INFO - [2025-11-08T16:23:58.372+0000] {dagbag.py:539} INFO - Filling up the DagBag from /opt/airflow/dags/dbt_dag.py
[2025-11-08T16:23:58.421+0000] {processor.py:839} INFO - DAG(s) dict_keys(['dbt_transform']) retrieved from /opt/airflow/dags/dbt_dag.py
[2025-11-08T16:23:58.474+0000] {logging_mixin.py:151} INFO - [2025-11-08T16:23:58.474+0000] {dag.py:2915} INFO - Sync 1 DAGs
[2025-11-08T16:23:58.512+0000] {logging_mixin.py:151} INFO - [2025-11-08T16:23:58.512+0000] {dag.py:3696} INFO - Setting next_dagrun for dbt_transform to 2025-11-08T16:19:03.110965+00:00, run_after=2025-11-08T16:24:03.110965+00:00
[2025-11-08T16:23:58.548+0000] {processor.py:179} INFO - Processing /opt/airflow/dags/dbt_dag.py took 0.195 seconds
[2025-11-08T16:24:28.865+0000] {processor.py:157} INFO - Started process (PID=10138) to work on /opt/airflow/dags/dbt_dag.py
[2025-11-08T16:24:28.866+0000] {processor.py:829} INFO - Processing file /opt/airflow/dags/dbt_dag.py for tasks to queue
[2025-11-08T16:24:28.868+0000] {logging_mixin.py:151} INFO - [2025-11-08T16:24:28.867+0000] {dagbag.py:539} INFO - Filling up the DagBag from /opt/airflow/dags/dbt_dag.py
[2025-11-08T16:24:28.907+0000] {processor.py:839} INFO - DAG(s) dict_keys(['dbt_transform']) retrieved from /opt/airflow/dags/dbt_dag.py
[2025-11-08T16:24:28.952+0000] {logging_mixin.py:151} INFO - [2025-11-08T16:24:28.952+0000] {dag.py:2915} INFO - Sync 1 DAGs
[2025-11-08T16:24:28.988+0000] {logging_mixin.py:151} INFO - [2025-11-08T16:24:28.987+0000] {dag.py:3696} INFO - Setting next_dagrun for dbt_transform to 2025-11-08T16:24:27.283511+00:00, run_after=2025-11-08T16:29:27.283511+00:00
[2025-11-08T16:24:29.021+0000] {processor.py:179} INFO - Processing /opt/airflow/dags/dbt_dag.py took 0.163 seconds
[2025-11-08T16:24:59.139+0000] {processor.py:157} INFO - Started process (PID=10169) to work on /opt/airflow/dags/dbt_dag.py
[2025-11-08T16:24:59.140+0000] {processor.py:829} INFO - Processing file /opt/airflow/dags/dbt_dag.py for tasks to queue
[2025-11-08T16:24:59.142+0000] {logging_mixin.py:151} INFO - [2025-11-08T16:24:59.142+0000] {dagbag.py:539} INFO - Filling up the DagBag from /opt/airflow/dags/dbt_dag.py
[2025-11-08T16:24:59.180+0000] {processor.py:839} INFO - DAG(s) dict_keys(['dbt_transform']) retrieved from /opt/airflow/dags/dbt_dag.py
[2025-11-08T16:24:59.243+0000] {logging_mixin.py:151} INFO - [2025-11-08T16:24:59.242+0000] {dag.py:2915} INFO - Sync 1 DAGs
[2025-11-08T16:24:59.290+0000] {logging_mixin.py:151} INFO - [2025-11-08T16:24:59.289+0000] {dag.py:3696} INFO - Setting next_dagrun for dbt_transform to 2025-11-08T16:24:29.249369+00:00, run_after=2025-11-08T16:29:29.249369+00:00
[2025-11-08T16:24:59.339+0000] {processor.py:179} INFO - Processing /opt/airflow/dags/dbt_dag.py took 0.208 seconds
[2025-11-08T16:25:29.614+0000] {processor.py:157} INFO - Started process (PID=10174) to work on /opt/airflow/dags/dbt_dag.py
[2025-11-08T16:25:29.615+0000] {processor.py:829} INFO - Processing file /opt/airflow/dags/dbt_dag.py for tasks to queue
[2025-11-08T16:25:29.617+0000] {logging_mixin.py:151} INFO - [2025-11-08T16:25:29.616+0000] {dagbag.py:539} INFO - Filling up the DagBag from /opt/airflow/dags/dbt_dag.py
[2025-11-08T16:25:29.657+0000] {processor.py:839} INFO - DAG(s) dict_keys(['dbt_transform']) retrieved from /opt/airflow/dags/dbt_dag.py
[2025-11-08T16:25:29.722+0000] {logging_mixin.py:151} INFO - [2025-11-08T16:25:29.722+0000] {dag.py:2915} INFO - Sync 1 DAGs
[2025-11-08T16:25:29.761+0000] {logging_mixin.py:151} INFO - [2025-11-08T16:25:29.761+0000] {dag.py:3696} INFO - Setting next_dagrun for dbt_transform to 2025-11-08T16:24:29.249369+00:00, run_after=2025-11-08T16:29:29.249369+00:00
[2025-11-08T16:25:29.800+0000] {processor.py:179} INFO - Processing /opt/airflow/dags/dbt_dag.py took 0.192 seconds
[2025-11-08T16:25:59.999+0000] {processor.py:157} INFO - Started process (PID=10179) to work on /opt/airflow/dags/dbt_dag.py
[2025-11-08T16:26:00.002+0000] {processor.py:829} INFO - Processing file /opt/airflow/dags/dbt_dag.py for tasks to queue
[2025-11-08T16:26:00.005+0000] {logging_mixin.py:151} INFO - [2025-11-08T16:26:00.003+0000] {dagbag.py:539} INFO - Filling up the DagBag from /opt/airflow/dags/dbt_dag.py
[2025-11-08T16:26:00.059+0000] {processor.py:839} INFO - DAG(s) dict_keys(['dbt_transform']) retrieved from /opt/airflow/dags/dbt_dag.py
[2025-11-08T16:26:00.122+0000] {logging_mixin.py:151} INFO - [2025-11-08T16:26:00.121+0000] {dag.py:2915} INFO - Sync 1 DAGs
[2025-11-08T16:26:00.186+0000] {logging_mixin.py:151} INFO - [2025-11-08T16:26:00.185+0000] {dag.py:3696} INFO - Setting next_dagrun for dbt_transform to 2025-11-08T16:24:29.249369+00:00, run_after=2025-11-08T16:29:29.249369+00:00
[2025-11-08T16:26:00.244+0000] {processor.py:179} INFO - Processing /opt/airflow/dags/dbt_dag.py took 0.253 seconds
[2025-11-08T16:26:30.491+0000] {processor.py:157} INFO - Started process (PID=10184) to work on /opt/airflow/dags/dbt_dag.py
[2025-11-08T16:26:30.494+0000] {processor.py:829} INFO - Processing file /opt/airflow/dags/dbt_dag.py for tasks to queue
[2025-11-08T16:26:30.496+0000] {logging_mixin.py:151} INFO - [2025-11-08T16:26:30.495+0000] {dagbag.py:539} INFO - Filling up the DagBag from /opt/airflow/dags/dbt_dag.py
[2025-11-08T16:26:30.541+0000] {processor.py:839} INFO - DAG(s) dict_keys(['dbt_transform']) retrieved from /opt/airflow/dags/dbt_dag.py
[2025-11-08T16:26:30.610+0000] {logging_mixin.py:151} INFO - [2025-11-08T16:26:30.610+0000] {dag.py:2915} INFO - Sync 1 DAGs
[2025-11-08T16:26:30.662+0000] {logging_mixin.py:151} INFO - [2025-11-08T16:26:30.661+0000] {dag.py:3696} INFO - Setting next_dagrun for dbt_transform to 2025-11-08T16:24:29.249369+00:00, run_after=2025-11-08T16:29:29.249369+00:00
[2025-11-08T16:26:30.710+0000] {processor.py:179} INFO - Processing /opt/airflow/dags/dbt_dag.py took 0.226 seconds
[2025-11-08T16:27:00.893+0000] {processor.py:157} INFO - Started process (PID=10189) to work on /opt/airflow/dags/dbt_dag.py
[2025-11-08T16:27:00.894+0000] {processor.py:829} INFO - Processing file /opt/airflow/dags/dbt_dag.py for tasks to queue
[2025-11-08T16:27:00.897+0000] {logging_mixin.py:151} INFO - [2025-11-08T16:27:00.896+0000] {dagbag.py:539} INFO - Filling up the DagBag from /opt/airflow/dags/dbt_dag.py
[2025-11-08T16:27:00.932+0000] {processor.py:839} INFO - DAG(s) dict_keys(['dbt_transform']) retrieved from /opt/airflow/dags/dbt_dag.py
[2025-11-08T16:27:00.976+0000] {logging_mixin.py:151} INFO - [2025-11-08T16:27:00.976+0000] {dag.py:2915} INFO - Sync 1 DAGs
[2025-11-08T16:27:01.009+0000] {logging_mixin.py:151} INFO - [2025-11-08T16:27:01.009+0000] {dag.py:3696} INFO - Setting next_dagrun for dbt_transform to 2025-11-08T16:24:29.249369+00:00, run_after=2025-11-08T16:29:29.249369+00:00
[2025-11-08T16:27:01.038+0000] {processor.py:179} INFO - Processing /opt/airflow/dags/dbt_dag.py took 0.152 seconds
[2025-11-08T16:27:31.179+0000] {processor.py:157} INFO - Started process (PID=10194) to work on /opt/airflow/dags/dbt_dag.py
[2025-11-08T16:27:31.180+0000] {processor.py:829} INFO - Processing file /opt/airflow/dags/dbt_dag.py for tasks to queue
[2025-11-08T16:27:31.182+0000] {logging_mixin.py:151} INFO - [2025-11-08T16:27:31.182+0000] {dagbag.py:539} INFO - Filling up the DagBag from /opt/airflow/dags/dbt_dag.py
[2025-11-08T16:27:31.217+0000] {processor.py:839} INFO - DAG(s) dict_keys(['dbt_transform']) retrieved from /opt/airflow/dags/dbt_dag.py
[2025-11-08T16:27:31.277+0000] {logging_mixin.py:151} INFO - [2025-11-08T16:27:31.277+0000] {dag.py:2915} INFO - Sync 1 DAGs
[2025-11-08T16:27:31.314+0000] {logging_mixin.py:151} INFO - [2025-11-08T16:27:31.313+0000] {dag.py:3696} INFO - Setting next_dagrun for dbt_transform to 2025-11-08T16:24:29.249369+00:00, run_after=2025-11-08T16:29:29.249369+00:00
[2025-11-08T16:27:31.342+0000] {processor.py:179} INFO - Processing /opt/airflow/dags/dbt_dag.py took 0.169 seconds
[2025-11-08T16:28:01.410+0000] {processor.py:157} INFO - Started process (PID=10199) to work on /opt/airflow/dags/dbt_dag.py
[2025-11-08T16:28:01.411+0000] {processor.py:829} INFO - Processing file /opt/airflow/dags/dbt_dag.py for tasks to queue
[2025-11-08T16:28:01.412+0000] {logging_mixin.py:151} INFO - [2025-11-08T16:28:01.411+0000] {dagbag.py:539} INFO - Filling up the DagBag from /opt/airflow/dags/dbt_dag.py
[2025-11-08T16:28:01.438+0000] {processor.py:839} INFO - DAG(s) dict_keys(['dbt_transform']) retrieved from /opt/airflow/dags/dbt_dag.py
[2025-11-08T16:28:01.482+0000] {logging_mixin.py:151} INFO - [2025-11-08T16:28:01.482+0000] {dag.py:2915} INFO - Sync 1 DAGs
[2025-11-08T16:28:01.518+0000] {logging_mixin.py:151} INFO - [2025-11-08T16:28:01.518+0000] {dag.py:3696} INFO - Setting next_dagrun for dbt_transform to 2025-11-08T16:24:29.249369+00:00, run_after=2025-11-08T16:29:29.249369+00:00
[2025-11-08T16:28:01.546+0000] {processor.py:179} INFO - Processing /opt/airflow/dags/dbt_dag.py took 0.139 seconds
[2025-11-08T16:28:31.796+0000] {processor.py:157} INFO - Started process (PID=10204) to work on /opt/airflow/dags/dbt_dag.py
[2025-11-08T16:28:31.797+0000] {processor.py:829} INFO - Processing file /opt/airflow/dags/dbt_dag.py for tasks to queue
[2025-11-08T16:28:31.799+0000] {logging_mixin.py:151} INFO - [2025-11-08T16:28:31.798+0000] {dagbag.py:539} INFO - Filling up the DagBag from /opt/airflow/dags/dbt_dag.py
[2025-11-08T16:28:31.830+0000] {processor.py:839} INFO - DAG(s) dict_keys(['dbt_transform']) retrieved from /opt/airflow/dags/dbt_dag.py
[2025-11-08T16:28:31.878+0000] {logging_mixin.py:151} INFO - [2025-11-08T16:28:31.877+0000] {dag.py:2915} INFO - Sync 1 DAGs
[2025-11-08T16:28:31.975+0000] {logging_mixin.py:151} INFO - [2025-11-08T16:28:31.974+0000] {dag.py:3696} INFO - Setting next_dagrun for dbt_transform to 2025-11-08T16:24:29.249369+00:00, run_after=2025-11-08T16:29:29.249369+00:00
[2025-11-08T16:28:32.012+0000] {processor.py:179} INFO - Processing /opt/airflow/dags/dbt_dag.py took 0.221 seconds
[2025-11-08T16:29:02.309+0000] {processor.py:157} INFO - Started process (PID=10209) to work on /opt/airflow/dags/dbt_dag.py
[2025-11-08T16:29:02.311+0000] {processor.py:829} INFO - Processing file /opt/airflow/dags/dbt_dag.py for tasks to queue
[2025-11-08T16:29:02.313+0000] {logging_mixin.py:151} INFO - [2025-11-08T16:29:02.313+0000] {dagbag.py:539} INFO - Filling up the DagBag from /opt/airflow/dags/dbt_dag.py
[2025-11-08T16:29:02.355+0000] {processor.py:839} INFO - DAG(s) dict_keys(['dbt_transform']) retrieved from /opt/airflow/dags/dbt_dag.py
[2025-11-08T16:29:02.412+0000] {logging_mixin.py:151} INFO - [2025-11-08T16:29:02.411+0000] {dag.py:2915} INFO - Sync 1 DAGs
[2025-11-08T16:29:02.454+0000] {logging_mixin.py:151} INFO - [2025-11-08T16:29:02.454+0000] {dag.py:3696} INFO - Setting next_dagrun for dbt_transform to 2025-11-08T16:24:29.249369+00:00, run_after=2025-11-08T16:29:29.249369+00:00
[2025-11-08T16:29:02.495+0000] {processor.py:179} INFO - Processing /opt/airflow/dags/dbt_dag.py took 0.194 seconds
[2025-11-08T16:29:32.769+0000] {processor.py:157} INFO - Started process (PID=10281) to work on /opt/airflow/dags/dbt_dag.py
[2025-11-08T16:29:32.775+0000] {processor.py:829} INFO - Processing file /opt/airflow/dags/dbt_dag.py for tasks to queue
[2025-11-08T16:29:32.777+0000] {logging_mixin.py:151} INFO - [2025-11-08T16:29:32.777+0000] {dagbag.py:539} INFO - Filling up the DagBag from /opt/airflow/dags/dbt_dag.py
[2025-11-08T16:29:32.811+0000] {processor.py:839} INFO - DAG(s) dict_keys(['dbt_transform']) retrieved from /opt/airflow/dags/dbt_dag.py
[2025-11-08T16:29:32.856+0000] {logging_mixin.py:151} INFO - [2025-11-08T16:29:32.856+0000] {dag.py:2915} INFO - Sync 1 DAGs
[2025-11-08T16:29:32.896+0000] {logging_mixin.py:151} INFO - [2025-11-08T16:29:32.895+0000] {dag.py:3696} INFO - Setting next_dagrun for dbt_transform to 2025-11-08T16:29:26.121524+00:00, run_after=2025-11-08T16:34:26.121524+00:00
[2025-11-08T16:29:32.929+0000] {processor.py:179} INFO - Processing /opt/airflow/dags/dbt_dag.py took 0.165 seconds
[2025-11-08T16:30:03.187+0000] {processor.py:157} INFO - Started process (PID=10350) to work on /opt/airflow/dags/dbt_dag.py
[2025-11-08T16:30:03.189+0000] {processor.py:829} INFO - Processing file /opt/airflow/dags/dbt_dag.py for tasks to queue
[2025-11-08T16:30:03.190+0000] {logging_mixin.py:151} INFO - [2025-11-08T16:30:03.190+0000] {dagbag.py:539} INFO - Filling up the DagBag from /opt/airflow/dags/dbt_dag.py
[2025-11-08T16:30:03.221+0000] {processor.py:839} INFO - DAG(s) dict_keys(['dbt_transform']) retrieved from /opt/airflow/dags/dbt_dag.py
[2025-11-08T16:30:03.268+0000] {logging_mixin.py:151} INFO - [2025-11-08T16:30:03.268+0000] {dag.py:2915} INFO - Sync 1 DAGs
[2025-11-08T16:30:03.303+0000] {logging_mixin.py:151} INFO - [2025-11-08T16:30:03.303+0000] {dag.py:3696} INFO - Setting next_dagrun for dbt_transform to 2025-11-08T16:29:52.833971+00:00, run_after=2025-11-08T16:34:52.833971+00:00
[2025-11-08T16:30:03.336+0000] {processor.py:179} INFO - Processing /opt/airflow/dags/dbt_dag.py took 0.155 seconds
[2025-11-08T16:30:33.412+0000] {processor.py:157} INFO - Started process (PID=10355) to work on /opt/airflow/dags/dbt_dag.py
[2025-11-08T16:30:33.413+0000] {processor.py:829} INFO - Processing file /opt/airflow/dags/dbt_dag.py for tasks to queue
[2025-11-08T16:30:33.415+0000] {logging_mixin.py:151} INFO - [2025-11-08T16:30:33.415+0000] {dagbag.py:539} INFO - Filling up the DagBag from /opt/airflow/dags/dbt_dag.py
[2025-11-08T16:30:33.451+0000] {processor.py:839} INFO - DAG(s) dict_keys(['dbt_transform']) retrieved from /opt/airflow/dags/dbt_dag.py
[2025-11-08T16:30:33.505+0000] {logging_mixin.py:151} INFO - [2025-11-08T16:30:33.505+0000] {dag.py:2915} INFO - Sync 1 DAGs
[2025-11-08T16:30:33.544+0000] {logging_mixin.py:151} INFO - [2025-11-08T16:30:33.544+0000] {dag.py:3696} INFO - Setting next_dagrun for dbt_transform to 2025-11-08T16:29:52.833971+00:00, run_after=2025-11-08T16:34:52.833971+00:00
[2025-11-08T16:30:33.578+0000] {processor.py:179} INFO - Processing /opt/airflow/dags/dbt_dag.py took 0.173 seconds
[2025-11-08T16:31:03.765+0000] {processor.py:157} INFO - Started process (PID=10360) to work on /opt/airflow/dags/dbt_dag.py
[2025-11-08T16:31:03.766+0000] {processor.py:829} INFO - Processing file /opt/airflow/dags/dbt_dag.py for tasks to queue
[2025-11-08T16:31:03.768+0000] {logging_mixin.py:151} INFO - [2025-11-08T16:31:03.768+0000] {dagbag.py:539} INFO - Filling up the DagBag from /opt/airflow/dags/dbt_dag.py
[2025-11-08T16:31:03.796+0000] {processor.py:839} INFO - DAG(s) dict_keys(['dbt_transform']) retrieved from /opt/airflow/dags/dbt_dag.py
[2025-11-08T16:31:03.837+0000] {logging_mixin.py:151} INFO - [2025-11-08T16:31:03.837+0000] {dag.py:2915} INFO - Sync 1 DAGs
[2025-11-08T16:31:03.865+0000] {logging_mixin.py:151} INFO - [2025-11-08T16:31:03.865+0000] {dag.py:3696} INFO - Setting next_dagrun for dbt_transform to 2025-11-08T16:29:52.833971+00:00, run_after=2025-11-08T16:34:52.833971+00:00
[2025-11-08T16:31:03.894+0000] {processor.py:179} INFO - Processing /opt/airflow/dags/dbt_dag.py took 0.135 seconds
[2025-11-08T16:31:34.030+0000] {processor.py:157} INFO - Started process (PID=10365) to work on /opt/airflow/dags/dbt_dag.py
[2025-11-08T16:31:34.032+0000] {processor.py:829} INFO - Processing file /opt/airflow/dags/dbt_dag.py for tasks to queue
[2025-11-08T16:31:34.034+0000] {logging_mixin.py:151} INFO - [2025-11-08T16:31:34.033+0000] {dagbag.py:539} INFO - Filling up the DagBag from /opt/airflow/dags/dbt_dag.py
[2025-11-08T16:31:34.066+0000] {processor.py:839} INFO - DAG(s) dict_keys(['dbt_transform']) retrieved from /opt/airflow/dags/dbt_dag.py
[2025-11-08T16:31:34.137+0000] {logging_mixin.py:151} INFO - [2025-11-08T16:31:34.137+0000] {dag.py:2915} INFO - Sync 1 DAGs
[2025-11-08T16:31:34.199+0000] {logging_mixin.py:151} INFO - [2025-11-08T16:31:34.199+0000] {dag.py:3696} INFO - Setting next_dagrun for dbt_transform to 2025-11-08T16:29:52.833971+00:00, run_after=2025-11-08T16:34:52.833971+00:00
[2025-11-08T16:31:34.246+0000] {processor.py:179} INFO - Processing /opt/airflow/dags/dbt_dag.py took 0.225 seconds
[2025-11-08T16:32:04.468+0000] {processor.py:157} INFO - Started process (PID=10370) to work on /opt/airflow/dags/dbt_dag.py
[2025-11-08T16:32:04.470+0000] {processor.py:829} INFO - Processing file /opt/airflow/dags/dbt_dag.py for tasks to queue
[2025-11-08T16:32:04.472+0000] {logging_mixin.py:151} INFO - [2025-11-08T16:32:04.471+0000] {dagbag.py:539} INFO - Filling up the DagBag from /opt/airflow/dags/dbt_dag.py
[2025-11-08T16:32:04.510+0000] {processor.py:839} INFO - DAG(s) dict_keys(['dbt_transform']) retrieved from /opt/airflow/dags/dbt_dag.py
[2025-11-08T16:32:04.564+0000] {logging_mixin.py:151} INFO - [2025-11-08T16:32:04.564+0000] {dag.py:2915} INFO - Sync 1 DAGs
[2025-11-08T16:32:04.615+0000] {logging_mixin.py:151} INFO - [2025-11-08T16:32:04.614+0000] {dag.py:3696} INFO - Setting next_dagrun for dbt_transform to 2025-11-08T16:29:52.833971+00:00, run_after=2025-11-08T16:34:52.833971+00:00
[2025-11-08T16:32:04.651+0000] {processor.py:179} INFO - Processing /opt/airflow/dags/dbt_dag.py took 0.192 seconds
[2025-11-08T16:32:34.868+0000] {processor.py:157} INFO - Started process (PID=10375) to work on /opt/airflow/dags/dbt_dag.py
[2025-11-08T16:32:34.870+0000] {processor.py:829} INFO - Processing file /opt/airflow/dags/dbt_dag.py for tasks to queue
[2025-11-08T16:32:34.873+0000] {logging_mixin.py:151} INFO - [2025-11-08T16:32:34.872+0000] {dagbag.py:539} INFO - Filling up the DagBag from /opt/airflow/dags/dbt_dag.py
[2025-11-08T16:32:34.950+0000] {processor.py:839} INFO - DAG(s) dict_keys(['dbt_transform']) retrieved from /opt/airflow/dags/dbt_dag.py
[2025-11-08T16:32:35.033+0000] {logging_mixin.py:151} INFO - [2025-11-08T16:32:35.032+0000] {dag.py:2915} INFO - Sync 1 DAGs
[2025-11-08T16:32:35.086+0000] {logging_mixin.py:151} INFO - [2025-11-08T16:32:35.085+0000] {dag.py:3696} INFO - Setting next_dagrun for dbt_transform to 2025-11-08T16:29:52.833971+00:00, run_after=2025-11-08T16:34:52.833971+00:00
[2025-11-08T16:32:35.122+0000] {processor.py:179} INFO - Processing /opt/airflow/dags/dbt_dag.py took 0.263 seconds
[2025-11-08T16:33:05.217+0000] {processor.py:157} INFO - Started process (PID=10380) to work on /opt/airflow/dags/dbt_dag.py
[2025-11-08T16:33:05.218+0000] {processor.py:829} INFO - Processing file /opt/airflow/dags/dbt_dag.py for tasks to queue
[2025-11-08T16:33:05.220+0000] {logging_mixin.py:151} INFO - [2025-11-08T16:33:05.220+0000] {dagbag.py:539} INFO - Filling up the DagBag from /opt/airflow/dags/dbt_dag.py
[2025-11-08T16:33:05.260+0000] {processor.py:839} INFO - DAG(s) dict_keys(['dbt_transform']) retrieved from /opt/airflow/dags/dbt_dag.py
[2025-11-08T16:33:05.320+0000] {logging_mixin.py:151} INFO - [2025-11-08T16:33:05.319+0000] {dag.py:2915} INFO - Sync 1 DAGs
[2025-11-08T16:33:05.360+0000] {logging_mixin.py:151} INFO - [2025-11-08T16:33:05.359+0000] {dag.py:3696} INFO - Setting next_dagrun for dbt_transform to 2025-11-08T16:29:52.833971+00:00, run_after=2025-11-08T16:34:52.833971+00:00
[2025-11-08T16:33:05.396+0000] {processor.py:179} INFO - Processing /opt/airflow/dags/dbt_dag.py took 0.187 seconds
[2025-11-08T16:33:35.668+0000] {processor.py:157} INFO - Started process (PID=10385) to work on /opt/airflow/dags/dbt_dag.py
[2025-11-08T16:33:35.670+0000] {processor.py:829} INFO - Processing file /opt/airflow/dags/dbt_dag.py for tasks to queue
[2025-11-08T16:33:35.672+0000] {logging_mixin.py:151} INFO - [2025-11-08T16:33:35.671+0000] {dagbag.py:539} INFO - Filling up the DagBag from /opt/airflow/dags/dbt_dag.py
[2025-11-08T16:33:35.711+0000] {processor.py:839} INFO - DAG(s) dict_keys(['dbt_transform']) retrieved from /opt/airflow/dags/dbt_dag.py
[2025-11-08T16:33:35.758+0000] {logging_mixin.py:151} INFO - [2025-11-08T16:33:35.758+0000] {dag.py:2915} INFO - Sync 1 DAGs
[2025-11-08T16:33:35.798+0000] {logging_mixin.py:151} INFO - [2025-11-08T16:33:35.797+0000] {dag.py:3696} INFO - Setting next_dagrun for dbt_transform to 2025-11-08T16:29:52.833971+00:00, run_after=2025-11-08T16:34:52.833971+00:00
[2025-11-08T16:33:35.837+0000] {processor.py:179} INFO - Processing /opt/airflow/dags/dbt_dag.py took 0.175 seconds
[2025-11-08T16:34:05.935+0000] {processor.py:157} INFO - Started process (PID=10390) to work on /opt/airflow/dags/dbt_dag.py
[2025-11-08T16:34:05.937+0000] {processor.py:829} INFO - Processing file /opt/airflow/dags/dbt_dag.py for tasks to queue
[2025-11-08T16:34:05.940+0000] {logging_mixin.py:151} INFO - [2025-11-08T16:34:05.938+0000] {dagbag.py:539} INFO - Filling up the DagBag from /opt/airflow/dags/dbt_dag.py
[2025-11-08T16:34:05.974+0000] {processor.py:839} INFO - DAG(s) dict_keys(['dbt_transform']) retrieved from /opt/airflow/dags/dbt_dag.py
[2025-11-08T16:34:06.041+0000] {logging_mixin.py:151} INFO - [2025-11-08T16:34:06.041+0000] {dag.py:2915} INFO - Sync 1 DAGs
[2025-11-08T16:34:06.092+0000] {logging_mixin.py:151} INFO - [2025-11-08T16:34:06.091+0000] {dag.py:3696} INFO - Setting next_dagrun for dbt_transform to 2025-11-08T16:29:52.833971+00:00, run_after=2025-11-08T16:34:52.833971+00:00
[2025-11-08T16:34:06.133+0000] {processor.py:179} INFO - Processing /opt/airflow/dags/dbt_dag.py took 0.204 seconds
[2025-11-08T16:34:36.356+0000] {processor.py:157} INFO - Started process (PID=10396) to work on /opt/airflow/dags/dbt_dag.py
[2025-11-08T16:34:36.357+0000] {processor.py:829} INFO - Processing file /opt/airflow/dags/dbt_dag.py for tasks to queue
[2025-11-08T16:34:36.358+0000] {logging_mixin.py:151} INFO - [2025-11-08T16:34:36.358+0000] {dagbag.py:539} INFO - Filling up the DagBag from /opt/airflow/dags/dbt_dag.py
[2025-11-08T16:34:36.390+0000] {processor.py:839} INFO - DAG(s) dict_keys(['dbt_transform']) retrieved from /opt/airflow/dags/dbt_dag.py
[2025-11-08T16:34:36.445+0000] {logging_mixin.py:151} INFO - [2025-11-08T16:34:36.444+0000] {dag.py:2915} INFO - Sync 1 DAGs
[2025-11-08T16:34:36.484+0000] {logging_mixin.py:151} INFO - [2025-11-08T16:34:36.483+0000] {dag.py:3696} INFO - Setting next_dagrun for dbt_transform to 2025-11-08T16:29:52.833971+00:00, run_after=2025-11-08T16:34:52.833971+00:00
[2025-11-08T16:34:36.514+0000] {processor.py:179} INFO - Processing /opt/airflow/dags/dbt_dag.py took 0.163 seconds
[2025-11-08T16:35:06.671+0000] {processor.py:157} INFO - Started process (PID=10507) to work on /opt/airflow/dags/dbt_dag.py
[2025-11-08T16:35:06.674+0000] {processor.py:829} INFO - Processing file /opt/airflow/dags/dbt_dag.py for tasks to queue
[2025-11-08T16:35:06.677+0000] {logging_mixin.py:151} INFO - [2025-11-08T16:35:06.675+0000] {dagbag.py:539} INFO - Filling up the DagBag from /opt/airflow/dags/dbt_dag.py
[2025-11-08T16:35:06.734+0000] {processor.py:839} INFO - DAG(s) dict_keys(['dbt_transform']) retrieved from /opt/airflow/dags/dbt_dag.py
[2025-11-08T16:35:06.811+0000] {logging_mixin.py:151} INFO - [2025-11-08T16:35:06.811+0000] {dag.py:2915} INFO - Sync 1 DAGs
[2025-11-08T16:35:06.864+0000] {logging_mixin.py:151} INFO - [2025-11-08T16:35:06.864+0000] {dag.py:3696} INFO - Setting next_dagrun for dbt_transform to 2025-11-08T16:34:56.322364+00:00, run_after=2025-11-08T16:39:56.322364+00:00
[2025-11-08T16:35:06.908+0000] {processor.py:179} INFO - Processing /opt/airflow/dags/dbt_dag.py took 0.255 seconds
[2025-11-08T16:35:37.038+0000] {processor.py:157} INFO - Started process (PID=10538) to work on /opt/airflow/dags/dbt_dag.py
[2025-11-08T16:35:37.039+0000] {processor.py:829} INFO - Processing file /opt/airflow/dags/dbt_dag.py for tasks to queue
[2025-11-08T16:35:37.041+0000] {logging_mixin.py:151} INFO - [2025-11-08T16:35:37.040+0000] {dagbag.py:539} INFO - Filling up the DagBag from /opt/airflow/dags/dbt_dag.py
[2025-11-08T16:35:37.068+0000] {processor.py:839} INFO - DAG(s) dict_keys(['dbt_transform']) retrieved from /opt/airflow/dags/dbt_dag.py
[2025-11-08T16:35:37.107+0000] {logging_mixin.py:151} INFO - [2025-11-08T16:35:37.107+0000] {dag.py:2915} INFO - Sync 1 DAGs
[2025-11-08T16:35:37.132+0000] {logging_mixin.py:151} INFO - [2025-11-08T16:35:37.132+0000] {dag.py:3696} INFO - Setting next_dagrun for dbt_transform to 2025-11-08T16:35:16.464133+00:00, run_after=2025-11-08T16:40:16.464133+00:00
[2025-11-08T16:35:37.159+0000] {processor.py:179} INFO - Processing /opt/airflow/dags/dbt_dag.py took 0.125 seconds
[2025-11-08T16:36:07.369+0000] {processor.py:157} INFO - Started process (PID=10543) to work on /opt/airflow/dags/dbt_dag.py
[2025-11-08T16:36:07.370+0000] {processor.py:829} INFO - Processing file /opt/airflow/dags/dbt_dag.py for tasks to queue
[2025-11-08T16:36:07.371+0000] {logging_mixin.py:151} INFO - [2025-11-08T16:36:07.371+0000] {dagbag.py:539} INFO - Filling up the DagBag from /opt/airflow/dags/dbt_dag.py
[2025-11-08T16:36:07.398+0000] {processor.py:839} INFO - DAG(s) dict_keys(['dbt_transform']) retrieved from /opt/airflow/dags/dbt_dag.py
[2025-11-08T16:36:07.433+0000] {logging_mixin.py:151} INFO - [2025-11-08T16:36:07.433+0000] {dag.py:2915} INFO - Sync 1 DAGs
[2025-11-08T16:36:07.459+0000] {logging_mixin.py:151} INFO - [2025-11-08T16:36:07.459+0000] {dag.py:3696} INFO - Setting next_dagrun for dbt_transform to 2025-11-08T16:35:16.464133+00:00, run_after=2025-11-08T16:40:16.464133+00:00
[2025-11-08T16:36:07.487+0000] {processor.py:179} INFO - Processing /opt/airflow/dags/dbt_dag.py took 0.121 seconds
[2025-11-08T16:36:37.632+0000] {processor.py:157} INFO - Started process (PID=10548) to work on /opt/airflow/dags/dbt_dag.py
[2025-11-08T16:36:37.633+0000] {processor.py:829} INFO - Processing file /opt/airflow/dags/dbt_dag.py for tasks to queue
[2025-11-08T16:36:37.635+0000] {logging_mixin.py:151} INFO - [2025-11-08T16:36:37.635+0000] {dagbag.py:539} INFO - Filling up the DagBag from /opt/airflow/dags/dbt_dag.py
[2025-11-08T16:36:37.689+0000] {processor.py:839} INFO - DAG(s) dict_keys(['dbt_transform']) retrieved from /opt/airflow/dags/dbt_dag.py
[2025-11-08T16:36:37.757+0000] {logging_mixin.py:151} INFO - [2025-11-08T16:36:37.757+0000] {dag.py:2915} INFO - Sync 1 DAGs
[2025-11-08T16:36:37.804+0000] {logging_mixin.py:151} INFO - [2025-11-08T16:36:37.803+0000] {dag.py:3696} INFO - Setting next_dagrun for dbt_transform to 2025-11-08T16:35:16.464133+00:00, run_after=2025-11-08T16:40:16.464133+00:00
[2025-11-08T16:36:37.854+0000] {processor.py:179} INFO - Processing /opt/airflow/dags/dbt_dag.py took 0.229 seconds
[2025-11-08T16:37:08.129+0000] {processor.py:157} INFO - Started process (PID=10553) to work on /opt/airflow/dags/dbt_dag.py
[2025-11-08T16:37:08.131+0000] {processor.py:829} INFO - Processing file /opt/airflow/dags/dbt_dag.py for tasks to queue
[2025-11-08T16:37:08.134+0000] {logging_mixin.py:151} INFO - [2025-11-08T16:37:08.133+0000] {dagbag.py:539} INFO - Filling up the DagBag from /opt/airflow/dags/dbt_dag.py
[2025-11-08T16:37:08.190+0000] {processor.py:839} INFO - DAG(s) dict_keys(['dbt_transform']) retrieved from /opt/airflow/dags/dbt_dag.py
[2025-11-08T16:37:08.270+0000] {logging_mixin.py:151} INFO - [2025-11-08T16:37:08.270+0000] {dag.py:2915} INFO - Sync 1 DAGs
[2025-11-08T16:37:08.331+0000] {logging_mixin.py:151} INFO - [2025-11-08T16:37:08.330+0000] {dag.py:3696} INFO - Setting next_dagrun for dbt_transform to 2025-11-08T16:35:16.464133+00:00, run_after=2025-11-08T16:40:16.464133+00:00
[2025-11-08T16:37:08.379+0000] {processor.py:179} INFO - Processing /opt/airflow/dags/dbt_dag.py took 0.261 seconds
[2025-11-08T16:37:38.487+0000] {processor.py:157} INFO - Started process (PID=10558) to work on /opt/airflow/dags/dbt_dag.py
[2025-11-08T16:37:38.489+0000] {processor.py:829} INFO - Processing file /opt/airflow/dags/dbt_dag.py for tasks to queue
[2025-11-08T16:37:38.491+0000] {logging_mixin.py:151} INFO - [2025-11-08T16:37:38.490+0000] {dagbag.py:539} INFO - Filling up the DagBag from /opt/airflow/dags/dbt_dag.py
[2025-11-08T16:37:38.537+0000] {processor.py:839} INFO - DAG(s) dict_keys(['dbt_transform']) retrieved from /opt/airflow/dags/dbt_dag.py
[2025-11-08T16:37:38.600+0000] {logging_mixin.py:151} INFO - [2025-11-08T16:37:38.599+0000] {dag.py:2915} INFO - Sync 1 DAGs
[2025-11-08T16:37:38.653+0000] {logging_mixin.py:151} INFO - [2025-11-08T16:37:38.653+0000] {dag.py:3696} INFO - Setting next_dagrun for dbt_transform to 2025-11-08T16:35:16.464133+00:00, run_after=2025-11-08T16:40:16.464133+00:00
[2025-11-08T16:37:38.696+0000] {processor.py:179} INFO - Processing /opt/airflow/dags/dbt_dag.py took 0.220 seconds
[2025-11-08T16:38:09.010+0000] {processor.py:157} INFO - Started process (PID=10563) to work on /opt/airflow/dags/dbt_dag.py
[2025-11-08T16:38:09.012+0000] {processor.py:829} INFO - Processing file /opt/airflow/dags/dbt_dag.py for tasks to queue
[2025-11-08T16:38:09.013+0000] {logging_mixin.py:151} INFO - [2025-11-08T16:38:09.013+0000] {dagbag.py:539} INFO - Filling up the DagBag from /opt/airflow/dags/dbt_dag.py
[2025-11-08T16:38:09.055+0000] {processor.py:839} INFO - DAG(s) dict_keys(['dbt_transform']) retrieved from /opt/airflow/dags/dbt_dag.py
[2025-11-08T16:38:09.114+0000] {logging_mixin.py:151} INFO - [2025-11-08T16:38:09.114+0000] {dag.py:2915} INFO - Sync 1 DAGs
[2025-11-08T16:38:09.153+0000] {logging_mixin.py:151} INFO - [2025-11-08T16:38:09.153+0000] {dag.py:3696} INFO - Setting next_dagrun for dbt_transform to 2025-11-08T16:35:16.464133+00:00, run_after=2025-11-08T16:40:16.464133+00:00
[2025-11-08T16:38:09.196+0000] {processor.py:179} INFO - Processing /opt/airflow/dags/dbt_dag.py took 0.191 seconds
[2025-11-08T16:38:39.353+0000] {processor.py:157} INFO - Started process (PID=10568) to work on /opt/airflow/dags/dbt_dag.py
[2025-11-08T16:38:39.355+0000] {processor.py:829} INFO - Processing file /opt/airflow/dags/dbt_dag.py for tasks to queue
[2025-11-08T16:38:39.357+0000] {logging_mixin.py:151} INFO - [2025-11-08T16:38:39.356+0000] {dagbag.py:539} INFO - Filling up the DagBag from /opt/airflow/dags/dbt_dag.py
[2025-11-08T16:38:39.407+0000] {processor.py:839} INFO - DAG(s) dict_keys(['dbt_transform']) retrieved from /opt/airflow/dags/dbt_dag.py
[2025-11-08T16:38:39.483+0000] {logging_mixin.py:151} INFO - [2025-11-08T16:38:39.482+0000] {dag.py:2915} INFO - Sync 1 DAGs
[2025-11-08T16:38:39.535+0000] {logging_mixin.py:151} INFO - [2025-11-08T16:38:39.535+0000] {dag.py:3696} INFO - Setting next_dagrun for dbt_transform to 2025-11-08T16:35:16.464133+00:00, run_after=2025-11-08T16:40:16.464133+00:00
[2025-11-08T16:38:39.595+0000] {processor.py:179} INFO - Processing /opt/airflow/dags/dbt_dag.py took 0.250 seconds
[2025-11-08T16:39:09.842+0000] {processor.py:157} INFO - Started process (PID=10573) to work on /opt/airflow/dags/dbt_dag.py
[2025-11-08T16:39:09.844+0000] {processor.py:829} INFO - Processing file /opt/airflow/dags/dbt_dag.py for tasks to queue
[2025-11-08T16:39:09.846+0000] {logging_mixin.py:151} INFO - [2025-11-08T16:39:09.845+0000] {dagbag.py:539} INFO - Filling up the DagBag from /opt/airflow/dags/dbt_dag.py
[2025-11-08T16:39:09.894+0000] {processor.py:839} INFO - DAG(s) dict_keys(['dbt_transform']) retrieved from /opt/airflow/dags/dbt_dag.py
[2025-11-08T16:39:09.967+0000] {logging_mixin.py:151} INFO - [2025-11-08T16:39:09.966+0000] {dag.py:2915} INFO - Sync 1 DAGs
[2025-11-08T16:39:10.061+0000] {logging_mixin.py:151} INFO - [2025-11-08T16:39:10.060+0000] {dag.py:3696} INFO - Setting next_dagrun for dbt_transform to 2025-11-08T16:35:16.464133+00:00, run_after=2025-11-08T16:40:16.464133+00:00
[2025-11-08T16:39:10.109+0000] {processor.py:179} INFO - Processing /opt/airflow/dags/dbt_dag.py took 0.277 seconds
[2025-11-08T16:39:40.275+0000] {processor.py:157} INFO - Started process (PID=10578) to work on /opt/airflow/dags/dbt_dag.py
[2025-11-08T16:39:40.277+0000] {processor.py:829} INFO - Processing file /opt/airflow/dags/dbt_dag.py for tasks to queue
[2025-11-08T16:39:40.279+0000] {logging_mixin.py:151} INFO - [2025-11-08T16:39:40.279+0000] {dagbag.py:539} INFO - Filling up the DagBag from /opt/airflow/dags/dbt_dag.py
[2025-11-08T16:39:40.333+0000] {processor.py:839} INFO - DAG(s) dict_keys(['dbt_transform']) retrieved from /opt/airflow/dags/dbt_dag.py
[2025-11-08T16:39:40.418+0000] {logging_mixin.py:151} INFO - [2025-11-08T16:39:40.417+0000] {dag.py:2915} INFO - Sync 1 DAGs
[2025-11-08T16:39:40.470+0000] {logging_mixin.py:151} INFO - [2025-11-08T16:39:40.469+0000] {dag.py:3696} INFO - Setting next_dagrun for dbt_transform to 2025-11-08T16:35:16.464133+00:00, run_after=2025-11-08T16:40:16.464133+00:00
[2025-11-08T16:39:40.531+0000] {processor.py:179} INFO - Processing /opt/airflow/dags/dbt_dag.py took 0.266 seconds
[2025-11-08T16:40:10.783+0000] {processor.py:157} INFO - Started process (PID=10613) to work on /opt/airflow/dags/dbt_dag.py
[2025-11-08T16:40:10.785+0000] {processor.py:829} INFO - Processing file /opt/airflow/dags/dbt_dag.py for tasks to queue
[2025-11-08T16:40:10.787+0000] {logging_mixin.py:151} INFO - [2025-11-08T16:40:10.786+0000] {dagbag.py:539} INFO - Filling up the DagBag from /opt/airflow/dags/dbt_dag.py
[2025-11-08T16:40:10.830+0000] {processor.py:839} INFO - DAG(s) dict_keys(['dbt_transform']) retrieved from /opt/airflow/dags/dbt_dag.py
[2025-11-08T16:40:10.899+0000] {logging_mixin.py:151} INFO - [2025-11-08T16:40:10.899+0000] {dag.py:2915} INFO - Sync 1 DAGs
[2025-11-08T16:40:10.947+0000] {logging_mixin.py:151} INFO - [2025-11-08T16:40:10.947+0000] {dag.py:3696} INFO - Setting next_dagrun for dbt_transform to 2025-11-08T16:35:16.464133+00:00, run_after=2025-11-08T16:40:16.464133+00:00
[2025-11-08T16:40:10.991+0000] {processor.py:179} INFO - Processing /opt/airflow/dags/dbt_dag.py took 0.218 seconds
[2025-11-08T16:40:41.229+0000] {processor.py:157} INFO - Started process (PID=10709) to work on /opt/airflow/dags/dbt_dag.py
[2025-11-08T16:40:41.231+0000] {processor.py:829} INFO - Processing file /opt/airflow/dags/dbt_dag.py for tasks to queue
[2025-11-08T16:40:41.233+0000] {logging_mixin.py:151} INFO - [2025-11-08T16:40:41.232+0000] {dagbag.py:539} INFO - Filling up the DagBag from /opt/airflow/dags/dbt_dag.py
[2025-11-08T16:40:41.293+0000] {processor.py:839} INFO - DAG(s) dict_keys(['dbt_transform']) retrieved from /opt/airflow/dags/dbt_dag.py
[2025-11-08T16:40:41.368+0000] {logging_mixin.py:151} INFO - [2025-11-08T16:40:41.367+0000] {dag.py:2915} INFO - Sync 1 DAGs
[2025-11-08T16:40:41.417+0000] {logging_mixin.py:151} INFO - [2025-11-08T16:40:41.417+0000] {dag.py:3696} INFO - Setting next_dagrun for dbt_transform to 2025-11-08T16:40:36.751932+00:00, run_after=2025-11-08T16:45:36.751932+00:00
[2025-11-08T16:40:41.467+0000] {processor.py:179} INFO - Processing /opt/airflow/dags/dbt_dag.py took 0.246 seconds
[2025-11-08T16:41:11.587+0000] {processor.py:157} INFO - Started process (PID=10727) to work on /opt/airflow/dags/dbt_dag.py
[2025-11-08T16:41:11.589+0000] {processor.py:829} INFO - Processing file /opt/airflow/dags/dbt_dag.py for tasks to queue
[2025-11-08T16:41:11.592+0000] {logging_mixin.py:151} INFO - [2025-11-08T16:41:11.591+0000] {dagbag.py:539} INFO - Filling up the DagBag from /opt/airflow/dags/dbt_dag.py
[2025-11-08T16:41:11.644+0000] {processor.py:839} INFO - DAG(s) dict_keys(['dbt_transform']) retrieved from /opt/airflow/dags/dbt_dag.py
[2025-11-08T16:41:11.717+0000] {logging_mixin.py:151} INFO - [2025-11-08T16:41:11.716+0000] {dag.py:2915} INFO - Sync 1 DAGs
[2025-11-08T16:41:11.778+0000] {logging_mixin.py:151} INFO - [2025-11-08T16:41:11.778+0000] {dag.py:3696} INFO - Setting next_dagrun for dbt_transform to 2025-11-08T16:40:42.265679+00:00, run_after=2025-11-08T16:45:42.265679+00:00
[2025-11-08T16:41:11.826+0000] {processor.py:179} INFO - Processing /opt/airflow/dags/dbt_dag.py took 0.248 seconds
[2025-11-08T16:41:42.111+0000] {processor.py:157} INFO - Started process (PID=10732) to work on /opt/airflow/dags/dbt_dag.py
[2025-11-08T16:41:42.112+0000] {processor.py:829} INFO - Processing file /opt/airflow/dags/dbt_dag.py for tasks to queue
[2025-11-08T16:41:42.114+0000] {logging_mixin.py:151} INFO - [2025-11-08T16:41:42.113+0000] {dagbag.py:539} INFO - Filling up the DagBag from /opt/airflow/dags/dbt_dag.py
[2025-11-08T16:41:42.153+0000] {processor.py:839} INFO - DAG(s) dict_keys(['dbt_transform']) retrieved from /opt/airflow/dags/dbt_dag.py
[2025-11-08T16:41:42.208+0000] {logging_mixin.py:151} INFO - [2025-11-08T16:41:42.207+0000] {dag.py:2915} INFO - Sync 1 DAGs
[2025-11-08T16:41:42.279+0000] {logging_mixin.py:151} INFO - [2025-11-08T16:41:42.279+0000] {dag.py:3696} INFO - Setting next_dagrun for dbt_transform to 2025-11-08T16:40:42.265679+00:00, run_after=2025-11-08T16:45:42.265679+00:00
[2025-11-08T16:41:42.346+0000] {processor.py:179} INFO - Processing /opt/airflow/dags/dbt_dag.py took 0.243 seconds
[2025-11-08T16:42:12.502+0000] {processor.py:157} INFO - Started process (PID=10737) to work on /opt/airflow/dags/dbt_dag.py
[2025-11-08T16:42:12.504+0000] {processor.py:829} INFO - Processing file /opt/airflow/dags/dbt_dag.py for tasks to queue
[2025-11-08T16:42:12.506+0000] {logging_mixin.py:151} INFO - [2025-11-08T16:42:12.506+0000] {dagbag.py:539} INFO - Filling up the DagBag from /opt/airflow/dags/dbt_dag.py
[2025-11-08T16:42:12.552+0000] {processor.py:839} INFO - DAG(s) dict_keys(['dbt_transform']) retrieved from /opt/airflow/dags/dbt_dag.py
[2025-11-08T16:42:12.617+0000] {logging_mixin.py:151} INFO - [2025-11-08T16:42:12.617+0000] {dag.py:2915} INFO - Sync 1 DAGs
[2025-11-08T16:42:12.681+0000] {logging_mixin.py:151} INFO - [2025-11-08T16:42:12.680+0000] {dag.py:3696} INFO - Setting next_dagrun for dbt_transform to 2025-11-08T16:40:42.265679+00:00, run_after=2025-11-08T16:45:42.265679+00:00
[2025-11-08T16:42:12.736+0000] {processor.py:179} INFO - Processing /opt/airflow/dags/dbt_dag.py took 0.241 seconds
[2025-11-08T16:42:42.979+0000] {processor.py:157} INFO - Started process (PID=10742) to work on /opt/airflow/dags/dbt_dag.py
[2025-11-08T16:42:42.981+0000] {processor.py:829} INFO - Processing file /opt/airflow/dags/dbt_dag.py for tasks to queue
[2025-11-08T16:42:42.983+0000] {logging_mixin.py:151} INFO - [2025-11-08T16:42:42.983+0000] {dagbag.py:539} INFO - Filling up the DagBag from /opt/airflow/dags/dbt_dag.py
[2025-11-08T16:42:43.021+0000] {processor.py:839} INFO - DAG(s) dict_keys(['dbt_transform']) retrieved from /opt/airflow/dags/dbt_dag.py
[2025-11-08T16:42:43.072+0000] {logging_mixin.py:151} INFO - [2025-11-08T16:42:43.071+0000] {dag.py:2915} INFO - Sync 1 DAGs
[2025-11-08T16:42:43.150+0000] {logging_mixin.py:151} INFO - [2025-11-08T16:42:43.149+0000] {dag.py:3696} INFO - Setting next_dagrun for dbt_transform to 2025-11-08T16:40:42.265679+00:00, run_after=2025-11-08T16:45:42.265679+00:00
[2025-11-08T16:42:43.203+0000] {processor.py:179} INFO - Processing /opt/airflow/dags/dbt_dag.py took 0.231 seconds
[2025-11-08T16:43:13.358+0000] {processor.py:157} INFO - Started process (PID=10747) to work on /opt/airflow/dags/dbt_dag.py
[2025-11-08T16:43:13.360+0000] {processor.py:829} INFO - Processing file /opt/airflow/dags/dbt_dag.py for tasks to queue
[2025-11-08T16:43:13.362+0000] {logging_mixin.py:151} INFO - [2025-11-08T16:43:13.362+0000] {dagbag.py:539} INFO - Filling up the DagBag from /opt/airflow/dags/dbt_dag.py
[2025-11-08T16:43:13.407+0000] {processor.py:839} INFO - DAG(s) dict_keys(['dbt_transform']) retrieved from /opt/airflow/dags/dbt_dag.py
[2025-11-08T16:43:13.468+0000] {logging_mixin.py:151} INFO - [2025-11-08T16:43:13.468+0000] {dag.py:2915} INFO - Sync 1 DAGs
[2025-11-08T16:43:13.507+0000] {logging_mixin.py:151} INFO - [2025-11-08T16:43:13.507+0000] {dag.py:3696} INFO - Setting next_dagrun for dbt_transform to 2025-11-08T16:40:42.265679+00:00, run_after=2025-11-08T16:45:42.265679+00:00
[2025-11-08T16:43:13.553+0000] {processor.py:179} INFO - Processing /opt/airflow/dags/dbt_dag.py took 0.206 seconds
[2025-11-08T16:43:43.819+0000] {processor.py:157} INFO - Started process (PID=10752) to work on /opt/airflow/dags/dbt_dag.py
[2025-11-08T16:43:43.820+0000] {processor.py:829} INFO - Processing file /opt/airflow/dags/dbt_dag.py for tasks to queue
[2025-11-08T16:43:43.822+0000] {logging_mixin.py:151} INFO - [2025-11-08T16:43:43.822+0000] {dagbag.py:539} INFO - Filling up the DagBag from /opt/airflow/dags/dbt_dag.py
[2025-11-08T16:43:43.859+0000] {processor.py:839} INFO - DAG(s) dict_keys(['dbt_transform']) retrieved from /opt/airflow/dags/dbt_dag.py
[2025-11-08T16:43:43.912+0000] {logging_mixin.py:151} INFO - [2025-11-08T16:43:43.912+0000] {dag.py:2915} INFO - Sync 1 DAGs
[2025-11-08T16:43:43.957+0000] {logging_mixin.py:151} INFO - [2025-11-08T16:43:43.956+0000] {dag.py:3696} INFO - Setting next_dagrun for dbt_transform to 2025-11-08T16:40:42.265679+00:00, run_after=2025-11-08T16:45:42.265679+00:00
[2025-11-08T16:43:43.998+0000] {processor.py:179} INFO - Processing /opt/airflow/dags/dbt_dag.py took 0.187 seconds
[2025-11-08T16:44:14.144+0000] {processor.py:157} INFO - Started process (PID=10757) to work on /opt/airflow/dags/dbt_dag.py
[2025-11-08T16:44:14.146+0000] {processor.py:829} INFO - Processing file /opt/airflow/dags/dbt_dag.py for tasks to queue
[2025-11-08T16:44:14.148+0000] {logging_mixin.py:151} INFO - [2025-11-08T16:44:14.147+0000] {dagbag.py:539} INFO - Filling up the DagBag from /opt/airflow/dags/dbt_dag.py
[2025-11-08T16:44:14.191+0000] {processor.py:839} INFO - DAG(s) dict_keys(['dbt_transform']) retrieved from /opt/airflow/dags/dbt_dag.py
[2025-11-08T16:44:14.254+0000] {logging_mixin.py:151} INFO - [2025-11-08T16:44:14.254+0000] {dag.py:2915} INFO - Sync 1 DAGs
[2025-11-08T16:44:14.300+0000] {logging_mixin.py:151} INFO - [2025-11-08T16:44:14.299+0000] {dag.py:3696} INFO - Setting next_dagrun for dbt_transform to 2025-11-08T16:40:42.265679+00:00, run_after=2025-11-08T16:45:42.265679+00:00
[2025-11-08T16:44:14.343+0000] {processor.py:179} INFO - Processing /opt/airflow/dags/dbt_dag.py took 0.207 seconds
[2025-11-08T16:44:44.570+0000] {processor.py:157} INFO - Started process (PID=10762) to work on /opt/airflow/dags/dbt_dag.py
[2025-11-08T16:44:44.572+0000] {processor.py:829} INFO - Processing file /opt/airflow/dags/dbt_dag.py for tasks to queue
[2025-11-08T16:44:44.574+0000] {logging_mixin.py:151} INFO - [2025-11-08T16:44:44.574+0000] {dagbag.py:539} INFO - Filling up the DagBag from /opt/airflow/dags/dbt_dag.py
[2025-11-08T16:44:44.610+0000] {processor.py:839} INFO - DAG(s) dict_keys(['dbt_transform']) retrieved from /opt/airflow/dags/dbt_dag.py
[2025-11-08T16:44:44.684+0000] {logging_mixin.py:151} INFO - [2025-11-08T16:44:44.683+0000] {dag.py:2915} INFO - Sync 1 DAGs
[2025-11-08T16:44:44.745+0000] {logging_mixin.py:151} INFO - [2025-11-08T16:44:44.744+0000] {dag.py:3696} INFO - Setting next_dagrun for dbt_transform to 2025-11-08T16:40:42.265679+00:00, run_after=2025-11-08T16:45:42.265679+00:00
[2025-11-08T16:44:44.789+0000] {processor.py:179} INFO - Processing /opt/airflow/dags/dbt_dag.py took 0.225 seconds
[2025-11-08T16:45:14.927+0000] {processor.py:157} INFO - Started process (PID=10767) to work on /opt/airflow/dags/dbt_dag.py
[2025-11-08T16:45:14.930+0000] {processor.py:829} INFO - Processing file /opt/airflow/dags/dbt_dag.py for tasks to queue
[2025-11-08T16:45:14.932+0000] {logging_mixin.py:151} INFO - [2025-11-08T16:45:14.931+0000] {dagbag.py:539} INFO - Filling up the DagBag from /opt/airflow/dags/dbt_dag.py
[2025-11-08T16:45:14.968+0000] {processor.py:839} INFO - DAG(s) dict_keys(['dbt_transform']) retrieved from /opt/airflow/dags/dbt_dag.py
[2025-11-08T16:45:15.025+0000] {logging_mixin.py:151} INFO - [2025-11-08T16:45:15.025+0000] {dag.py:2915} INFO - Sync 1 DAGs
[2025-11-08T16:45:15.067+0000] {logging_mixin.py:151} INFO - [2025-11-08T16:45:15.067+0000] {dag.py:3696} INFO - Setting next_dagrun for dbt_transform to 2025-11-08T16:40:42.265679+00:00, run_after=2025-11-08T16:45:42.265679+00:00
[2025-11-08T16:45:15.132+0000] {processor.py:179} INFO - Processing /opt/airflow/dags/dbt_dag.py took 0.212 seconds
[2025-11-08T16:45:45.360+0000] {processor.py:157} INFO - Started process (PID=10839) to work on /opt/airflow/dags/dbt_dag.py
[2025-11-08T16:45:45.362+0000] {processor.py:829} INFO - Processing file /opt/airflow/dags/dbt_dag.py for tasks to queue
[2025-11-08T16:45:45.364+0000] {logging_mixin.py:151} INFO - [2025-11-08T16:45:45.363+0000] {dagbag.py:539} INFO - Filling up the DagBag from /opt/airflow/dags/dbt_dag.py
[2025-11-08T16:45:45.409+0000] {processor.py:839} INFO - DAG(s) dict_keys(['dbt_transform']) retrieved from /opt/airflow/dags/dbt_dag.py
[2025-11-08T16:45:45.483+0000] {logging_mixin.py:151} INFO - [2025-11-08T16:45:45.483+0000] {dag.py:2915} INFO - Sync 1 DAGs
[2025-11-08T16:45:45.540+0000] {logging_mixin.py:151} INFO - [2025-11-08T16:45:45.540+0000] {dag.py:3696} INFO - Setting next_dagrun for dbt_transform to 2025-11-08T16:45:41.629309+00:00, run_after=2025-11-08T16:50:41.629309+00:00
[2025-11-08T16:45:45.587+0000] {processor.py:179} INFO - Processing /opt/airflow/dags/dbt_dag.py took 0.237 seconds
[2025-11-08T16:46:15.774+0000] {processor.py:157} INFO - Started process (PID=10912) to work on /opt/airflow/dags/dbt_dag.py
[2025-11-08T16:46:15.775+0000] {processor.py:829} INFO - Processing file /opt/airflow/dags/dbt_dag.py for tasks to queue
[2025-11-08T16:46:15.780+0000] {logging_mixin.py:151} INFO - [2025-11-08T16:46:15.777+0000] {dagbag.py:539} INFO - Filling up the DagBag from /opt/airflow/dags/dbt_dag.py
[2025-11-08T16:46:15.818+0000] {processor.py:839} INFO - DAG(s) dict_keys(['dbt_transform']) retrieved from /opt/airflow/dags/dbt_dag.py
[2025-11-08T16:46:15.882+0000] {logging_mixin.py:151} INFO - [2025-11-08T16:46:15.881+0000] {dag.py:2915} INFO - Sync 1 DAGs
[2025-11-08T16:46:15.928+0000] {logging_mixin.py:151} INFO - [2025-11-08T16:46:15.928+0000] {dag.py:3696} INFO - Setting next_dagrun for dbt_transform to 2025-11-08T16:46:07.519552+00:00, run_after=2025-11-08T16:51:07.519552+00:00
[2025-11-08T16:46:15.971+0000] {processor.py:179} INFO - Processing /opt/airflow/dags/dbt_dag.py took 0.207 seconds
[2025-11-08T16:46:46.182+0000] {processor.py:157} INFO - Started process (PID=10917) to work on /opt/airflow/dags/dbt_dag.py
[2025-11-08T16:46:46.184+0000] {processor.py:829} INFO - Processing file /opt/airflow/dags/dbt_dag.py for tasks to queue
[2025-11-08T16:46:46.186+0000] {logging_mixin.py:151} INFO - [2025-11-08T16:46:46.186+0000] {dagbag.py:539} INFO - Filling up the DagBag from /opt/airflow/dags/dbt_dag.py
[2025-11-08T16:46:46.232+0000] {processor.py:839} INFO - DAG(s) dict_keys(['dbt_transform']) retrieved from /opt/airflow/dags/dbt_dag.py
[2025-11-08T16:46:46.299+0000] {logging_mixin.py:151} INFO - [2025-11-08T16:46:46.299+0000] {dag.py:2915} INFO - Sync 1 DAGs
[2025-11-08T16:46:46.349+0000] {logging_mixin.py:151} INFO - [2025-11-08T16:46:46.348+0000] {dag.py:3696} INFO - Setting next_dagrun for dbt_transform to 2025-11-08T16:46:07.519552+00:00, run_after=2025-11-08T16:51:07.519552+00:00
[2025-11-08T16:46:46.396+0000] {processor.py:179} INFO - Processing /opt/airflow/dags/dbt_dag.py took 0.222 seconds
[2025-11-08T16:47:16.576+0000] {processor.py:157} INFO - Started process (PID=10922) to work on /opt/airflow/dags/dbt_dag.py
[2025-11-08T16:47:16.577+0000] {processor.py:829} INFO - Processing file /opt/airflow/dags/dbt_dag.py for tasks to queue
[2025-11-08T16:47:16.579+0000] {logging_mixin.py:151} INFO - [2025-11-08T16:47:16.578+0000] {dagbag.py:539} INFO - Filling up the DagBag from /opt/airflow/dags/dbt_dag.py
[2025-11-08T16:47:16.612+0000] {processor.py:839} INFO - DAG(s) dict_keys(['dbt_transform']) retrieved from /opt/airflow/dags/dbt_dag.py
[2025-11-08T16:47:16.666+0000] {logging_mixin.py:151} INFO - [2025-11-08T16:47:16.666+0000] {dag.py:2915} INFO - Sync 1 DAGs
[2025-11-08T16:47:16.720+0000] {logging_mixin.py:151} INFO - [2025-11-08T16:47:16.719+0000] {dag.py:3696} INFO - Setting next_dagrun for dbt_transform to 2025-11-08T16:46:07.519552+00:00, run_after=2025-11-08T16:51:07.519552+00:00
[2025-11-08T16:47:16.778+0000] {processor.py:179} INFO - Processing /opt/airflow/dags/dbt_dag.py took 0.208 seconds
[2025-11-08T16:47:46.990+0000] {processor.py:157} INFO - Started process (PID=10927) to work on /opt/airflow/dags/dbt_dag.py
[2025-11-08T16:47:46.991+0000] {processor.py:829} INFO - Processing file /opt/airflow/dags/dbt_dag.py for tasks to queue
[2025-11-08T16:47:46.993+0000] {logging_mixin.py:151} INFO - [2025-11-08T16:47:46.992+0000] {dagbag.py:539} INFO - Filling up the DagBag from /opt/airflow/dags/dbt_dag.py
[2025-11-08T16:47:47.035+0000] {processor.py:839} INFO - DAG(s) dict_keys(['dbt_transform']) retrieved from /opt/airflow/dags/dbt_dag.py
[2025-11-08T16:47:47.089+0000] {logging_mixin.py:151} INFO - [2025-11-08T16:47:47.089+0000] {dag.py:2915} INFO - Sync 1 DAGs
[2025-11-08T16:47:47.133+0000] {logging_mixin.py:151} INFO - [2025-11-08T16:47:47.133+0000] {dag.py:3696} INFO - Setting next_dagrun for dbt_transform to 2025-11-08T16:46:07.519552+00:00, run_after=2025-11-08T16:51:07.519552+00:00
[2025-11-08T16:47:47.174+0000] {processor.py:179} INFO - Processing /opt/airflow/dags/dbt_dag.py took 0.190 seconds
[2025-11-08T16:48:17.378+0000] {processor.py:157} INFO - Started process (PID=10932) to work on /opt/airflow/dags/dbt_dag.py
[2025-11-08T16:48:17.380+0000] {processor.py:829} INFO - Processing file /opt/airflow/dags/dbt_dag.py for tasks to queue
[2025-11-08T16:48:17.383+0000] {logging_mixin.py:151} INFO - [2025-11-08T16:48:17.382+0000] {dagbag.py:539} INFO - Filling up the DagBag from /opt/airflow/dags/dbt_dag.py
[2025-11-08T16:48:17.416+0000] {processor.py:839} INFO - DAG(s) dict_keys(['dbt_transform']) retrieved from /opt/airflow/dags/dbt_dag.py
[2025-11-08T16:48:17.470+0000] {logging_mixin.py:151} INFO - [2025-11-08T16:48:17.470+0000] {dag.py:2915} INFO - Sync 1 DAGs
[2025-11-08T16:48:17.517+0000] {logging_mixin.py:151} INFO - [2025-11-08T16:48:17.516+0000] {dag.py:3696} INFO - Setting next_dagrun for dbt_transform to 2025-11-08T16:46:07.519552+00:00, run_after=2025-11-08T16:51:07.519552+00:00
[2025-11-08T16:48:17.554+0000] {processor.py:179} INFO - Processing /opt/airflow/dags/dbt_dag.py took 0.182 seconds
[2025-11-08T16:48:47.720+0000] {processor.py:157} INFO - Started process (PID=10937) to work on /opt/airflow/dags/dbt_dag.py
[2025-11-08T16:48:47.721+0000] {processor.py:829} INFO - Processing file /opt/airflow/dags/dbt_dag.py for tasks to queue
[2025-11-08T16:48:47.722+0000] {logging_mixin.py:151} INFO - [2025-11-08T16:48:47.722+0000] {dagbag.py:539} INFO - Filling up the DagBag from /opt/airflow/dags/dbt_dag.py
[2025-11-08T16:48:47.745+0000] {processor.py:839} INFO - DAG(s) dict_keys(['dbt_transform']) retrieved from /opt/airflow/dags/dbt_dag.py
[2025-11-08T16:48:47.780+0000] {logging_mixin.py:151} INFO - [2025-11-08T16:48:47.779+0000] {dag.py:2915} INFO - Sync 1 DAGs
[2025-11-08T16:48:47.807+0000] {logging_mixin.py:151} INFO - [2025-11-08T16:48:47.806+0000] {dag.py:3696} INFO - Setting next_dagrun for dbt_transform to 2025-11-08T16:46:07.519552+00:00, run_after=2025-11-08T16:51:07.519552+00:00
[2025-11-08T16:48:47.831+0000] {processor.py:179} INFO - Processing /opt/airflow/dags/dbt_dag.py took 0.115 seconds
[2025-11-08T16:49:18.084+0000] {processor.py:157} INFO - Started process (PID=10942) to work on /opt/airflow/dags/dbt_dag.py
[2025-11-08T16:49:18.086+0000] {processor.py:829} INFO - Processing file /opt/airflow/dags/dbt_dag.py for tasks to queue
[2025-11-08T16:49:18.089+0000] {logging_mixin.py:151} INFO - [2025-11-08T16:49:18.087+0000] {dagbag.py:539} INFO - Filling up the DagBag from /opt/airflow/dags/dbt_dag.py
[2025-11-08T16:49:18.123+0000] {processor.py:839} INFO - DAG(s) dict_keys(['dbt_transform']) retrieved from /opt/airflow/dags/dbt_dag.py
[2025-11-08T16:49:18.174+0000] {logging_mixin.py:151} INFO - [2025-11-08T16:49:18.174+0000] {dag.py:2915} INFO - Sync 1 DAGs
[2025-11-08T16:49:18.211+0000] {logging_mixin.py:151} INFO - [2025-11-08T16:49:18.211+0000] {dag.py:3696} INFO - Setting next_dagrun for dbt_transform to 2025-11-08T16:46:07.519552+00:00, run_after=2025-11-08T16:51:07.519552+00:00
[2025-11-08T16:49:18.249+0000] {processor.py:179} INFO - Processing /opt/airflow/dags/dbt_dag.py took 0.169 seconds
[2025-11-08T16:49:48.328+0000] {processor.py:157} INFO - Started process (PID=10947) to work on /opt/airflow/dags/dbt_dag.py
[2025-11-08T16:49:48.329+0000] {processor.py:829} INFO - Processing file /opt/airflow/dags/dbt_dag.py for tasks to queue
[2025-11-08T16:49:48.330+0000] {logging_mixin.py:151} INFO - [2025-11-08T16:49:48.330+0000] {dagbag.py:539} INFO - Filling up the DagBag from /opt/airflow/dags/dbt_dag.py
[2025-11-08T16:49:48.359+0000] {processor.py:839} INFO - DAG(s) dict_keys(['dbt_transform']) retrieved from /opt/airflow/dags/dbt_dag.py
[2025-11-08T16:49:48.397+0000] {logging_mixin.py:151} INFO - [2025-11-08T16:49:48.396+0000] {dag.py:2915} INFO - Sync 1 DAGs
[2025-11-08T16:49:48.427+0000] {logging_mixin.py:151} INFO - [2025-11-08T16:49:48.427+0000] {dag.py:3696} INFO - Setting next_dagrun for dbt_transform to 2025-11-08T16:46:07.519552+00:00, run_after=2025-11-08T16:51:07.519552+00:00
[2025-11-08T16:49:48.453+0000] {processor.py:179} INFO - Processing /opt/airflow/dags/dbt_dag.py took 0.129 seconds
[2025-11-08T16:50:18.515+0000] {processor.py:157} INFO - Started process (PID=10952) to work on /opt/airflow/dags/dbt_dag.py
[2025-11-08T16:50:18.516+0000] {processor.py:829} INFO - Processing file /opt/airflow/dags/dbt_dag.py for tasks to queue
[2025-11-08T16:50:18.518+0000] {logging_mixin.py:151} INFO - [2025-11-08T16:50:18.517+0000] {dagbag.py:539} INFO - Filling up the DagBag from /opt/airflow/dags/dbt_dag.py
[2025-11-08T16:50:18.544+0000] {processor.py:839} INFO - DAG(s) dict_keys(['dbt_transform']) retrieved from /opt/airflow/dags/dbt_dag.py
[2025-11-08T16:50:18.586+0000] {logging_mixin.py:151} INFO - [2025-11-08T16:50:18.586+0000] {dag.py:2915} INFO - Sync 1 DAGs
[2025-11-08T16:50:18.616+0000] {logging_mixin.py:151} INFO - [2025-11-08T16:50:18.616+0000] {dag.py:3696} INFO - Setting next_dagrun for dbt_transform to 2025-11-08T16:46:07.519552+00:00, run_after=2025-11-08T16:51:07.519552+00:00
[2025-11-08T16:50:18.641+0000] {processor.py:179} INFO - Processing /opt/airflow/dags/dbt_dag.py took 0.133 seconds
[2025-11-08T16:50:48.875+0000] {processor.py:157} INFO - Started process (PID=10957) to work on /opt/airflow/dags/dbt_dag.py
[2025-11-08T16:50:48.876+0000] {processor.py:829} INFO - Processing file /opt/airflow/dags/dbt_dag.py for tasks to queue
[2025-11-08T16:50:48.877+0000] {logging_mixin.py:151} INFO - [2025-11-08T16:50:48.876+0000] {dagbag.py:539} INFO - Filling up the DagBag from /opt/airflow/dags/dbt_dag.py
[2025-11-08T16:50:48.903+0000] {processor.py:839} INFO - DAG(s) dict_keys(['dbt_transform']) retrieved from /opt/airflow/dags/dbt_dag.py
[2025-11-08T16:50:48.942+0000] {logging_mixin.py:151} INFO - [2025-11-08T16:50:48.942+0000] {dag.py:2915} INFO - Sync 1 DAGs
[2025-11-08T16:50:48.970+0000] {logging_mixin.py:151} INFO - [2025-11-08T16:50:48.970+0000] {dag.py:3696} INFO - Setting next_dagrun for dbt_transform to 2025-11-08T16:46:07.519552+00:00, run_after=2025-11-08T16:51:07.519552+00:00
[2025-11-08T16:50:48.999+0000] {processor.py:179} INFO - Processing /opt/airflow/dags/dbt_dag.py took 0.129 seconds
[2025-11-08T16:51:19.182+0000] {processor.py:157} INFO - Started process (PID=11052) to work on /opt/airflow/dags/dbt_dag.py
[2025-11-08T16:51:19.184+0000] {processor.py:829} INFO - Processing file /opt/airflow/dags/dbt_dag.py for tasks to queue
[2025-11-08T16:51:19.186+0000] {logging_mixin.py:151} INFO - [2025-11-08T16:51:19.185+0000] {dagbag.py:539} INFO - Filling up the DagBag from /opt/airflow/dags/dbt_dag.py
[2025-11-08T16:51:19.228+0000] {processor.py:839} INFO - DAG(s) dict_keys(['dbt_transform']) retrieved from /opt/airflow/dags/dbt_dag.py
[2025-11-08T16:51:19.293+0000] {logging_mixin.py:151} INFO - [2025-11-08T16:51:19.293+0000] {dag.py:2915} INFO - Sync 1 DAGs
[2025-11-08T16:51:19.339+0000] {logging_mixin.py:151} INFO - [2025-11-08T16:51:19.339+0000] {dag.py:3696} INFO - Setting next_dagrun for dbt_transform to 2025-11-08T16:51:12.939681+00:00, run_after=2025-11-08T16:56:12.939681+00:00
[2025-11-08T16:51:19.384+0000] {processor.py:179} INFO - Processing /opt/airflow/dags/dbt_dag.py took 0.211 seconds
[2025-11-08T16:51:49.550+0000] {processor.py:157} INFO - Started process (PID=11097) to work on /opt/airflow/dags/dbt_dag.py
[2025-11-08T16:51:49.552+0000] {processor.py:829} INFO - Processing file /opt/airflow/dags/dbt_dag.py for tasks to queue
[2025-11-08T16:51:49.554+0000] {logging_mixin.py:151} INFO - [2025-11-08T16:51:49.554+0000] {dagbag.py:539} INFO - Filling up the DagBag from /opt/airflow/dags/dbt_dag.py
[2025-11-08T16:51:49.598+0000] {processor.py:839} INFO - DAG(s) dict_keys(['dbt_transform']) retrieved from /opt/airflow/dags/dbt_dag.py
[2025-11-08T16:51:49.671+0000] {logging_mixin.py:151} INFO - [2025-11-08T16:51:49.671+0000] {dag.py:2915} INFO - Sync 1 DAGs
[2025-11-08T16:51:49.759+0000] {logging_mixin.py:151} INFO - [2025-11-08T16:51:49.758+0000] {dag.py:3696} INFO - Setting next_dagrun for dbt_transform to 2025-11-08T16:51:32.488530+00:00, run_after=2025-11-08T16:56:32.488530+00:00
[2025-11-08T16:51:49.810+0000] {processor.py:179} INFO - Processing /opt/airflow/dags/dbt_dag.py took 0.268 seconds
[2025-11-08T16:52:20.049+0000] {processor.py:157} INFO - Started process (PID=11102) to work on /opt/airflow/dags/dbt_dag.py
[2025-11-08T16:52:20.051+0000] {processor.py:829} INFO - Processing file /opt/airflow/dags/dbt_dag.py for tasks to queue
[2025-11-08T16:52:20.053+0000] {logging_mixin.py:151} INFO - [2025-11-08T16:52:20.052+0000] {dagbag.py:539} INFO - Filling up the DagBag from /opt/airflow/dags/dbt_dag.py
[2025-11-08T16:52:20.091+0000] {processor.py:839} INFO - DAG(s) dict_keys(['dbt_transform']) retrieved from /opt/airflow/dags/dbt_dag.py
[2025-11-08T16:52:20.148+0000] {logging_mixin.py:151} INFO - [2025-11-08T16:52:20.148+0000] {dag.py:2915} INFO - Sync 1 DAGs
[2025-11-08T16:52:20.188+0000] {logging_mixin.py:151} INFO - [2025-11-08T16:52:20.188+0000] {dag.py:3696} INFO - Setting next_dagrun for dbt_transform to 2025-11-08T16:51:32.488530+00:00, run_after=2025-11-08T16:56:32.488530+00:00
[2025-11-08T16:52:20.230+0000] {processor.py:179} INFO - Processing /opt/airflow/dags/dbt_dag.py took 0.188 seconds
[2025-11-08T16:52:50.451+0000] {processor.py:157} INFO - Started process (PID=11107) to work on /opt/airflow/dags/dbt_dag.py
[2025-11-08T16:52:50.454+0000] {processor.py:829} INFO - Processing file /opt/airflow/dags/dbt_dag.py for tasks to queue
[2025-11-08T16:52:50.457+0000] {logging_mixin.py:151} INFO - [2025-11-08T16:52:50.456+0000] {dagbag.py:539} INFO - Filling up the DagBag from /opt/airflow/dags/dbt_dag.py
[2025-11-08T16:52:50.507+0000] {processor.py:839} INFO - DAG(s) dict_keys(['dbt_transform']) retrieved from /opt/airflow/dags/dbt_dag.py
[2025-11-08T16:52:50.588+0000] {logging_mixin.py:151} INFO - [2025-11-08T16:52:50.588+0000] {dag.py:2915} INFO - Sync 1 DAGs
[2025-11-08T16:52:50.705+0000] {logging_mixin.py:151} INFO - [2025-11-08T16:52:50.704+0000] {dag.py:3696} INFO - Setting next_dagrun for dbt_transform to 2025-11-08T16:51:32.488530+00:00, run_after=2025-11-08T16:56:32.488530+00:00
[2025-11-08T16:52:50.757+0000] {processor.py:179} INFO - Processing /opt/airflow/dags/dbt_dag.py took 0.318 seconds
[2025-11-08T16:53:20.889+0000] {processor.py:157} INFO - Started process (PID=11112) to work on /opt/airflow/dags/dbt_dag.py
[2025-11-08T16:53:20.892+0000] {processor.py:829} INFO - Processing file /opt/airflow/dags/dbt_dag.py for tasks to queue
[2025-11-08T16:53:20.895+0000] {logging_mixin.py:151} INFO - [2025-11-08T16:53:20.894+0000] {dagbag.py:539} INFO - Filling up the DagBag from /opt/airflow/dags/dbt_dag.py
[2025-11-08T16:53:20.944+0000] {processor.py:839} INFO - DAG(s) dict_keys(['dbt_transform']) retrieved from /opt/airflow/dags/dbt_dag.py
[2025-11-08T16:53:21.011+0000] {logging_mixin.py:151} INFO - [2025-11-08T16:53:21.011+0000] {dag.py:2915} INFO - Sync 1 DAGs
[2025-11-08T16:53:21.061+0000] {logging_mixin.py:151} INFO - [2025-11-08T16:53:21.060+0000] {dag.py:3696} INFO - Setting next_dagrun for dbt_transform to 2025-11-08T16:51:32.488530+00:00, run_after=2025-11-08T16:56:32.488530+00:00
[2025-11-08T16:53:21.105+0000] {processor.py:179} INFO - Processing /opt/airflow/dags/dbt_dag.py took 0.224 seconds
[2025-11-08T16:53:51.424+0000] {processor.py:157} INFO - Started process (PID=11117) to work on /opt/airflow/dags/dbt_dag.py
[2025-11-08T16:53:51.425+0000] {processor.py:829} INFO - Processing file /opt/airflow/dags/dbt_dag.py for tasks to queue
[2025-11-08T16:53:51.427+0000] {logging_mixin.py:151} INFO - [2025-11-08T16:53:51.426+0000] {dagbag.py:539} INFO - Filling up the DagBag from /opt/airflow/dags/dbt_dag.py
[2025-11-08T16:53:51.456+0000] {processor.py:839} INFO - DAG(s) dict_keys(['dbt_transform']) retrieved from /opt/airflow/dags/dbt_dag.py
[2025-11-08T16:53:51.538+0000] {logging_mixin.py:151} INFO - [2025-11-08T16:53:51.538+0000] {dag.py:2915} INFO - Sync 1 DAGs
[2025-11-08T16:53:51.658+0000] {logging_mixin.py:151} INFO - [2025-11-08T16:53:51.658+0000] {dag.py:3696} INFO - Setting next_dagrun for dbt_transform to 2025-11-08T16:51:32.488530+00:00, run_after=2025-11-08T16:56:32.488530+00:00
[2025-11-08T16:53:51.711+0000] {processor.py:179} INFO - Processing /opt/airflow/dags/dbt_dag.py took 0.291 seconds
[2025-11-08T16:54:22.074+0000] {processor.py:157} INFO - Started process (PID=11122) to work on /opt/airflow/dags/dbt_dag.py
[2025-11-08T16:54:22.077+0000] {processor.py:829} INFO - Processing file /opt/airflow/dags/dbt_dag.py for tasks to queue
[2025-11-08T16:54:22.079+0000] {logging_mixin.py:151} INFO - [2025-11-08T16:54:22.078+0000] {dagbag.py:539} INFO - Filling up the DagBag from /opt/airflow/dags/dbt_dag.py
[2025-11-08T16:54:22.127+0000] {processor.py:839} INFO - DAG(s) dict_keys(['dbt_transform']) retrieved from /opt/airflow/dags/dbt_dag.py
[2025-11-08T16:54:22.179+0000] {logging_mixin.py:151} INFO - [2025-11-08T16:54:22.179+0000] {dag.py:2915} INFO - Sync 1 DAGs
[2025-11-08T16:54:22.217+0000] {logging_mixin.py:151} INFO - [2025-11-08T16:54:22.217+0000] {dag.py:3696} INFO - Setting next_dagrun for dbt_transform to 2025-11-08T16:51:32.488530+00:00, run_after=2025-11-08T16:56:32.488530+00:00
[2025-11-08T16:54:22.247+0000] {processor.py:179} INFO - Processing /opt/airflow/dags/dbt_dag.py took 0.182 seconds
[2025-11-08T16:54:52.352+0000] {processor.py:157} INFO - Started process (PID=11127) to work on /opt/airflow/dags/dbt_dag.py
[2025-11-08T16:54:52.354+0000] {processor.py:829} INFO - Processing file /opt/airflow/dags/dbt_dag.py for tasks to queue
[2025-11-08T16:54:52.358+0000] {logging_mixin.py:151} INFO - [2025-11-08T16:54:52.357+0000] {dagbag.py:539} INFO - Filling up the DagBag from /opt/airflow/dags/dbt_dag.py
[2025-11-08T16:54:52.406+0000] {processor.py:839} INFO - DAG(s) dict_keys(['dbt_transform']) retrieved from /opt/airflow/dags/dbt_dag.py
[2025-11-08T16:54:52.477+0000] {logging_mixin.py:151} INFO - [2025-11-08T16:54:52.477+0000] {dag.py:2915} INFO - Sync 1 DAGs
[2025-11-08T16:54:52.525+0000] {logging_mixin.py:151} INFO - [2025-11-08T16:54:52.525+0000] {dag.py:3696} INFO - Setting next_dagrun for dbt_transform to 2025-11-08T16:51:32.488530+00:00, run_after=2025-11-08T16:56:32.488530+00:00
[2025-11-08T16:54:52.569+0000] {processor.py:179} INFO - Processing /opt/airflow/dags/dbt_dag.py took 0.226 seconds
[2025-11-08T16:55:22.856+0000] {processor.py:157} INFO - Started process (PID=11132) to work on /opt/airflow/dags/dbt_dag.py
[2025-11-08T16:55:22.858+0000] {processor.py:829} INFO - Processing file /opt/airflow/dags/dbt_dag.py for tasks to queue
[2025-11-08T16:55:22.861+0000] {logging_mixin.py:151} INFO - [2025-11-08T16:55:22.860+0000] {dagbag.py:539} INFO - Filling up the DagBag from /opt/airflow/dags/dbt_dag.py
[2025-11-08T16:55:22.906+0000] {processor.py:839} INFO - DAG(s) dict_keys(['dbt_transform']) retrieved from /opt/airflow/dags/dbt_dag.py
[2025-11-08T16:55:22.985+0000] {logging_mixin.py:151} INFO - [2025-11-08T16:55:22.985+0000] {dag.py:2915} INFO - Sync 1 DAGs
[2025-11-08T16:55:23.083+0000] {logging_mixin.py:151} INFO - [2025-11-08T16:55:23.083+0000] {dag.py:3696} INFO - Setting next_dagrun for dbt_transform to 2025-11-08T16:51:32.488530+00:00, run_after=2025-11-08T16:56:32.488530+00:00
[2025-11-08T16:55:23.121+0000] {processor.py:179} INFO - Processing /opt/airflow/dags/dbt_dag.py took 0.271 seconds
[2025-11-08T16:55:53.463+0000] {processor.py:157} INFO - Started process (PID=11137) to work on /opt/airflow/dags/dbt_dag.py
[2025-11-08T16:55:53.465+0000] {processor.py:829} INFO - Processing file /opt/airflow/dags/dbt_dag.py for tasks to queue
[2025-11-08T16:55:53.467+0000] {logging_mixin.py:151} INFO - [2025-11-08T16:55:53.467+0000] {dagbag.py:539} INFO - Filling up the DagBag from /opt/airflow/dags/dbt_dag.py
[2025-11-08T16:55:53.509+0000] {processor.py:839} INFO - DAG(s) dict_keys(['dbt_transform']) retrieved from /opt/airflow/dags/dbt_dag.py
[2025-11-08T16:55:53.572+0000] {logging_mixin.py:151} INFO - [2025-11-08T16:55:53.571+0000] {dag.py:2915} INFO - Sync 1 DAGs
[2025-11-08T16:55:53.615+0000] {logging_mixin.py:151} INFO - [2025-11-08T16:55:53.615+0000] {dag.py:3696} INFO - Setting next_dagrun for dbt_transform to 2025-11-08T16:51:32.488530+00:00, run_after=2025-11-08T16:56:32.488530+00:00
[2025-11-08T16:55:53.658+0000] {processor.py:179} INFO - Processing /opt/airflow/dags/dbt_dag.py took 0.203 seconds
[2025-11-08T16:56:23.978+0000] {processor.py:157} INFO - Started process (PID=11181) to work on /opt/airflow/dags/dbt_dag.py
[2025-11-08T16:56:23.980+0000] {processor.py:829} INFO - Processing file /opt/airflow/dags/dbt_dag.py for tasks to queue
[2025-11-08T16:56:23.982+0000] {logging_mixin.py:151} INFO - [2025-11-08T16:56:23.981+0000] {dagbag.py:539} INFO - Filling up the DagBag from /opt/airflow/dags/dbt_dag.py
[2025-11-08T16:56:24.020+0000] {processor.py:839} INFO - DAG(s) dict_keys(['dbt_transform']) retrieved from /opt/airflow/dags/dbt_dag.py
[2025-11-08T16:56:24.085+0000] {logging_mixin.py:151} INFO - [2025-11-08T16:56:24.084+0000] {dag.py:2915} INFO - Sync 1 DAGs
[2025-11-08T16:56:24.126+0000] {logging_mixin.py:151} INFO - [2025-11-08T16:56:24.125+0000] {dag.py:3696} INFO - Setting next_dagrun for dbt_transform to 2025-11-08T16:56:20.757845+00:00, run_after=2025-11-08T17:01:20.757845+00:00
[2025-11-08T16:56:24.162+0000] {processor.py:179} INFO - Processing /opt/airflow/dags/dbt_dag.py took 0.194 seconds
[2025-11-08T16:56:54.264+0000] {processor.py:157} INFO - Started process (PID=11267) to work on /opt/airflow/dags/dbt_dag.py
[2025-11-08T16:56:54.266+0000] {processor.py:829} INFO - Processing file /opt/airflow/dags/dbt_dag.py for tasks to queue
[2025-11-08T16:56:54.267+0000] {logging_mixin.py:151} INFO - [2025-11-08T16:56:54.267+0000] {dagbag.py:539} INFO - Filling up the DagBag from /opt/airflow/dags/dbt_dag.py
[2025-11-08T16:56:54.301+0000] {processor.py:839} INFO - DAG(s) dict_keys(['dbt_transform']) retrieved from /opt/airflow/dags/dbt_dag.py
[2025-11-08T16:56:54.344+0000] {logging_mixin.py:151} INFO - [2025-11-08T16:56:54.344+0000] {dag.py:2915} INFO - Sync 1 DAGs
[2025-11-08T16:56:54.377+0000] {logging_mixin.py:151} INFO - [2025-11-08T16:56:54.377+0000] {dag.py:3696} INFO - Setting next_dagrun for dbt_transform to 2025-11-08T16:56:47.751147+00:00, run_after=2025-11-08T17:01:47.751147+00:00
[2025-11-08T16:56:54.408+0000] {processor.py:179} INFO - Processing /opt/airflow/dags/dbt_dag.py took 0.150 seconds
[2025-11-08T16:57:24.620+0000] {processor.py:157} INFO - Started process (PID=11287) to work on /opt/airflow/dags/dbt_dag.py
[2025-11-08T16:57:24.622+0000] {processor.py:829} INFO - Processing file /opt/airflow/dags/dbt_dag.py for tasks to queue
[2025-11-08T16:57:24.623+0000] {logging_mixin.py:151} INFO - [2025-11-08T16:57:24.623+0000] {dagbag.py:539} INFO - Filling up the DagBag from /opt/airflow/dags/dbt_dag.py
[2025-11-08T16:57:24.650+0000] {processor.py:839} INFO - DAG(s) dict_keys(['dbt_transform']) retrieved from /opt/airflow/dags/dbt_dag.py
[2025-11-08T16:57:24.689+0000] {logging_mixin.py:151} INFO - [2025-11-08T16:57:24.689+0000] {dag.py:2915} INFO - Sync 1 DAGs
[2025-11-08T16:57:24.716+0000] {logging_mixin.py:151} INFO - [2025-11-08T16:57:24.716+0000] {dag.py:3696} INFO - Setting next_dagrun for dbt_transform to 2025-11-08T16:56:54.939842+00:00, run_after=2025-11-08T17:01:54.939842+00:00
[2025-11-08T16:57:24.745+0000] {processor.py:179} INFO - Processing /opt/airflow/dags/dbt_dag.py took 0.129 seconds
[2025-11-08T16:57:54.808+0000] {processor.py:157} INFO - Started process (PID=11292) to work on /opt/airflow/dags/dbt_dag.py
[2025-11-08T16:57:54.809+0000] {processor.py:829} INFO - Processing file /opt/airflow/dags/dbt_dag.py for tasks to queue
[2025-11-08T16:57:54.810+0000] {logging_mixin.py:151} INFO - [2025-11-08T16:57:54.810+0000] {dagbag.py:539} INFO - Filling up the DagBag from /opt/airflow/dags/dbt_dag.py
[2025-11-08T16:57:54.833+0000] {processor.py:839} INFO - DAG(s) dict_keys(['dbt_transform']) retrieved from /opt/airflow/dags/dbt_dag.py
[2025-11-08T16:57:54.871+0000] {logging_mixin.py:151} INFO - [2025-11-08T16:57:54.870+0000] {dag.py:2915} INFO - Sync 1 DAGs
[2025-11-08T16:57:54.897+0000] {logging_mixin.py:151} INFO - [2025-11-08T16:57:54.896+0000] {dag.py:3696} INFO - Setting next_dagrun for dbt_transform to 2025-11-08T16:56:54.939842+00:00, run_after=2025-11-08T17:01:54.939842+00:00
[2025-11-08T16:57:54.922+0000] {processor.py:179} INFO - Processing /opt/airflow/dags/dbt_dag.py took 0.119 seconds
[2025-11-08T16:58:25.139+0000] {processor.py:157} INFO - Started process (PID=11297) to work on /opt/airflow/dags/dbt_dag.py
[2025-11-08T16:58:25.141+0000] {processor.py:829} INFO - Processing file /opt/airflow/dags/dbt_dag.py for tasks to queue
[2025-11-08T16:58:25.143+0000] {logging_mixin.py:151} INFO - [2025-11-08T16:58:25.143+0000] {dagbag.py:539} INFO - Filling up the DagBag from /opt/airflow/dags/dbt_dag.py
[2025-11-08T16:58:25.181+0000] {processor.py:839} INFO - DAG(s) dict_keys(['dbt_transform']) retrieved from /opt/airflow/dags/dbt_dag.py
[2025-11-08T16:58:25.244+0000] {logging_mixin.py:151} INFO - [2025-11-08T16:58:25.243+0000] {dag.py:2915} INFO - Sync 1 DAGs
[2025-11-08T16:58:25.326+0000] {logging_mixin.py:151} INFO - [2025-11-08T16:58:25.325+0000] {dag.py:3696} INFO - Setting next_dagrun for dbt_transform to 2025-11-08T16:56:54.939842+00:00, run_after=2025-11-08T17:01:54.939842+00:00
[2025-11-08T16:58:25.387+0000] {processor.py:179} INFO - Processing /opt/airflow/dags/dbt_dag.py took 0.255 seconds
[2025-11-08T16:58:55.725+0000] {processor.py:157} INFO - Started process (PID=11302) to work on /opt/airflow/dags/dbt_dag.py
[2025-11-08T16:58:55.726+0000] {processor.py:829} INFO - Processing file /opt/airflow/dags/dbt_dag.py for tasks to queue
[2025-11-08T16:58:55.727+0000] {logging_mixin.py:151} INFO - [2025-11-08T16:58:55.727+0000] {dagbag.py:539} INFO - Filling up the DagBag from /opt/airflow/dags/dbt_dag.py
[2025-11-08T16:58:55.766+0000] {processor.py:839} INFO - DAG(s) dict_keys(['dbt_transform']) retrieved from /opt/airflow/dags/dbt_dag.py
[2025-11-08T16:58:55.832+0000] {logging_mixin.py:151} INFO - [2025-11-08T16:58:55.832+0000] {dag.py:2915} INFO - Sync 1 DAGs
[2025-11-08T16:58:55.883+0000] {logging_mixin.py:151} INFO - [2025-11-08T16:58:55.882+0000] {dag.py:3696} INFO - Setting next_dagrun for dbt_transform to 2025-11-08T16:56:54.939842+00:00, run_after=2025-11-08T17:01:54.939842+00:00
[2025-11-08T16:58:55.925+0000] {processor.py:179} INFO - Processing /opt/airflow/dags/dbt_dag.py took 0.208 seconds
[2025-11-08T16:59:26.255+0000] {processor.py:157} INFO - Started process (PID=11307) to work on /opt/airflow/dags/dbt_dag.py
[2025-11-08T16:59:26.257+0000] {processor.py:829} INFO - Processing file /opt/airflow/dags/dbt_dag.py for tasks to queue
[2025-11-08T16:59:26.258+0000] {logging_mixin.py:151} INFO - [2025-11-08T16:59:26.257+0000] {dagbag.py:539} INFO - Filling up the DagBag from /opt/airflow/dags/dbt_dag.py
[2025-11-08T16:59:26.296+0000] {processor.py:839} INFO - DAG(s) dict_keys(['dbt_transform']) retrieved from /opt/airflow/dags/dbt_dag.py
[2025-11-08T16:59:26.348+0000] {logging_mixin.py:151} INFO - [2025-11-08T16:59:26.347+0000] {dag.py:2915} INFO - Sync 1 DAGs
[2025-11-08T16:59:26.386+0000] {logging_mixin.py:151} INFO - [2025-11-08T16:59:26.386+0000] {dag.py:3696} INFO - Setting next_dagrun for dbt_transform to 2025-11-08T16:56:54.939842+00:00, run_after=2025-11-08T17:01:54.939842+00:00
[2025-11-08T16:59:26.419+0000] {processor.py:179} INFO - Processing /opt/airflow/dags/dbt_dag.py took 0.171 seconds
[2025-11-08T16:59:56.512+0000] {processor.py:157} INFO - Started process (PID=11312) to work on /opt/airflow/dags/dbt_dag.py
[2025-11-08T16:59:56.514+0000] {processor.py:829} INFO - Processing file /opt/airflow/dags/dbt_dag.py for tasks to queue
[2025-11-08T16:59:56.516+0000] {logging_mixin.py:151} INFO - [2025-11-08T16:59:56.515+0000] {dagbag.py:539} INFO - Filling up the DagBag from /opt/airflow/dags/dbt_dag.py
[2025-11-08T16:59:56.548+0000] {processor.py:839} INFO - DAG(s) dict_keys(['dbt_transform']) retrieved from /opt/airflow/dags/dbt_dag.py
[2025-11-08T16:59:56.596+0000] {logging_mixin.py:151} INFO - [2025-11-08T16:59:56.595+0000] {dag.py:2915} INFO - Sync 1 DAGs
[2025-11-08T16:59:56.634+0000] {logging_mixin.py:151} INFO - [2025-11-08T16:59:56.634+0000] {dag.py:3696} INFO - Setting next_dagrun for dbt_transform to 2025-11-08T16:56:54.939842+00:00, run_after=2025-11-08T17:01:54.939842+00:00
[2025-11-08T16:59:56.674+0000] {processor.py:179} INFO - Processing /opt/airflow/dags/dbt_dag.py took 0.168 seconds
[2025-11-08T17:00:27.001+0000] {processor.py:157} INFO - Started process (PID=11317) to work on /opt/airflow/dags/dbt_dag.py
[2025-11-08T17:00:27.002+0000] {processor.py:829} INFO - Processing file /opt/airflow/dags/dbt_dag.py for tasks to queue
[2025-11-08T17:00:27.004+0000] {logging_mixin.py:151} INFO - [2025-11-08T17:00:27.003+0000] {dagbag.py:539} INFO - Filling up the DagBag from /opt/airflow/dags/dbt_dag.py
[2025-11-08T17:00:27.038+0000] {processor.py:839} INFO - DAG(s) dict_keys(['dbt_transform']) retrieved from /opt/airflow/dags/dbt_dag.py
[2025-11-08T17:00:27.086+0000] {logging_mixin.py:151} INFO - [2025-11-08T17:00:27.086+0000] {dag.py:2915} INFO - Sync 1 DAGs
[2025-11-08T17:00:27.125+0000] {logging_mixin.py:151} INFO - [2025-11-08T17:00:27.124+0000] {dag.py:3696} INFO - Setting next_dagrun for dbt_transform to 2025-11-08T16:56:54.939842+00:00, run_after=2025-11-08T17:01:54.939842+00:00
[2025-11-08T17:00:27.162+0000] {processor.py:179} INFO - Processing /opt/airflow/dags/dbt_dag.py took 0.167 seconds
[2025-11-08T17:00:57.304+0000] {processor.py:157} INFO - Started process (PID=11322) to work on /opt/airflow/dags/dbt_dag.py
[2025-11-08T17:00:57.307+0000] {processor.py:829} INFO - Processing file /opt/airflow/dags/dbt_dag.py for tasks to queue
[2025-11-08T17:00:57.310+0000] {logging_mixin.py:151} INFO - [2025-11-08T17:00:57.309+0000] {dagbag.py:539} INFO - Filling up the DagBag from /opt/airflow/dags/dbt_dag.py
[2025-11-08T17:00:57.361+0000] {processor.py:839} INFO - DAG(s) dict_keys(['dbt_transform']) retrieved from /opt/airflow/dags/dbt_dag.py
[2025-11-08T17:00:57.441+0000] {logging_mixin.py:151} INFO - [2025-11-08T17:00:57.440+0000] {dag.py:2915} INFO - Sync 1 DAGs
[2025-11-08T17:00:57.595+0000] {logging_mixin.py:151} INFO - [2025-11-08T17:00:57.594+0000] {dag.py:3696} INFO - Setting next_dagrun for dbt_transform to 2025-11-08T16:56:54.939842+00:00, run_after=2025-11-08T17:01:54.939842+00:00
[2025-11-08T17:00:57.648+0000] {processor.py:179} INFO - Processing /opt/airflow/dags/dbt_dag.py took 0.354 seconds
[2025-11-08T17:01:27.973+0000] {processor.py:157} INFO - Started process (PID=11327) to work on /opt/airflow/dags/dbt_dag.py
[2025-11-08T17:01:27.975+0000] {processor.py:829} INFO - Processing file /opt/airflow/dags/dbt_dag.py for tasks to queue
[2025-11-08T17:01:27.977+0000] {logging_mixin.py:151} INFO - [2025-11-08T17:01:27.977+0000] {dagbag.py:539} INFO - Filling up the DagBag from /opt/airflow/dags/dbt_dag.py
[2025-11-08T17:01:28.046+0000] {processor.py:839} INFO - DAG(s) dict_keys(['dbt_transform']) retrieved from /opt/airflow/dags/dbt_dag.py
[2025-11-08T17:01:28.128+0000] {logging_mixin.py:151} INFO - [2025-11-08T17:01:28.127+0000] {dag.py:2915} INFO - Sync 1 DAGs
[2025-11-08T17:01:28.185+0000] {logging_mixin.py:151} INFO - [2025-11-08T17:01:28.184+0000] {dag.py:3696} INFO - Setting next_dagrun for dbt_transform to 2025-11-08T16:56:54.939842+00:00, run_after=2025-11-08T17:01:54.939842+00:00
[2025-11-08T17:01:28.235+0000] {processor.py:179} INFO - Processing /opt/airflow/dags/dbt_dag.py took 0.270 seconds
[2025-11-08T17:01:58.601+0000] {processor.py:157} INFO - Started process (PID=11396) to work on /opt/airflow/dags/dbt_dag.py
[2025-11-08T17:01:58.603+0000] {processor.py:829} INFO - Processing file /opt/airflow/dags/dbt_dag.py for tasks to queue
[2025-11-08T17:01:58.606+0000] {logging_mixin.py:151} INFO - [2025-11-08T17:01:58.605+0000] {dagbag.py:539} INFO - Filling up the DagBag from /opt/airflow/dags/dbt_dag.py
[2025-11-08T17:01:58.638+0000] {processor.py:839} INFO - DAG(s) dict_keys(['dbt_transform']) retrieved from /opt/airflow/dags/dbt_dag.py
[2025-11-08T17:01:58.691+0000] {logging_mixin.py:151} INFO - [2025-11-08T17:01:58.690+0000] {dag.py:2915} INFO - Sync 1 DAGs
[2025-11-08T17:01:58.731+0000] {logging_mixin.py:151} INFO - [2025-11-08T17:01:58.731+0000] {dag.py:3696} INFO - Setting next_dagrun for dbt_transform to 2025-11-08T17:01:50.755451+00:00, run_after=2025-11-08T17:06:50.755451+00:00
[2025-11-08T17:01:58.770+0000] {processor.py:179} INFO - Processing /opt/airflow/dags/dbt_dag.py took 0.176 seconds
[2025-11-08T17:02:28.884+0000] {processor.py:157} INFO - Started process (PID=11466) to work on /opt/airflow/dags/dbt_dag.py
[2025-11-08T17:02:28.886+0000] {processor.py:829} INFO - Processing file /opt/airflow/dags/dbt_dag.py for tasks to queue
[2025-11-08T17:02:28.889+0000] {logging_mixin.py:151} INFO - [2025-11-08T17:02:28.888+0000] {dagbag.py:539} INFO - Filling up the DagBag from /opt/airflow/dags/dbt_dag.py
[2025-11-08T17:02:28.930+0000] {processor.py:839} INFO - DAG(s) dict_keys(['dbt_transform']) retrieved from /opt/airflow/dags/dbt_dag.py
[2025-11-08T17:02:28.988+0000] {logging_mixin.py:151} INFO - [2025-11-08T17:02:28.987+0000] {dag.py:2915} INFO - Sync 1 DAGs
[2025-11-08T17:02:29.029+0000] {logging_mixin.py:151} INFO - [2025-11-08T17:02:29.028+0000] {dag.py:3696} INFO - Setting next_dagrun for dbt_transform to 2025-11-08T17:02:16.578512+00:00, run_after=2025-11-08T17:07:16.578512+00:00
[2025-11-08T17:02:29.067+0000] {processor.py:179} INFO - Processing /opt/airflow/dags/dbt_dag.py took 0.193 seconds
[2025-11-08T17:02:59.347+0000] {processor.py:157} INFO - Started process (PID=11471) to work on /opt/airflow/dags/dbt_dag.py
[2025-11-08T17:02:59.349+0000] {processor.py:829} INFO - Processing file /opt/airflow/dags/dbt_dag.py for tasks to queue
[2025-11-08T17:02:59.350+0000] {logging_mixin.py:151} INFO - [2025-11-08T17:02:59.350+0000] {dagbag.py:539} INFO - Filling up the DagBag from /opt/airflow/dags/dbt_dag.py
[2025-11-08T17:02:59.393+0000] {processor.py:839} INFO - DAG(s) dict_keys(['dbt_transform']) retrieved from /opt/airflow/dags/dbt_dag.py
[2025-11-08T17:02:59.443+0000] {logging_mixin.py:151} INFO - [2025-11-08T17:02:59.442+0000] {dag.py:2915} INFO - Sync 1 DAGs
[2025-11-08T17:02:59.503+0000] {logging_mixin.py:151} INFO - [2025-11-08T17:02:59.502+0000] {dag.py:3696} INFO - Setting next_dagrun for dbt_transform to 2025-11-08T17:02:16.578512+00:00, run_after=2025-11-08T17:07:16.578512+00:00
[2025-11-08T17:02:59.556+0000] {processor.py:179} INFO - Processing /opt/airflow/dags/dbt_dag.py took 0.214 seconds
[2025-11-08T17:03:29.659+0000] {processor.py:157} INFO - Started process (PID=11476) to work on /opt/airflow/dags/dbt_dag.py
[2025-11-08T17:03:29.660+0000] {processor.py:829} INFO - Processing file /opt/airflow/dags/dbt_dag.py for tasks to queue
[2025-11-08T17:03:29.662+0000] {logging_mixin.py:151} INFO - [2025-11-08T17:03:29.661+0000] {dagbag.py:539} INFO - Filling up the DagBag from /opt/airflow/dags/dbt_dag.py
[2025-11-08T17:03:29.693+0000] {processor.py:839} INFO - DAG(s) dict_keys(['dbt_transform']) retrieved from /opt/airflow/dags/dbt_dag.py
[2025-11-08T17:03:29.769+0000] {logging_mixin.py:151} INFO - [2025-11-08T17:03:29.768+0000] {dag.py:2915} INFO - Sync 1 DAGs
[2025-11-08T17:03:29.859+0000] {logging_mixin.py:151} INFO - [2025-11-08T17:03:29.859+0000] {dag.py:3696} INFO - Setting next_dagrun for dbt_transform to 2025-11-08T17:02:16.578512+00:00, run_after=2025-11-08T17:07:16.578512+00:00
[2025-11-08T17:03:29.901+0000] {processor.py:179} INFO - Processing /opt/airflow/dags/dbt_dag.py took 0.251 seconds
[2025-11-08T17:04:00.078+0000] {processor.py:157} INFO - Started process (PID=11481) to work on /opt/airflow/dags/dbt_dag.py
[2025-11-08T17:04:00.080+0000] {processor.py:829} INFO - Processing file /opt/airflow/dags/dbt_dag.py for tasks to queue
[2025-11-08T17:04:00.081+0000] {logging_mixin.py:151} INFO - [2025-11-08T17:04:00.080+0000] {dagbag.py:539} INFO - Filling up the DagBag from /opt/airflow/dags/dbt_dag.py
[2025-11-08T17:04:00.104+0000] {processor.py:839} INFO - DAG(s) dict_keys(['dbt_transform']) retrieved from /opt/airflow/dags/dbt_dag.py
[2025-11-08T17:04:00.139+0000] {logging_mixin.py:151} INFO - [2025-11-08T17:04:00.139+0000] {dag.py:2915} INFO - Sync 1 DAGs
[2025-11-08T17:04:00.165+0000] {logging_mixin.py:151} INFO - [2025-11-08T17:04:00.165+0000] {dag.py:3696} INFO - Setting next_dagrun for dbt_transform to 2025-11-08T17:02:16.578512+00:00, run_after=2025-11-08T17:07:16.578512+00:00
[2025-11-08T17:04:00.189+0000] {processor.py:179} INFO - Processing /opt/airflow/dags/dbt_dag.py took 0.115 seconds
